Hour,Region,AvailableRenewable_MW,Total_Load_MW,ElectricityPrice_CNY_per_MWh,SellPrice_CNY_per_MWh,CarbonIntensity_tCO2_per_MWh,ChargePower_MW,DischargePower_MW,SOC_MWh,RenewableToLoad_MW,RenewableCharge_MW,GridCharge_MW,GridPurchase_MW,GridLoadPurchase_MW,GridSell_MW,Curtailment_MW,NetGridImport_MW,GridEnergyForCost_MW
0,RegionA,540.1900000000,499.1490004500,468.0000000000,0.0000000000,0.6679000000,0.0000000000,0.0000000000,157.5000000000,499.1490004500,0.0000000000,0.0000000000,0.0000000000,0.0000000000,0.0000000000,41.0409995500,0.0000000000,0.0000000000
1,RegionA,587.8700000000,535.4235000000,468.3100000000,0.0000000000,0.6703000000,0.0000000000,0.0000000000,157.5000000000,535.4235000000,0.0000000000,0.0000000000,0.0000000000,0.0000000000,0.0000000000,52.4465000000,0.0000000000,0.0000000000
2,RegionA,650.0000000000,544.3200000000,468.6100000000,0.0000000000,0.6693000000,0.0000000000,0.0000000000,157.5000000000,544.3200000000,0.0000000000,0.0000000000,0.0000000000,0.0000000000,0.0000000000,105.6800000000,0.0000000000,0.0000000000
3,RegionA,722.3500000000,544.3200000000,468.9100000000,0.0000000000,0.6650000000,0.0000000000,0.0000000000,157.5000000000,544.3200000000,0.0000000000,0.0000000000,0.0000000000,0.0000000000,0.0000000000,178.0300000000,0.0000000000,0.0000000000
4,RegionA,800.0000000000,544.3199995500,469.2200000000,0.0000000000,0.6578000000,0.0000000000,0.0000000000,157.5000000000,544.3199995500,0.0000000000,0.0000000000,0.0000000000,0.0000000000,0.0000000000,255.6800004500,0.0000000000,0.0000000000
5,RegionA,877.6500000000,544.3200000000,469.5200000000,0.0000000000,0.6483000000,0.0000000000,0.0000000000,157.5000000000,544.3200000000,0.0000000000,0.0000000000,0.0000000000,0.0000000000,0.0000000000,333.3300000000,0.0000000000,0.0000000000
6,RegionA,950.0000000000,544.3200004500,469.8200000000,0.0000000000,0.6370000000,0.0000000000,0.0000000000,157.5000000000,544.3200004500,0.0000000000,0.0000000000,0.0000000000,0.0000000000,0.0000000000,405.6799995500,0.0000000000,0.0000000000
7,RegionA,1012.1300000000,544.3200004500,723.2600000000,0.0000000000,0.6248000000,0.0000000000,0.0000000000,157.5000000000,544.3200004500,0.0000000000,0.0000000000,0.0000000000,0.0000000000,0.0000000000,467.8099995500,0.0000000000,0.0000000000
8,RegionA,1059.8100000000,544.3200000000,723.7100000000,0.0000000000,0.6126000000,0.0000000000,0.0000000000,157.5000000000,544.3200000000,0.0000000000,0.0000000000,0.0000000000,0.0000000000,0.0000000000,515.4900000000,0.0000000000,0.0000000000
9,RegionA,1089.7800000000,544.3199995500,724.1600000000,0.0000000000,0.6013000000,0.0000000000,0.0000000000,157.5000000000,544.3199995500,0.0000000000,0.0000000000,0.0000000000,0.0000000000,0.0000000000,545.4600004500,0.0000000000,0.0000000000
10,RegionA,1100.0000000000,531.7110004500,724.6100000000,0.0000000000,0.5917000000,0.0000000000,0.0000000000,157.5000000000,531.7110004500,0.0000000000,0.0000000000,0.0000000000,0.0000000000,0.0000000000,568.2889995500,0.0000000000,0.0000000000
11,RegionA,1089.7800000000,506.1015000000,725.0400000000,0.0000000000,0.5845000000,0.0000000000,0.0000000000,157.5000000000,506.1015000000,0.0000000000,0.0000000000,0.0000000000,0.0000000000,0.0000000000,583.6785000000,0.0000000000,0.0000000000
12,RegionA,1059.8100000000,466.4789995500,725.4800000000,0.0000000000,0.5802000000,0.0000000000,0.0000000000,157.5000000000,466.4789995500,0.0000000000,0.0000000000,0.0000000000,0.0000000000,0.0000000000,593.3310004500,0.0000000000,0.0000000000
13,RegionA,1012.1300000000,443.6667000000,725.9000000000,0.0000000000,0.5791000000,0.0000000000,0.0000000000,157.5000000000,443.6667000000,0.0000000000,0.0000000000,0.0000000000,0.0000000000,0.0000000000,568.4633000000,0.0000000000,0.0000000000
14,RegionA,950.0000000000,423.0872995500,726.3200000000,0.0000000000,0.5814000000,0.0000000000,0.0000000000,157.5000000000,423.0872995500,0.0000000000,0.0000000000,0.0000000000,0.0000000000,0.0000000000,526.9127004500,0.0000000000,0.0000000000
15,RegionA,877.6500000000,379.0665000000,726.7400000000,0.0000000000,0.5869000000,0.0000000000,0.0000000000,157.5000000000,379.0665000000,0.0000000000,0.0000000000,0.0000000000,0.0000000000,0.0000000000,498.5835000000,0.0000000000,0.0000000000
16,RegionA,800.0000000000,334.0439995500,727.1400000000,0.0000000000,0.5954000000,0.0000000000,0.0000000000,157.5000000000,334.0439995500,0.0000000000,0.0000000000,0.0000000000,0.0000000000,0.0000000000,465.9560004500,0.0000000000,0.0000000000
17,RegionA,722.3500000000,316.9124995500,1054.9200000000,0.0000000000,0.6062000000,0.0000000000,0.0000000000,157.5000000000,316.9124995500,0.0000000000,0.0000000000,0.0000000000,0.0000000000,0.0000000000,405.4375004500,0.0000000000,0.0000000000
18,RegionA,650.0000000000,299.4434995500,1055.4900000000,0.0000000000,0.6188000000,0.0000000000,0.0000000000,157.5000000000,299.4434995500,0.0000000000,0.0000000000,0.0000000000,0.0000000000,0.0000000000,350.5565004500,0.0000000000,0.0000000000
19,RegionA,587.8700000000,386.4914995500,1056.0300000000,0.0000000000,0.6321000000,0.0000000000,0.0000000000,157.5000000000,386.4914995500,0.0000000000,0.0000000000,0.0000000000,0.0000000000,0.0000000000,201.3785004500,0.0000000000,0.0000000000
20,RegionA,540.1900000000,330.8849995500,1056.5600000000,0.0000000000,0.6455000000,0.0000000000,0.0000000000,157.5000000000,330.8849995500,0.0000000000,0.0000000000,0.0000000000,0.0000000000,0.0000000000,209.3050004500,0.0000000000,0.0000000000
21,RegionA,510.2200000000,376.1235000000,1057.0800000000,0.0000000000,0.6580000000,0.0000000000,0.0000000000,157.5000000000,376.1235000000,0.0000000000,0.0000000000,0.0000000000,0.0000000000,0.0000000000,134.0965000000,0.0000000000,0.0000000000
22,RegionA,500.0000000000,388.0034995500,656.4300000000,0.0000000000,0.6687000000,0.0000000000,0.0000000000,157.5000000000,388.0034995500,0.0000000000,0.0000000000,0.0000000000,0.0000000000,0.0000000000,111.9965004500,0.0000000000,0.0000000000
23,RegionA,510.2200000000,408.9284995500,656.7300000000,0.0000000000,0.6771000000,0.0000000000,0.0000000000,157.5000000000,408.9284995500,0.0000000000,0.0000000000,0.0000000000,0.0000000000,0.0000000000,101.2915004500,0.0000000000,0.0000000000
0,RegionB,540.1900000000,458.7435004500,448.5000000000,0.0000000000,0.6248000000,0.0000000000,0.0000000000,144.0000000000,458.7435004500,0.0000000000,0.0000000000,0.0000000000,0.0000000000,0.0000000000,81.4464995500,0.0000000000,0.0000000000
1,RegionB,587.8700000000,527.3369995500,448.7900000000,0.0000000000,0.6271000000,0.0000000000,0.0000000000,144.0000000000,527.3369995500,0.0000000000,0.0000000000,0.0000000000,0.0000000000,0.0000000000,60.5330004500,0.0000000000,0.0000000000
2,RegionB,650.0000000000,531.3599995500,449.0800000000,0.0000000000,0.6261000000,0.0000000000,0.0000000000,144.0000000000,531.3599995500,0.0000000000,0.0000000000,0.0000000000,0.0000000000,0.0000000000,118.6400004500,0.0000000000,0.0000000000
3,RegionB,722.3500000000,531.3600000000,449.3800000000,0.0000000000,0.6221000000,0.0000000000,0.0000000000,144.0000000000,531.3600000000,0.0000000000,0.0000000000,0.0000000000,0.0000000000,0.0000000000,190.9900000000,0.0000000000,0.0000000000
4,RegionB,800.0000000000,531.3600004500,449.6700000000,0.0000000000,0.6154000000,0.0000000000,0.0000000000,144.0000000000,531.3600004500,0.0000000000,0.0000000000,0.0000000000,0.0000000000,0.0000000000,268.6399995500,0.0000000000,0.0000000000
5,RegionB,877.6500000000,531.3599995500,449.9600000000,0.0000000000,0.6064000000,0.0000000000,0.0000000000,144.0000000000,531.3599995500,0.0000000000,0.0000000000,0.0000000000,0.0000000000,0.0000000000,346.2900004500,0.0000000000,0.0000000000
6,RegionB,950.0000000000,531.3600000000,450.2400000000,0.0000000000,0.5959000000,0.0000000000,0.0000000000,144.0000000000,531.3600000000,0.0000000000,0.0000000000,0.0000000000,0.0000000000,0.0000000000,418.6400000000,0.0000000000,0.0000000000
7,RegionB,1012.1300000000,531.3599995500,693.1200000000,0.0000000000,0.5845000000,0.0000000000,0.0000000000,144.0000000000,531.3599995500,0.0000000000,0.0000000000,0.0000000000,0.0000000000,0.0000000000,480.7700004500,0.0000000000,0.0000000000
8,RegionB,1059.8100000000,531.3599995500,693.5600000000,0.0000000000,0.5731000000,0.0000000000,0.0000000000,144.0000000000,531.3599995500,0.0000000000,0.0000000000,0.0000000000,0.0000000000,0.0000000000,528.4500004500,0.0000000000,0.0000000000
9,RegionB,1089.7800000000,531.3600000000,693.9900000000,0.0000000000,0.5625000000,0.0000000000,0.0000000000,144.0000000000,531.3600000000,0.0000000000,0.0000000000,0.0000000000,0.0000000000,0.0000000000,558.4200000000,0.0000000000,0.0000000000
10,RegionB,1100.0000000000,531.3600000000,694.4100000000,0.0000000000,0.5535000000,0.0000000000,0.0000000000,144.0000000000,531.3600000000,0.0000000000,0.0000000000,0.0000000000,0.0000000000,0.0000000000,568.6400000000,0.0000000000,0.0000000000
11,RegionB,1089.7800000000,531.3599995500,694.8300000000,0.0000000000,0.5468000000,0.0000000000,0.0000000000,144.0000000000,531.3599995500,0.0000000000,0.0000000000,0.0000000000,0.0000000000,0.0000000000,558.4200004500,0.0000000000,0.0000000000
12,RegionB,1059.8100000000,482.3819995500,695.2500000000,0.0000000000,0.5427000000,0.0000000000,0.0000000000,144.0000000000,482.3819995500,0.0000000000,0.0000000000,0.0000000000,0.0000000000,0.0000000000,577.4280004500,0.0000000000,0.0000000000
13,RegionB,1012.1300000000,443.2360495500,695.6600000000,0.0000000000,0.5417000000,0.0000000000,0.0000000000,144.0000000000,443.2360495500,0.0000000000,0.0000000000,0.0000000000,0.0000000000,0.0000000000,568.8939504500,0.0000000000,0.0000000000
14,RegionB,950.0000000000,422.4338995500,696.0600000000,0.0000000000,0.5439000000,0.0000000000,0.0000000000,144.0000000000,422.4338995500,0.0000000000,0.0000000000,0.0000000000,0.0000000000,0.0000000000,527.5661004500,0.0000000000,0.0000000000
15,RegionB,877.6500000000,377.5004995500,696.4500000000,0.0000000000,0.5491000000,0.0000000000,0.0000000000,144.0000000000,377.5004995500,0.0000000000,0.0000000000,0.0000000000,0.0000000000,0.0000000000,500.1495004500,0.0000000000,0.0000000000
16,RegionB,800.0000000000,341.6593500000,696.8400000000,0.0000000000,0.5570000000,0.0000000000,0.0000000000,144.0000000000,341.6593500000,0.0000000000,0.0000000000,0.0000000000,0.0000000000,0.0000000000,458.3406500000,0.0000000000,0.0000000000
17,RegionB,722.3500000000,344.7360004500,1010.9700000000,0.0000000000,0.5671000000,0.0000000000,0.0000000000,144.0000000000,344.7360004500,0.0000000000,0.0000000000,0.0000000000,0.0000000000,0.0000000000,377.6139995500,0.0000000000,0.0000000000
18,RegionB,650.0000000000,291.1005004500,1011.5100000000,0.0000000000,0.5788000000,0.0000000000,0.0000000000,144.0000000000,291.1005004500,0.0000000000,0.0000000000,0.0000000000,0.0000000000,0.0000000000,358.8994995500,0.0000000000,0.0000000000
19,RegionB,587.8700000000,336.9734995500,1012.0300000000,0.0000000000,0.5913000000,0.0000000000,0.0000000000,144.0000000000,336.9734995500,0.0000000000,0.0000000000,0.0000000000,0.0000000000,0.0000000000,250.8965004500,0.0000000000,0.0000000000
20,RegionB,540.1900000000,356.0760000000,1012.5400000000,0.0000000000,0.6038000000,0.0000000000,0.0000000000,144.0000000000,356.0760000000,0.0000000000,0.0000000000,0.0000000000,0.0000000000,0.0000000000,184.1140000000,0.0000000000,0.0000000000
21,RegionB,510.2200000000,375.3270000000,1013.0400000000,0.0000000000,0.6155000000,0.0000000000,0.0000000000,144.0000000000,375.3270000000,0.0000000000,0.0000000000,0.0000000000,0.0000000000,0.0000000000,134.8930000000,0.0000000000,0.0000000000
22,RegionB,500.0000000000,423.6299995500,629.0800000000,0.0000000000,0.6256000000,0.0000000000,0.0000000000,144.0000000000,423.6299995500,0.0000000000,0.0000000000,0.0000000000,0.0000000000,0.0000000000,76.3700004500,0.0000000000,0.0000000000
23,RegionB,510.2200000000,444.7440004500,629.3700000000,0.0000000000,0.6334000000,0.0000000000,0.0000000000,144.0000000000,444.7440004500,0.0000000000,0.0000000000,0.0000000000,0.0000000000,0.0000000000,65.4759995500,0.0000000000,0.0000000000
0,RegionC,540.1900000000,468.1097995400,435.5000000000,0.0000000000,0.5925000000,0.0000000000,0.0000000000,135.0000000000,468.1097995400,0.0000000000,0.0000000000,0.0000000000,0.0000000000,0.0000000000,72.0802004600,0.0000000000,0.0000000000
1,RegionC,587.8700000000,536.5440000000,435.7800000000,0.0000000000,0.5946000000,0.0000000000,0.0000000000,135.0000000000,536.5440000000,0.0000000000,0.0000000000,0.0000000000,0.0000000000,0.0000000000,51.3260000000,0.0000000000,0.0000000000
2,RegionC,650.0000000000,536.5440000000,436.0700000000,0.0000000000,0.5937000000,0.0000000000,0.0000000000,135.0000000000,536.5440000000,0.0000000000,0.0000000000,0.0000000000,0.0000000000,0.0000000000,113.4560000000,0.0000000000,0.0000000000
3,RegionC,722.3500000000,536.5440000000,436.3500000000,0.0000000000,0.5900000000,0.0000000000,0.0000000000,135.0000000000,536.5440000000,0.0000000000,0.0000000000,0.0000000000,0.0000000000,0.0000000000,185.8060000000,0.0000000000,0.0000000000
4,RegionC,800.0000000000,536.5440000000,436.6300000000,0.0000000000,0.5836000000,0.0000000000,0.0000000000,135.0000000000,536.5440000000,0.0000000000,0.0000000000,0.0000000000,0.0000000000,0.0000000000,263.4560000000,0.0000000000,0.0000000000
5,RegionC,877.6500000000,536.5439995400,436.9100000000,0.0000000000,0.5751000000,0.0000000000,0.0000000000,135.0000000000,536.5439995400,0.0000000000,0.0000000000,0.0000000000,0.0000000000,0.0000000000,341.1060004600,0.0000000000,0.0000000000
6,RegionC,950.0000000000,536.5440000000,437.1900000000,0.0000000000,0.5651000000,0.0000000000,0.0000000000,135.0000000000,536.5440000000,0.0000000000,0.0000000000,0.0000000000,0.0000000000,0.0000000000,413.4560000000,0.0000000000,0.0000000000
7,RegionC,1012.1300000000,536.5439995400,673.0300000000,0.0000000000,0.5543000000,0.0000000000,0.0000000000,135.0000000000,536.5439995400,0.0000000000,0.0000000000,0.0000000000,0.0000000000,0.0000000000,475.5860004600,0.0000000000,0.0000000000
8,RegionC,1059.8100000000,536.5440004600,673.4500000000,0.0000000000,0.5435000000,0.0000000000,0.0000000000,135.0000000000,536.5440004600,0.0000000000,0.0000000000,0.0000000000,0.0000000000,0.0000000000,523.2659995400,0.0000000000,0.0000000000
9,RegionC,1089.7800000000,536.5440004600,673.8700000000,0.0000000000,0.5334000000,0.0000000000,0.0000000000,135.0000000000,536.5440004600,0.0000000000,0.0000000000,0.0000000000,0.0000000000,0.0000000000,553.2359995400,0.0000000000,0.0000000000
10,RegionC,1100.0000000000,536.5440004600,674.2900000000,0.0000000000,0.5249000000,0.0000000000,0.0000000000,135.0000000000,536.5440004600,0.0000000000,0.0000000000,0.0000000000,0.0000000000,0.0000000000,563.4559995400,0.0000000000,0.0000000000
11,RegionC,1089.7800000000,527.8500000000,674.6900000000,0.0000000000,0.5185000000,0.0000000000,0.0000000000,135.0000000000,527.8500000000,0.0000000000,0.0000000000,0.0000000000,0.0000000000,0.0000000000,561.9300000000,0.0000000000,0.0000000000
12,RegionC,1059.8100000000,474.4163995400,675.1000000000,0.0000000000,0.5147000000,0.0000000000,0.0000000000,135.0000000000,474.4163995400,0.0000000000,0.0000000000,0.0000000000,0.0000000000,0.0000000000,585.3936004600,0.0000000000,0.0000000000
13,RegionC,1012.1300000000,464.8116004600,675.4900000000,0.0000000000,0.5137000000,0.0000000000,0.0000000000,135.0000000000,464.8116004600,0.0000000000,0.0000000000,0.0000000000,0.0000000000,0.0000000000,547.3183995400,0.0000000000,0.0000000000
14,RegionC,950.0000000000,429.9031200000,675.8800000000,0.0000000000,0.5157000000,0.0000000000,0.0000000000,135.0000000000,429.9031200000,0.0000000000,0.0000000000,0.0000000000,0.0000000000,0.0000000000,520.0968800000,0.0000000000,0.0000000000
15,RegionC,877.6500000000,386.5642204600,676.2700000000,0.0000000000,0.5207000000,0.0000000000,0.0000000000,135.0000000000,386.5642204600,0.0000000000,0.0000000000,0.0000000000,0.0000000000,0.0000000000,491.0857795400,0.0000000000,0.0000000000
16,RegionC,800.0000000000,342.1309804600,676.6400000000,0.0000000000,0.5282000000,0.0000000000,0.0000000000,135.0000000000,342.1309804600,0.0000000000,0.0000000000,0.0000000000,0.0000000000,0.0000000000,457.8690195400,0.0000000000,0.0000000000
17,RegionC,722.3500000000,368.8050000000,981.6700000000,0.0000000000,0.5378000000,0.0000000000,0.0000000000,135.0000000000,368.8050000000,0.0000000000,0.0000000000,0.0000000000,0.0000000000,0.0000000000,353.5450000000,0.0000000000,0.0000000000
18,RegionC,650.0000000000,293.0016000000,982.1900000000,0.0000000000,0.5489000000,0.0000000000,0.0000000000,135.0000000000,293.0016000000,0.0000000000,0.0000000000,0.0000000000,0.0000000000,0.0000000000,356.9984000000,0.0000000000,0.0000000000
19,RegionC,587.8700000000,312.7908000000,982.7000000000,0.0000000000,0.5608000000,0.0000000000,0.0000000000,135.0000000000,312.7908000000,0.0000000000,0.0000000000,0.0000000000,0.0000000000,0.0000000000,275.0792000000,0.0000000000,0.0000000000
20,RegionC,540.1900000000,349.6919995400,983.1900000000,0.0000000000,0.5726000000,0.0000000000,0.0000000000,135.0000000000,349.6919995400,0.0000000000,0.0000000000,0.0000000000,0.0000000000,0.0000000000,190.4980004600,0.0000000000,0.0000000000
21,RegionC,510.2200000000,364.5959995400,983.6700000000,0.0000000000,0.5837000000,0.0000000000,0.0000000000,135.0000000000,364.5959995400,0.0000000000,0.0000000000,0.0000000000,0.0000000000,0.0000000000,145.6240004600,0.0000000000,0.0000000000
22,RegionC,500.0000000000,400.5174004600,610.8500000000,0.0000000000,0.5932000000,0.0000000000,0.0000000000,135.0000000000,400.5174004600,0.0000000000,0.0000000000,0.0000000000,0.0000000000,0.0000000000,99.4825995400,0.0000000000,0.0000000000
23,RegionC,510.2200000000,455.6622004600,611.1300000000,0.0000000000,0.6006000000,0.0000000000,0.0000000000,135.0000000000,455.6622004600,0.0000000000,0.0000000000,0.0000000000,0.0000000000,0.0000000000,54.5577995400,0.0000000000,0.0000000000
0,RegionD,540.1900000000,443.3408000000,279.5000000000,218.0100000000,0.4525000000,0.0000000000,0.0000000000,405.0000000000,443.3408000000,0.0000000000,0.0000000000,0.0000000000,0.0000000000,96.8492000000,0.0000000000,-96.8492000000,0.0000000000
1,RegionD,587.8700000000,465.3568000000,279.6800000000,218.1500000000,0.4541000000,0.0000000000,0.0000000000,405.0000000000,465.3568000000,0.0000000000,0.0000000000,0.0000000000,0.0000000000,122.5132000000,0.0000000000,-122.5132000000,0.0000000000
2,RegionD,650.0000000000,526.2080004267,279.8600000000,218.2900000000,0.4534000000,0.0000000000,0.0000000000,405.0000000000,526.2080004267,0.0000000000,0.0000000000,0.0000000000,0.0000000000,123.7919995733,0.0000000000,-123.7919995733,0.0000000000
3,RegionD,722.3500000000,523.9167995733,280.0500000000,218.4400000000,0.4505000000,0.0000000000,0.0000000000,405.0000000000,523.9167995733,0.0000000000,0.0000000000,0.0000000000,0.0000000000,180.0000000000,18.4332004267,-180.0000000000,0.0000000000
4,RegionD,800.0000000000,588.2112004267,280.2300000000,218.5800000000,0.4456000000,0.0000000000,0.0000000000,405.0000000000,588.2112004267,0.0000000000,0.0000000000,0.0000000000,0.0000000000,180.0000000000,31.7887995733,-180.0000000000,0.0000000000
5,RegionD,877.6500000000,589.3631995733,280.4100000000,218.7200000000,0.4391000000,0.0000000000,0.0000000000,405.0000000000,589.3631995733,0.0000000000,0.0000000000,0.0000000000,0.0000000000,180.0000000000,108.2868004267,-180.0000000000,0.0000000000
6,RegionD,950.0000000000,587.3408000000,280.5900000000,218.8600000000,0.4315000000,0.0000000000,0.0000000000,405.0000000000,587.3408000000,0.0000000000,0.0000000000,0.0000000000,0.0000000000,180.0000000000,182.6592000000,-180.0000000000,0.0000000000
7,RegionD,1012.1300000000,607.4111995733,431.9500000000,336.9200000000,0.4233000000,0.0000000000,0.0000000000,405.0000000000,607.4111995733,0.0000000000,0.0000000000,0.0000000000,0.0000000000,180.0000000000,224.7188004267,-180.0000000000,0.0000000000
8,RegionD,1059.8100000000,580.3135995733,432.2200000000,337.1300000000,0.4150000000,0.0000000000,0.0000000000,405.0000000000,580.3135995733,0.0000000000,0.0000000000,0.0000000000,0.0000000000,180.0000000000,299.4964004267,-180.0000000000,0.0000000000
9,RegionD,1089.7800000000,548.3391995733,432.4800000000,337.3300000000,0.4074000000,0.0000000000,0.0000000000,405.0000000000,548.3391995733,0.0000000000,0.0000000000,0.0000000000,0.0000000000,180.0000000000,361.4408004267,-180.0000000000,0.0000000000
10,RegionD,1100.0000000000,541.8367995733,432.7500000000,337.5500000000,0.4008000000,0.0000000000,0.0000000000,405.0000000000,541.8367995733,0.0000000000,0.0000000000,0.0000000000,0.0000000000,180.0000000000,378.1632004267,-180.0000000000,0.0000000000
11,RegionD,1089.7800000000,488.7296000000,433.0100000000,337.7500000000,0.3959000000,0.0000000000,0.0000000000,405.0000000000,488.7296000000,0.0000000000,0.0000000000,0.0000000000,0.0000000000,180.0000000000,421.0504000000,-180.0000000000,0.0000000000
12,RegionD,1059.8100000000,452.1600000000,433.2700000000,337.9500000000,0.3930000000,0.0000000000,0.0000000000,405.0000000000,452.1600000000,0.0000000000,0.0000000000,0.0000000000,0.0000000000,180.0000000000,427.6500000000,-180.0000000000,0.0000000000
13,RegionD,1012.1300000000,453.5424000000,433.5300000000,338.1500000000,0.3923000000,0.0000000000,0.0000000000,405.0000000000,453.5424000000,0.0000000000,0.0000000000,0.0000000000,0.0000000000,180.0000000000,378.5876000000,-180.0000000000,0.0000000000
14,RegionD,950.0000000000,390.1311995733,433.7800000000,338.3500000000,0.3938000000,0.0000000000,0.0000000000,405.0000000000,390.1311995733,0.0000000000,0.0000000000,0.0000000000,0.0000000000,180.0000000000,379.8688004267,-180.0000000000,0.0000000000
15,RegionD,877.6500000000,388.6515195733,434.0200000000,338.5400000000,0.3976000000,0.0000000000,0.0000000000,405.0000000000,388.6515195733,0.0000000000,0.0000000000,0.0000000000,0.0000000000,180.0000000000,308.9984804267,-180.0000000000,0.0000000000
16,RegionD,800.0000000000,334.7840000000,434.2600000000,338.7200000000,0.4033000000,0.0000000000,0.0000000000,405.0000000000,334.7840000000,0.0000000000,0.0000000000,0.0000000000,0.0000000000,180.0000000000,285.2160000000,-180.0000000000,0.0000000000
17,RegionD,722.3500000000,308.6719995733,630.0200000000,491.4200000000,0.4107000000,0.0000000000,0.0000000000,405.0000000000,308.6719995733,0.0000000000,0.0000000000,0.0000000000,0.0000000000,180.0000000000,233.6780004267,-180.0000000000,0.0000000000
18,RegionD,650.0000000000,262.9248000000,630.3600000000,491.6800000000,0.4192000000,0.0000000000,0.0000000000,405.0000000000,262.9248000000,0.0000000000,0.0000000000,0.0000000000,0.0000000000,180.0000000000,207.0752000000,-180.0000000000,0.0000000000
19,RegionD,587.8700000000,293.0944004267,630.6900000000,491.9400000000,0.4282000000,0.0000000000,0.0000000000,405.0000000000,293.0944004267,0.0000000000,0.0000000000,0.0000000000,0.0000000000,180.0000000000,114.7755995733,-180.0000000000,0.0000000000
20,RegionD,540.1900000000,279.1168004267,631.0000000000,492.1800000000,0.4373000000,0.0000000000,0.0000000000,405.0000000000,279.1168004267,0.0000000000,0.0000000000,0.0000000000,0.0000000000,180.0000000000,81.0731995733,-180.0000000000,0.0000000000
21,RegionD,510.2200000000,307.4944000000,631.3100000000,492.4200000000,0.4457000000,0.0000000000,0.0000000000,405.0000000000,307.4944000000,0.0000000000,0.0000000000,0.0000000000,0.0000000000,180.0000000000,22.7256000000,-180.0000000000,0.0000000000
22,RegionD,500.0000000000,349.8240004267,392.0400000000,305.7900000000,0.4530000000,0.0000000000,0.0000000000,405.0000000000,349.8240004267,0.0000000000,0.0000000000,0.0000000000,0.0000000000,150.1759995733,0.0000000000,-150.1759995733,0.0000000000
23,RegionD,510.2200000000,412.6464004267,392.2200000000,305.9300000000,0.4586000000,0.0000000000,0.0000000000,405.0000000000,412.6464004267,0.0000000000,0.0000000000,0.0000000000,0.0000000000,97.5735995733,0.0000000000,-97.5735995733,0.0000000000
0,RegionE,540.1900000000,448.4125000000,247.0000000000,192.6600000000,0.2370000000,0.0000000000,0.0000000000,370.0000000000,448.4125000000,0.0000000000,0.0000000000,0.0000000000,0.0000000000,91.7775000000,0.0000000000,-91.7775000000,0.0000000000
1,RegionE,587.8700000000,497.2374995833,247.1600000000,192.7800000000,0.2378000000,0.0000000000,0.0000000000,370.0000000000,497.2374995833,0.0000000000,0.0000000000,0.0000000000,0.0000000000,90.6325004167,0.0000000000,-90.6325004167,0.0000000000
2,RegionE,650.0000000000,503.4000000000,247.3200000000,192.9100000000,0.2375000000,0.0000000000,0.0000000000,370.0000000000,503.4000000000,0.0000000000,0.0000000000,0.0000000000,0.0000000000,146.6000000000,0.0000000000,-146.6000000000,0.0000000000
3,RegionE,722.3500000000,545.0000000000,247.4800000000,193.0300000000,0.2360000000,0.0000000000,0.0000000000,370.0000000000,545.0000000000,0.0000000000,0.0000000000,0.0000000000,0.0000000000,177.3500000000,0.0000000000,-177.3500000000,0.0000000000
4,RegionE,800.0000000000,556.6874995833,247.6400000000,193.1600000000,0.2334000000,0.0000000000,0.0000000000,370.0000000000,556.6874995833,0.0000000000,0.0000000000,0.0000000000,0.0000000000,220.0000000000,23.3125004167,-220.0000000000,0.0000000000
5,RegionE,877.6500000000,570.3125000000,247.8000000000,193.2800000000,0.2300000000,0.0000000000,0.0000000000,370.0000000000,570.3125000000,0.0000000000,0.0000000000,0.0000000000,0.0000000000,220.0000000000,87.3375000000,-220.0000000000,0.0000000000
6,RegionE,950.0000000000,591.8875004167,247.9600000000,193.4100000000,0.2260000000,0.0000000000,0.0000000000,370.0000000000,591.8875004167,0.0000000000,0.0000000000,0.0000000000,0.0000000000,220.0000000000,138.1124995833,-220.0000000000,0.0000000000
7,RegionE,1012.1300000000,585.0250004167,381.7200000000,297.7400000000,0.2217000000,0.0000000000,0.0000000000,370.0000000000,585.0250004167,0.0000000000,0.0000000000,0.0000000000,0.0000000000,220.0000000000,207.1049995833,-220.0000000000,0.0000000000
8,RegionE,1059.8100000000,549.1500004167,381.9600000000,297.9300000000,0.2174000000,0.0000000000,0.0000000000,370.0000000000,549.1500004167,0.0000000000,0.0000000000,0.0000000000,0.0000000000,220.0000000000,290.6599995833,-220.0000000000,0.0000000000
9,RegionE,1089.7800000000,566.0125000000,382.2000000000,298.1200000000,0.2134000000,0.0000000000,0.0000000000,370.0000000000,566.0125000000,0.0000000000,0.0000000000,0.0000000000,0.0000000000,220.0000000000,303.7675000000,-220.0000000000,0.0000000000
10,RegionE,1100.0000000000,533.0874995833,382.4300000000,298.3000000000,0.2100000000,0.0000000000,0.0000000000,370.0000000000,533.0874995833,0.0000000000,0.0000000000,0.0000000000,0.0000000000,220.0000000000,346.9125004167,-220.0000000000,0.0000000000
11,RegionE,1089.7800000000,452.5875000000,382.6600000000,298.4700000000,0.2074000000,0.0000000000,0.0000000000,370.0000000000,452.5875000000,0.0000000000,0.0000000000,0.0000000000,0.0000000000,220.0000000000,417.1925000000,-220.0000000000,0.0000000000
12,RegionE,1059.8100000000,443.6849995833,382.8900000000,298.6500000000,0.2059000000,0.0000000000,0.0000000000,370.0000000000,443.6849995833,0.0000000000,0.0000000000,0.0000000000,0.0000000000,220.0000000000,396.1250004167,-220.0000000000,0.0000000000
13,RegionE,1012.1300000000,430.6812495833,383.1200000000,298.8300000000,0.2055000000,0.0000000000,0.0000000000,370.0000000000,430.6812495833,0.0000000000,0.0000000000,0.0000000000,0.0000000000,220.0000000000,361.4487504167,-220.0000000000,0.0000000000
14,RegionE,950.0000000000,399.7300000000,383.3400000000,299.0100000000,0.2063000000,0.0000000000,0.0000000000,370.0000000000,399.7300000000,0.0000000000,0.0000000000,0.0000000000,0.0000000000,220.0000000000,330.2700000000,-220.0000000000,0.0000000000
15,RegionE,877.6500000000,371.3024995833,383.5500000000,299.1700000000,0.2083000000,0.0000000000,0.0000000000,370.0000000000,371.3024995833,0.0000000000,0.0000000000,0.0000000000,0.0000000000,220.0000000000,286.3475004167,-220.0000000000,0.0000000000
16,RegionE,800.0000000000,336.3374995833,383.7700000000,299.3400000000,0.2113000000,0.0000000000,0.0000000000,370.0000000000,336.3374995833,0.0000000000,0.0000000000,0.0000000000,0.0000000000,220.0000000000,243.6625004167,-220.0000000000,0.0000000000
17,RegionE,722.3500000000,343.7250000000,556.7700000000,434.2800000000,0.2151000000,0.0000000000,0.0000000000,370.0000000000,343.7250000000,0.0000000000,0.0000000000,0.0000000000,0.0000000000,220.0000000000,158.6250000000,-220.0000000000,0.0000000000
18,RegionE,650.0000000000,278.7624995833,557.0600000000,434.5100000000,0.2196000000,0.0000000000,0.0000000000,370.0000000000,278.7624995833,0.0000000000,0.0000000000,0.0000000000,0.0000000000,220.0000000000,151.2375004167,-220.0000000000,0.0000000000
19,RegionE,587.8700000000,322.8250004167,557.3500000000,434.7300000000,0.2243000000,0.0000000000,0.0000000000,370.0000000000,322.8250004167,0.0000000000,0.0000000000,0.0000000000,0.0000000000,220.0000000000,45.0449995833,-220.0000000000,0.0000000000
20,RegionE,540.1900000000,292.7625000000,557.6300000000,434.9500000000,0.2290000000,0.0000000000,0.0000000000,370.0000000000,292.7625000000,0.0000000000,0.0000000000,0.0000000000,0.0000000000,220.0000000000,27.4275000000,-220.0000000000,0.0000000000
21,RegionE,510.2200000000,309.5500000000,557.9000000000,435.1600000000,0.2335000000,0.0000000000,0.0000000000,370.0000000000,309.5500000000,0.0000000000,0.0000000000,0.0000000000,0.0000000000,200.6700000000,0.0000000000,-200.6700000000,0.0000000000
22,RegionE,500.0000000000,361.8250000000,346.4500000000,270.2300000000,0.2373000000,0.0000000000,0.0000000000,370.0000000000,361.8250000000,0.0000000000,0.0000000000,0.0000000000,0.0000000000,138.1750000000,0.0000000000,-138.1750000000,0.0000000000
23,RegionE,510.2200000000,405.4500004167,346.6100000000,270.3600000000,0.2402000000,0.0000000000,0.0000000000,370.0000000000,405.4500004167,0.0000000000,0.0000000000,0.0000000000,0.0000000000,104.7699995833,0.0000000000,-104.7699995833,0.0000000000
0,RegionF,540.1900000000,478.7519000000,260.0000000000,202.8000000000,0.2801000000,0.0000000000,0.0000000000,382.5000000000,478.7519000000,0.0000000000,0.0000000000,0.0000000000,0.0000000000,61.4381000000,0.0000000000,-61.4381000000,0.0000000000
1,RegionF,587.8700000000,462.8261000000,260.1700000000,202.9300000000,0.2811000000,0.0000000000,0.0000000000,382.5000000000,462.8261000000,0.0000000000,0.0000000000,0.0000000000,0.0000000000,125.0439000000,0.0000000000,-125.0439000000,0.0000000000
2,RegionF,650.0000000000,508.7493000000,260.3400000000,203.0700000000,0.2807000000,0.0000000000,0.0000000000,382.5000000000,508.7493000000,0.0000000000,0.0000000000,0.0000000000,0.0000000000,141.2507000000,0.0000000000,-141.2507000000,0.0000000000
3,RegionF,722.3500000000,547.4335000000,260.5100000000,203.2000000000,0.2789000000,0.0000000000,0.0000000000,382.5000000000,547.4335000000,0.0000000000,0.0000000000,0.0000000000,0.0000000000,174.9165000000,0.0000000000,-174.9165000000,0.0000000000
4,RegionF,800.0000000000,559.1429000000,260.6800000000,203.3300000000,0.2759000000,0.0000000000,0.0000000000,382.5000000000,559.1429000000,0.0000000000,0.0000000000,0.0000000000,0.0000000000,220.0000000000,20.8571000000,-220.0000000000,0.0000000000
5,RegionF,877.6500000000,592.5184995767,260.8400000000,203.4600000000,0.2719000000,0.0000000000,0.0000000000,382.5000000000,592.5184995767,0.0000000000,0.0000000000,0.0000000000,0.0000000000,220.0000000000,65.1315004233,-220.0000000000,0.0000000000
6,RegionF,950.0000000000,613.7783004233,261.0100000000,203.5900000000,0.2671000000,0.0000000000,0.0000000000,382.5000000000,613.7783004233,0.0000000000,0.0000000000,0.0000000000,0.0000000000,220.0000000000,116.2216995767,-220.0000000000,0.0000000000
7,RegionF,1012.1300000000,570.3951000000,401.8100000000,313.4100000000,0.2620000000,0.0000000000,0.0000000000,382.5000000000,570.3951000000,0.0000000000,0.0000000000,0.0000000000,0.0000000000,220.0000000000,221.7349000000,-220.0000000000,0.0000000000
8,RegionF,1059.8100000000,561.6194000000,402.0600000000,313.6100000000,0.2569000000,0.0000000000,0.0000000000,382.5000000000,561.6194000000,0.0000000000,0.0000000000,0.0000000000,0.0000000000,220.0000000000,278.1906000000,-220.0000000000,0.0000000000
9,RegionF,1089.7800000000,554.6089995767,402.3100000000,313.8000000000,0.2522000000,0.0000000000,0.0000000000,382.5000000000,554.6089995767,0.0000000000,0.0000000000,0.0000000000,0.0000000000,220.0000000000,315.1710004233,-220.0000000000,0.0000000000
10,RegionF,1100.0000000000,513.6895995767,402.5600000000,314.0000000000,0.2481000000,0.0000000000,0.0000000000,382.5000000000,513.6895995767,0.0000000000,0.0000000000,0.0000000000,0.0000000000,220.0000000000,366.3104004233,-220.0000000000,0.0000000000
11,RegionF,1089.7800000000,456.5522995767,402.8000000000,314.1800000000,0.2451000000,0.0000000000,0.0000000000,382.5000000000,456.5522995767,0.0000000000,0.0000000000,0.0000000000,0.0000000000,220.0000000000,413.2277004233,-220.0000000000,0.0000000000
12,RegionF,1059.8100000000,475.1324004233,403.0400000000,314.3700000000,0.2433000000,0.0000000000,0.0000000000,382.5000000000,475.1324004233,0.0000000000,0.0000000000,0.0000000000,0.0000000000,220.0000000000,364.6775995767,-220.0000000000,0.0000000000
13,RegionF,1012.1300000000,445.8665200000,403.2800000000,314.5600000000,0.2428000000,0.0000000000,0.0000000000,382.5000000000,445.8665200000,0.0000000000,0.0000000000,0.0000000000,0.0000000000,220.0000000000,346.2634800000,-220.0000000000,0.0000000000
14,RegionF,950.0000000000,398.6822100000,403.5100000000,314.7400000000,0.2438000000,0.0000000000,0.0000000000,382.5000000000,398.6822100000,0.0000000000,0.0000000000,0.0000000000,0.0000000000,220.0000000000,331.3177900000,-220.0000000000,0.0000000000
15,RegionF,877.6500000000,353.4283000000,403.7400000000,314.9200000000,0.2461000000,0.0000000000,0.0000000000,382.5000000000,353.4283000000,0.0000000000,0.0000000000,0.0000000000,0.0000000000,220.0000000000,304.2217000000,-220.0000000000,0.0000000000
16,RegionF,800.0000000000,307.3908004233,403.9700000000,315.1000000000,0.2497000000,0.0000000000,0.0000000000,382.5000000000,307.3908004233,0.0000000000,0.0000000000,0.0000000000,0.0000000000,220.0000000000,272.6091995767,-220.0000000000,0.0000000000
17,RegionF,722.3500000000,331.7367004233,586.0700000000,457.1300000000,0.2542000000,0.0000000000,0.0000000000,382.5000000000,331.7367004233,0.0000000000,0.0000000000,0.0000000000,0.0000000000,220.0000000000,170.6132995767,-220.0000000000,0.0000000000
18,RegionF,650.0000000000,310.2737004233,586.3800000000,457.3800000000,0.2595000000,0.0000000000,0.0000000000,382.5000000000,310.2737004233,0.0000000000,0.0000000000,0.0000000000,0.0000000000,220.0000000000,119.7262995767,-220.0000000000,0.0000000000
19,RegionF,587.8700000000,271.9324000000,586.6800000000,457.6100000000,0.2651000000,0.0000000000,0.0000000000,382.5000000000,271.9324000000,0.0000000000,0.0000000000,0.0000000000,0.0000000000,220.0000000000,95.9376000000,-220.0000000000,0.0000000000
20,RegionF,540.1900000000,319.8495000000,586.9800000000,457.8400000000,0.2707000000,0.0000000000,0.0000000000,382.5000000000,319.8495000000,0.0000000000,0.0000000000,0.0000000000,0.0000000000,220.0000000000,0.3405000000,-220.0000000000,0.0000000000
21,RegionF,510.2200000000,325.3993995767,587.2700000000,458.0700000000,0.2759000000,0.0000000000,0.0000000000,382.5000000000,325.3993995767,0.0000000000,0.0000000000,0.0000000000,0.0000000000,184.8206004233,0.0000000000,-184.8206004233,0.0000000000
22,RegionF,500.0000000000,368.4523995767,364.6800000000,284.4500000000,0.2804000000,0.0000000000,0.0000000000,382.5000000000,368.4523995767,0.0000000000,0.0000000000,0.0000000000,0.0000000000,131.5476004233,0.0000000000,-131.5476004233,0.0000000000
23,RegionF,510.2200000000,391.4902000000,364.8500000000,284.5800000000,0.2839000000,0.0000000000,0.0000000000,382.5000000000,391.4902000000,0.0000000000,0.0000000000,0.0000000000,0.0000000000,118.7298000000,0.0000000000,-118.7298000000,0.0000000000
