Hour,Region,AvailableRenewable_MW,Total_Load_MW,ElectricityPrice_CNY_per_MWh,SellPrice_CNY_per_MWh,CarbonIntensity_tCO2_per_MWh,ChargePower_MW,DischargePower_MW,SOC_MWh,RenewableToLoad_MW,RenewableCharge_MW,GridCharge_MW,GridPurchase_MW,GridLoadPurchase_MW,GridSell_MW,Curtailment_MW,NetGridImport_MW,GridEnergyForCost_MW,ChargeMode,GridImportMode,Method
0,RegionA,378.1330000000,499.1490004500,468.0000000000,0.0000000000,0.6679000000,0.0000000000,0.0000000000,157.5000000000,378.1330000000,0.0000000000,0.0000000000,121.0160004500,121.0160004500,0.0000000000,0.0000000000,121.0160004500,0.0000000000,0,1,Q2_candidate_plus_integrated_storage_MILP
1,RegionA,411.5090000000,535.4235000000,468.3100000000,0.0000000000,0.6703000000,0.0000000000,77.6892330367,73.0551814819,411.5090000000,0.0000000000,0.0000000000,46.2252669633,46.2252669633,0.0000000000,0.0000000000,46.2252669633,0.0000000000,0,1,Q2_candidate_plus_integrated_storage_MILP
2,RegionA,455.0000000000,544.3200000000,468.6100000000,0.0000000000,0.6693000000,0.0000000000,35.0107669633,35.0000000000,455.0000000000,0.0000000000,0.0000000000,54.3092330367,54.3092330367,0.0000000000,0.0000000000,54.3092330367,0.0000000000,0,1,Q2_candidate_plus_integrated_storage_MILP
3,RegionA,505.6450000000,544.3200000000,468.9100000000,0.0000000000,0.6650000000,0.0000000000,-0.0000000000,35.0000000000,505.6450000000,-0.0000000000,0.0000000000,38.6750000000,38.6750000000,0.0000000000,0.0000000000,38.6750000000,0.0000000000,0,1,Q2_candidate_plus_integrated_storage_MILP
4,RegionA,560.0000000000,544.3199995500,469.2200000000,0.0000000000,0.6578000000,0.0000000000,0.0000000000,35.0000000000,544.3199995500,0.0000000000,0.0000000000,0.0000000000,0.0000000000,0.0000000000,15.6800004500,0.0000000000,0.0000000000,0,1,Q2_candidate_plus_integrated_storage_MILP
5,RegionA,614.3550000000,544.3200000000,469.5200000000,0.0000000000,0.6483000000,0.0000000000,0.0000000000,35.0000000000,544.3200000000,-0.0000000000,0.0000000000,0.0000000000,0.0000000000,0.0000000000,70.0350000000,0.0000000000,0.0000000000,0,1,Q2_candidate_plus_integrated_storage_MILP
6,RegionA,665.0000000000,544.3200004500,469.8200000000,0.0000000000,0.6370000000,0.0000000000,0.0000000000,35.0000000000,544.3200004500,0.0000000000,0.0000000000,0.0000000000,0.0000000000,0.0000000000,120.6799995500,0.0000000000,0.0000000000,0,1,Q2_candidate_plus_integrated_storage_MILP
7,RegionA,708.4910000000,544.3200004500,723.2600000000,0.0000000000,0.6248000000,0.0000000000,0.0000000000,35.0000000000,544.3200004500,0.0000000000,0.0000000000,0.0000000000,0.0000000000,0.0000000000,164.1709995500,0.0000000000,0.0000000000,0,1,Q2_candidate_plus_integrated_storage_MILP
8,RegionA,741.8670000000,544.3200000000,723.7100000000,0.0000000000,0.6126000000,0.0000000000,0.0000000000,35.0000000000,544.3200000000,0.0000000000,0.0000000000,0.0000000000,0.0000000000,0.0000000000,197.5470000000,0.0000000000,0.0000000000,0,1,Q2_candidate_plus_integrated_storage_MILP
9,RegionA,762.8460000000,544.3199995500,724.1600000000,0.0000000000,0.6013000000,0.0000000000,0.0000000000,35.0000000000,544.3199995500,0.0000000000,0.0000000000,0.0000000000,0.0000000000,0.0000000000,218.5260004500,0.0000000000,0.0000000000,0,1,Q2_candidate_plus_integrated_storage_MILP
10,RegionA,770.0000000000,531.7110004500,724.6100000000,0.0000000000,0.5917000000,0.0000000000,0.0000000000,35.0000000000,531.7110004500,0.0000000000,0.0000000000,0.0000000000,0.0000000000,0.0000000000,238.2889995500,0.0000000000,0.0000000000,0,1,Q2_candidate_plus_integrated_storage_MILP
11,RegionA,762.8460000000,506.1015000000,725.0400000000,0.0000000000,0.5845000000,0.0000000000,0.0000000000,35.0000000000,506.1015000000,0.0000000000,0.0000000000,0.0000000000,0.0000000000,0.0000000000,256.7445000000,0.0000000000,0.0000000000,0,1,Q2_candidate_plus_integrated_storage_MILP
12,RegionA,741.8670000000,466.4789995500,725.4800000000,0.0000000000,0.5802000000,0.0000000000,0.0000000000,35.0000000000,466.4789995500,0.0000000000,0.0000000000,0.0000000000,0.0000000000,0.0000000000,275.3880004500,0.0000000000,0.0000000000,0,1,Q2_candidate_plus_integrated_storage_MILP
13,RegionA,708.4910000000,443.6667000000,725.9000000000,0.0000000000,0.5791000000,0.0000000000,0.0000000000,35.0000000000,443.6667000000,0.0000000000,0.0000000000,0.0000000000,0.0000000000,0.0000000000,264.8243000000,0.0000000000,0.0000000000,0,1,Q2_candidate_plus_integrated_storage_MILP
14,RegionA,665.0000000000,423.0872995500,726.3200000000,0.0000000000,0.5814000000,0.0000000000,0.0000000000,35.0000000000,423.0872995500,-0.0000000000,0.0000000000,0.0000000000,0.0000000000,0.0000000000,241.9127004500,0.0000000000,0.0000000000,0,1,Q2_candidate_plus_integrated_storage_MILP
15,RegionA,614.3550000000,379.0665000000,726.7400000000,0.0000000000,0.5869000000,0.0000000000,0.0000000000,35.0000000000,379.0665000000,0.0000000000,0.0000000000,0.0000000000,0.0000000000,0.0000000000,235.2885000000,0.0000000000,0.0000000000,0,1,Q2_candidate_plus_integrated_storage_MILP
16,RegionA,560.0000000000,334.0439995500,727.1400000000,0.0000000000,0.5954000000,0.0000000000,0.0000000000,35.0000000000,334.0439995500,-0.0000000000,0.0000000000,0.0000000000,0.0000000000,0.0000000000,225.9560004500,0.0000000000,0.0000000000,0,1,Q2_candidate_plus_integrated_storage_MILP
17,RegionA,505.6450000000,316.9124995500,1054.9200000000,0.0000000000,0.6062000000,86.5557930458,0.0000000000,115.4968875326,316.9124995500,86.5557930458,0.0000000000,0.0000000000,0.0000000000,0.0000000000,102.1767074042,0.0000000000,0.0000000000,1,1,Q2_candidate_plus_integrated_storage_MILP
18,RegionA,455.0000000000,299.4434995500,1055.4900000000,0.0000000000,0.6188000000,100.0000000000,0.0000000000,208.4968875326,299.4434995500,100.0000000000,0.0000000000,0.0000000000,0.0000000000,0.0000000000,55.5565004500,0.0000000000,0.0000000000,1,1,Q2_candidate_plus_integrated_storage_MILP
19,RegionA,411.5090000000,386.4914995500,1056.0300000000,0.0000000000,0.6321000000,25.0175004500,0.0000000000,231.7631629511,386.4914995500,25.0175004500,0.0000000000,0.0000000000,0.0000000000,0.0000000000,0.0000000000,0.0000000000,0.0000000000,1,1,Q2_candidate_plus_integrated_storage_MILP
20,RegionA,378.1330000000,330.8849995500,1056.5600000000,0.0000000000,0.6455000000,47.2480004500,0.0000000000,275.7038033696,330.8849995500,47.2480004500,0.0000000000,0.0000000000,0.0000000000,0.0000000000,0.0000000000,0.0000000000,0.0000000000,1,1,Q2_candidate_plus_integrated_storage_MILP
21,RegionA,357.1540000000,376.1235000000,1057.0800000000,0.0000000000,0.6580000000,0.0000000000,18.9695000000,255.0847816304,357.1540000000,0.0000000000,0.0000000000,0.0000000000,0.0000000000,0.0000000000,0.0000000000,0.0000000000,0.0000000000,0,1,Q2_candidate_plus_integrated_storage_MILP
22,RegionA,350.0000000000,388.0034995500,656.4300000000,0.0000000000,0.6687000000,0.0000000000,38.0034995500,213.7766299457,350.0000000000,0.0000000000,0.0000000000,0.0000000000,0.0000000000,0.0000000000,0.0000000000,0.0000000000,0.0000000000,0,1,Q2_candidate_plus_integrated_storage_MILP
23,RegionA,357.1540000000,408.9284995500,656.7300000000,0.0000000000,0.6771000000,0.0000000000,51.7744995500,157.5000000000,357.1540000000,-0.0000000000,0.0000000000,0.0000000000,0.0000000000,0.0000000000,0.0000000000,0.0000000000,0.0000000000,0,1,Q2_candidate_plus_integrated_storage_MILP
0,RegionB,378.1330000000,458.7435004500,448.5000000000,0.0000000000,0.6248000000,0.0000000000,9.5150339267,133.6575718188,378.1330000000,0.0000000000,0.0000000000,71.0954665233,71.0954665233,0.0000000000,0.0000000000,71.0954665233,0.0000000000,0,1,Q2_candidate_plus_integrated_storage_MILP
1,RegionB,411.5090000000,527.3369995500,448.7900000000,0.0000000000,0.6271000000,0.0000000000,90.0000000000,35.8314848623,411.5090000000,0.0000000000,0.0000000000,25.8279995500,25.8279995500,0.0000000000,0.0000000000,25.8279995500,0.0000000000,0,1,Q2_candidate_plus_integrated_storage_MILP
2,RegionB,455.0000000000,531.3599995500,449.0800000000,0.0000000000,0.6261000000,0.0000000000,3.5249660733,32.0000000000,455.0000000000,0.0000000000,0.0000000000,72.8350334767,72.8350334767,0.0000000000,0.0000000000,72.8350334767,0.0000000000,0,1,Q2_candidate_plus_integrated_storage_MILP
3,RegionB,505.6450000000,531.3600000000,449.3800000000,0.0000000000,0.6221000000,0.0000000000,-0.0000000000,32.0000000000,505.6450000000,-0.0000000000,0.0000000000,25.7150000000,25.7150000000,0.0000000000,0.0000000000,25.7150000000,0.0000000000,0,1,Q2_candidate_plus_integrated_storage_MILP
4,RegionB,560.0000000000,531.3600004500,449.6700000000,0.0000000000,0.6154000000,0.0000000000,0.0000000000,32.0000000000,531.3600004500,0.0000000000,0.0000000000,0.0000000000,0.0000000000,0.0000000000,28.6399995500,0.0000000000,0.0000000000,0,1,Q2_candidate_plus_integrated_storage_MILP
5,RegionB,614.3550000000,531.3599995500,449.9600000000,0.0000000000,0.6064000000,0.0000000000,0.0000000000,32.0000000000,531.3599995500,-0.0000000000,0.0000000000,0.0000000000,0.0000000000,0.0000000000,82.9950004500,0.0000000000,0.0000000000,0,1,Q2_candidate_plus_integrated_storage_MILP
6,RegionB,665.0000000000,531.3600000000,450.2400000000,0.0000000000,0.5959000000,0.0000000000,0.0000000000,32.0000000000,531.3600000000,0.0000000000,0.0000000000,0.0000000000,0.0000000000,0.0000000000,133.6400000000,0.0000000000,0.0000000000,0,1,Q2_candidate_plus_integrated_storage_MILP
7,RegionB,708.4910000000,531.3599995500,693.1200000000,0.0000000000,0.5845000000,0.0000000000,0.0000000000,32.0000000000,531.3599995500,0.0000000000,0.0000000000,0.0000000000,0.0000000000,0.0000000000,177.1310004500,0.0000000000,0.0000000000,0,1,Q2_candidate_plus_integrated_storage_MILP
8,RegionB,741.8670000000,531.3599995500,693.5600000000,0.0000000000,0.5731000000,0.0000000000,0.0000000000,32.0000000000,531.3599995500,0.0000000000,0.0000000000,0.0000000000,0.0000000000,0.0000000000,210.5070004500,0.0000000000,0.0000000000,0,1,Q2_candidate_plus_integrated_storage_MILP
9,RegionB,762.8460000000,531.3600000000,693.9900000000,0.0000000000,0.5625000000,0.0000000000,0.0000000000,32.0000000000,531.3600000000,0.0000000000,0.0000000000,0.0000000000,0.0000000000,0.0000000000,231.4860000000,0.0000000000,0.0000000000,0,1,Q2_candidate_plus_integrated_storage_MILP
10,RegionB,770.0000000000,531.3600000000,694.4100000000,0.0000000000,0.5535000000,0.0000000000,0.0000000000,32.0000000000,531.3600000000,0.0000000000,0.0000000000,0.0000000000,0.0000000000,0.0000000000,238.6400000000,0.0000000000,0.0000000000,0,1,Q2_candidate_plus_integrated_storage_MILP
11,RegionB,762.8460000000,531.3599995500,694.8300000000,0.0000000000,0.5468000000,0.0000000000,0.0000000000,32.0000000000,531.3599995500,0.0000000000,0.0000000000,0.0000000000,0.0000000000,0.0000000000,231.4860004500,0.0000000000,0.0000000000,0,1,Q2_candidate_plus_integrated_storage_MILP
12,RegionB,741.8670000000,482.3819995500,695.2500000000,0.0000000000,0.5427000000,0.0000000000,0.0000000000,32.0000000000,482.3819995500,0.0000000000,0.0000000000,0.0000000000,0.0000000000,0.0000000000,259.4850004500,0.0000000000,0.0000000000,0,1,Q2_candidate_plus_integrated_storage_MILP
13,RegionB,708.4910000000,443.2360495500,695.6600000000,0.0000000000,0.5417000000,0.0000000000,0.0000000000,32.0000000000,443.2360495500,0.0000000000,0.0000000000,0.0000000000,0.0000000000,0.0000000000,265.2549504500,0.0000000000,0.0000000000,0,1,Q2_candidate_plus_integrated_storage_MILP
14,RegionB,665.0000000000,422.4338995500,696.0600000000,0.0000000000,0.5439000000,0.0000000000,0.0000000000,32.0000000000,422.4338995500,0.0000000000,0.0000000000,0.0000000000,0.0000000000,0.0000000000,242.5661004500,0.0000000000,0.0000000000,0,1,Q2_candidate_plus_integrated_storage_MILP
15,RegionB,614.3550000000,377.5004995500,696.4500000000,0.0000000000,0.5491000000,0.0000000000,0.0000000000,32.0000000000,377.5004995500,0.0000000000,0.0000000000,0.0000000000,0.0000000000,0.0000000000,236.8545004500,0.0000000000,0.0000000000,0,1,Q2_candidate_plus_integrated_storage_MILP
16,RegionB,560.0000000000,341.6593500000,696.8400000000,0.0000000000,0.5570000000,33.0849189048,0.0000000000,62.7689745815,341.6593500000,33.0849189048,0.0000000000,0.0000000000,0.0000000000,0.0000000000,185.2557310952,0.0000000000,0.0000000000,1,1,Q2_candidate_plus_integrated_storage_MILP
17,RegionB,505.6450000000,344.7360004500,1010.9700000000,0.0000000000,0.5671000000,90.0000000000,0.0000000000,146.4689745815,344.7360004500,90.0000000000,0.0000000000,0.0000000000,0.0000000000,0.0000000000,70.9089995500,0.0000000000,0.0000000000,1,1,Q2_candidate_plus_integrated_storage_MILP
18,RegionB,455.0000000000,291.1005004500,1011.5100000000,0.0000000000,0.5788000000,90.0000000000,0.0000000000,230.1689745815,291.1005004500,90.0000000000,0.0000000000,0.0000000000,0.0000000000,0.0000000000,73.8994995500,0.0000000000,0.0000000000,1,1,Q2_candidate_plus_integrated_storage_MILP
19,RegionB,411.5090000000,336.9734995500,1012.0300000000,0.0000000000,0.5913000000,74.5355004500,0.0000000000,299.4869900000,336.9734995500,74.5355004500,0.0000000000,0.0000000000,0.0000000000,0.0000000000,0.0000000000,0.0000000000,0.0000000000,1,1,Q2_candidate_plus_integrated_storage_MILP
20,RegionB,378.1330000000,356.0760000000,1012.5400000000,0.0000000000,0.6038000000,22.0570000000,0.0000000000,320.0000000000,356.0760000000,22.0570000000,0.0000000000,0.0000000000,0.0000000000,0.0000000000,-0.0000000000,0.0000000000,0.0000000000,1,1,Q2_candidate_plus_integrated_storage_MILP
21,RegionB,357.1540000000,375.3270000000,1013.0400000000,0.0000000000,0.6155000000,0.0000000000,18.1730000000,300.2467391304,357.1540000000,0.0000000000,0.0000000000,0.0000000000,0.0000000000,0.0000000000,0.0000000000,0.0000000000,0.0000000000,0,1,Q2_candidate_plus_integrated_storage_MILP
22,RegionB,350.0000000000,423.6299995500,629.0800000000,0.0000000000,0.6256000000,0.0000000000,56.1569995500,239.2065222283,350.0000000000,0.0000000000,0.0000000000,17.4730000000,17.4730000000,0.0000000000,0.0000000000,17.4730000000,0.0000000000,0,1,Q2_candidate_plus_integrated_storage_MILP
23,RegionB,357.1540000000,444.7440004500,629.3700000000,0.0000000000,0.6334000000,0.0000000000,87.5900004500,144.0000000000,357.1540000000,0.0000000000,0.0000000000,0.0000000000,0.0000000000,0.0000000000,0.0000000000,0.0000000000,0.0000000000,0,1,Q2_candidate_plus_integrated_storage_MILP
0,RegionC,378.1330000000,468.1097995400,435.5000000000,0.0000000000,0.5925000000,0.0000000000,85.0000000000,42.6086956522,378.1330000000,0.0000000000,0.0000000000,4.9767995400,4.9767995400,0.0000000000,0.0000000000,4.9767995400,0.0000000000,0,1,Q2_candidate_plus_integrated_storage_MILP
1,RegionC,411.5090000000,536.5440000000,435.7800000000,0.0000000000,0.5946000000,0.0000000000,0.0000000000,42.6086956522,411.5090000000,0.0000000000,0.0000000000,125.0350000000,125.0350000000,0.0000000000,0.0000000000,125.0350000000,0.0000000000,0,1,Q2_candidate_plus_integrated_storage_MILP
2,RegionC,455.0000000000,536.5440000000,436.0700000000,0.0000000000,0.5937000000,0.0000000000,11.6000000000,30.0000000000,455.0000000000,0.0000000000,0.0000000000,69.9440000000,69.9440000000,0.0000000000,0.0000000000,69.9440000000,0.0000000000,0,1,Q2_candidate_plus_integrated_storage_MILP
3,RegionC,505.6450000000,536.5440000000,436.3500000000,0.0000000000,0.5900000000,0.0000000000,-0.0000000000,30.0000000000,505.6450000000,-0.0000000000,0.0000000000,30.8990000000,30.8990000000,0.0000000000,0.0000000000,30.8990000000,0.0000000000,0,1,Q2_candidate_plus_integrated_storage_MILP
4,RegionC,560.0000000000,536.5440000000,436.6300000000,0.0000000000,0.5836000000,0.0000000000,0.0000000000,30.0000000000,536.5440000000,0.0000000000,0.0000000000,0.0000000000,0.0000000000,0.0000000000,23.4560000000,0.0000000000,0.0000000000,0,1,Q2_candidate_plus_integrated_storage_MILP
5,RegionC,614.3550000000,536.5439995400,436.9100000000,0.0000000000,0.5751000000,0.0000000000,0.0000000000,30.0000000000,536.5439995400,-0.0000000000,0.0000000000,0.0000000000,0.0000000000,0.0000000000,77.8110004600,0.0000000000,0.0000000000,0,1,Q2_candidate_plus_integrated_storage_MILP
6,RegionC,665.0000000000,536.5440000000,437.1900000000,0.0000000000,0.5651000000,0.0000000000,0.0000000000,30.0000000000,536.5440000000,0.0000000000,0.0000000000,0.0000000000,0.0000000000,0.0000000000,128.4560000000,0.0000000000,0.0000000000,0,1,Q2_candidate_plus_integrated_storage_MILP
7,RegionC,708.4910000000,536.5439995400,673.0300000000,0.0000000000,0.5543000000,0.0000000000,0.0000000000,30.0000000000,536.5439995400,0.0000000000,0.0000000000,0.0000000000,0.0000000000,0.0000000000,171.9470004600,0.0000000000,0.0000000000,0,1,Q2_candidate_plus_integrated_storage_MILP
8,RegionC,741.8670000000,536.5440004600,673.4500000000,0.0000000000,0.5435000000,0.0000000000,0.0000000000,30.0000000000,536.5440004600,0.0000000000,0.0000000000,0.0000000000,0.0000000000,0.0000000000,205.3229995400,0.0000000000,0.0000000000,0,1,Q2_candidate_plus_integrated_storage_MILP
9,RegionC,762.8460000000,536.5440004600,673.8700000000,0.0000000000,0.5334000000,0.0000000000,0.0000000000,30.0000000000,536.5440004600,0.0000000000,0.0000000000,0.0000000000,0.0000000000,0.0000000000,226.3019995400,0.0000000000,0.0000000000,0,1,Q2_candidate_plus_integrated_storage_MILP
10,RegionC,770.0000000000,536.5440004600,674.2900000000,0.0000000000,0.5249000000,0.0000000000,0.0000000000,30.0000000000,536.5440004600,0.0000000000,0.0000000000,0.0000000000,0.0000000000,0.0000000000,233.4559995400,0.0000000000,0.0000000000,0,1,Q2_candidate_plus_integrated_storage_MILP
11,RegionC,762.8460000000,527.8500000000,674.6900000000,0.0000000000,0.5185000000,0.0000000000,0.0000000000,30.0000000000,527.8500000000,0.0000000000,0.0000000000,0.0000000000,0.0000000000,0.0000000000,234.9960000000,0.0000000000,0.0000000000,0,1,Q2_candidate_plus_integrated_storage_MILP
12,RegionC,741.8670000000,474.4163995400,675.1000000000,0.0000000000,0.5147000000,0.0000000000,0.0000000000,30.0000000000,474.4163995400,0.0000000000,0.0000000000,0.0000000000,0.0000000000,0.0000000000,267.4506004600,0.0000000000,0.0000000000,0,1,Q2_candidate_plus_integrated_storage_MILP
13,RegionC,708.4910000000,464.8116004600,675.4900000000,0.0000000000,0.5137000000,0.0000000000,0.0000000000,30.0000000000,464.8116004600,0.0000000000,0.0000000000,0.0000000000,0.0000000000,0.0000000000,243.6793995400,0.0000000000,0.0000000000,0,1,Q2_candidate_plus_integrated_storage_MILP
14,RegionC,665.0000000000,429.9031200000,675.8800000000,0.0000000000,0.5157000000,0.0000000000,0.0000000000,30.0000000000,429.9031200000,0.0000000000,0.0000000000,0.0000000000,0.0000000000,0.0000000000,235.0968800000,0.0000000000,0.0000000000,0,1,Q2_candidate_plus_integrated_storage_MILP
15,RegionC,614.3550000000,386.5642204600,676.2700000000,0.0000000000,0.5207000000,0.0000000000,0.0000000000,30.0000000000,386.5642204600,0.0000000000,0.0000000000,0.0000000000,0.0000000000,0.0000000000,227.7907795400,0.0000000000,0.0000000000,0,1,Q2_candidate_plus_integrated_storage_MILP
16,RegionC,560.0000000000,342.1309804600,676.6400000000,0.0000000000,0.5282000000,0.0000000000,0.0000000000,30.0000000000,342.1309804600,-0.0000000000,0.0000000000,0.0000000000,0.0000000000,0.0000000000,217.8690195400,0.0000000000,0.0000000000,0,1,Q2_candidate_plus_integrated_storage_MILP
17,RegionC,505.6450000000,368.8050000000,981.6700000000,0.0000000000,0.5378000000,85.0000000000,0.0000000000,109.0500000000,368.8050000000,85.0000000000,0.0000000000,0.0000000000,0.0000000000,0.0000000000,51.8400000000,0.0000000000,0.0000000000,1,1,Q2_candidate_plus_integrated_storage_MILP
18,RegionC,455.0000000000,293.0016000000,982.1900000000,0.0000000000,0.5489000000,85.0000000000,0.0000000000,188.1000000000,293.0016000000,85.0000000000,0.0000000000,0.0000000000,0.0000000000,0.0000000000,76.9984000000,0.0000000000,0.0000000000,1,1,Q2_candidate_plus_integrated_storage_MILP
19,RegionC,411.5090000000,312.7908000000,982.7000000000,0.0000000000,0.5608000000,81.5489481141,0.0000000000,263.9405217461,312.7908000000,81.5489481141,0.0000000000,0.0000000000,0.0000000000,0.0000000000,17.1692518859,0.0000000000,0.0000000000,1,1,Q2_candidate_plus_integrated_storage_MILP
20,RegionC,378.1330000000,349.6919995400,983.1900000000,0.0000000000,0.5726000000,28.4410004600,0.0000000000,290.3906521739,349.6919995400,28.4410004600,0.0000000000,0.0000000000,0.0000000000,0.0000000000,-0.0000000000,0.0000000000,0.0000000000,1,1,Q2_candidate_plus_integrated_storage_MILP
21,RegionC,357.1540000000,364.5959995400,983.6700000000,0.0000000000,0.5837000000,0.0000000000,7.4419995400,282.3015222391,357.1540000000,0.0000000000,0.0000000000,0.0000000000,0.0000000000,0.0000000000,0.0000000000,0.0000000000,0.0000000000,0,1,Q2_candidate_plus_integrated_storage_MILP
22,RegionC,350.0000000000,400.5174004600,610.8500000000,0.0000000000,0.5932000000,0.0000000000,50.5174004600,227.3913043478,350.0000000000,0.0000000000,0.0000000000,0.0000000000,0.0000000000,0.0000000000,0.0000000000,0.0000000000,0.0000000000,0,1,Q2_candidate_plus_integrated_storage_MILP
23,RegionC,357.1540000000,455.6622004600,611.1300000000,0.0000000000,0.6006000000,0.0000000000,85.0000000000,135.0000000000,357.1540000000,0.0000000000,0.0000000000,13.5082004600,13.5082004600,0.0000000000,0.0000000000,13.5082004600,0.0000000000,0,1,Q2_candidate_plus_integrated_storage_MILP
0,RegionD,378.1330000000,443.3408000000,279.5000000000,218.0100000000,0.4525000000,0.0000000000,65.2078000000,334.8840860215,378.1330000000,0.0000000000,0.0000000000,0.0000000000,0.0000000000,0.0000000000,0.0000000000,0.0000000000,0.0000000000,0,0,Q2_candidate_plus_integrated_storage_MILP
1,RegionD,411.5090000000,465.3568000000,279.6800000000,218.1500000000,0.4541000000,0.0000000000,53.8478000000,276.9832258065,411.5090000000,0.0000000000,0.0000000000,0.0000000000,0.0000000000,0.0000000000,0.0000000000,0.0000000000,0.0000000000,0,0,Q2_candidate_plus_integrated_storage_MILP
2,RegionD,455.0000000000,526.2080004267,279.8600000000,218.2900000000,0.4534000000,0.0000000000,71.2080004267,200.4154834122,455.0000000000,0.0000000000,0.0000000000,0.0000000000,0.0000000000,0.0000000000,0.0000000000,0.0000000000,0.0000000000,0,0,Q2_candidate_plus_integrated_storage_MILP
3,RegionD,505.6450000000,523.9167995733,280.0500000000,218.4400000000,0.4505000000,0.0000000000,18.2717995733,180.7683870968,505.6450000000,0.0000000000,0.0000000000,0.0000000000,0.0000000000,0.0000000000,0.0000000000,0.0000000000,0.0000000000,0,0,Q2_candidate_plus_integrated_storage_MILP
4,RegionD,560.0000000000,588.2112004267,280.2300000000,218.5800000000,0.4456000000,0.0000000000,28.2112004267,150.4337629820,560.0000000000,0.0000000000,0.0000000000,0.0000000000,0.0000000000,0.0000000000,0.0000000000,0.0000000000,0.0000000000,0,0,Q2_candidate_plus_integrated_storage_MILP
5,RegionD,614.3550000000,589.3631995733,280.4100000000,218.7200000000,0.4391000000,24.9918004267,0.0000000000,173.9260553831,589.3631995733,24.9918004267,0.0000000000,0.0000000000,0.0000000000,0.0000000000,0.0000000000,0.0000000000,0.0000000000,1,0,Q2_candidate_plus_integrated_storage_MILP
6,RegionD,665.0000000000,587.3408000000,280.5900000000,218.8600000000,0.4315000000,77.6592000000,0.0000000000,246.9257033831,587.3408000000,77.6592000000,0.0000000000,0.0000000000,0.0000000000,0.0000000000,0.0000000000,0.0000000000,0.0000000000,1,0,Q2_candidate_plus_integrated_storage_MILP
7,RegionD,708.4910000000,607.4111995733,431.9500000000,336.9200000000,0.4233000000,0.0000000000,9.9249523740,236.2537115831,597.4862471993,0.0000000000,0.0000000000,0.0000000000,0.0000000000,111.0047528007,0.0000000000,-111.0047528007,0.0000000000,0,0,Q2_candidate_plus_integrated_storage_MILP
8,RegionD,741.8670000000,580.3135995733,432.2200000000,337.1300000000,0.4150000000,0.0000000000,18.4465995733,216.4186582785,561.8670000000,0.0000000000,0.0000000000,0.0000000000,0.0000000000,180.0000000000,0.0000000000,-180.0000000000,0.0000000000,0,0,Q2_candidate_plus_integrated_storage_MILP
9,RegionD,762.8460000000,548.3391995733,432.4800000000,337.3300000000,0.4074000000,34.5068004267,0.0000000000,248.8550506796,548.3391995733,34.5068004267,0.0000000000,0.0000000000,0.0000000000,180.0000000000,0.0000000000,-180.0000000000,0.0000000000,1,0,Q2_candidate_plus_integrated_storage_MILP
10,RegionD,770.0000000000,541.8367995733,432.7500000000,337.5500000000,0.4008000000,48.1632004267,0.0000000000,294.1284590807,541.8367995733,48.1632004267,0.0000000000,0.0000000000,0.0000000000,180.0000000000,0.0000000000,-180.0000000000,0.0000000000,1,0,Q2_candidate_plus_integrated_storage_MILP
11,RegionD,762.8460000000,488.7296000000,433.0100000000,337.7500000000,0.3959000000,94.1164000000,0.0000000000,382.5978750807,488.7296000000,94.1164000000,0.0000000000,0.0000000000,0.0000000000,180.0000000000,0.0000000000,-180.0000000000,0.0000000000,1,0,Q2_candidate_plus_integrated_storage_MILP
12,RegionD,741.8670000000,452.1600000000,433.2700000000,337.9500000000,0.3930000000,109.7070000000,0.0000000000,485.7224550807,452.1600000000,109.7070000000,0.0000000000,0.0000000000,0.0000000000,180.0000000000,0.0000000000,-180.0000000000,0.0000000000,1,0,Q2_candidate_plus_integrated_storage_MILP
13,RegionD,708.4910000000,453.5424000000,433.5300000000,338.1500000000,0.3923000000,74.9486000000,0.0000000000,556.1741390807,453.5424000000,74.9486000000,0.0000000000,0.0000000000,0.0000000000,180.0000000000,0.0000000000,-180.0000000000,0.0000000000,1,0,Q2_candidate_plus_integrated_storage_MILP
14,RegionD,665.0000000000,390.1311995733,433.7800000000,338.3500000000,0.3938000000,94.8688004267,0.0000000000,645.3508114818,390.1311995733,94.8688004267,0.0000000000,0.0000000000,0.0000000000,180.0000000000,0.0000000000,-180.0000000000,0.0000000000,1,0,Q2_candidate_plus_integrated_storage_MILP
15,RegionD,614.3550000000,388.6515195733,434.0200000000,338.5400000000,0.3976000000,45.7034804267,0.0000000000,688.3120830829,388.6515195733,45.7034804267,0.0000000000,0.0000000000,0.0000000000,180.0000000000,0.0000000000,-180.0000000000,0.0000000000,1,0,Q2_candidate_plus_integrated_storage_MILP
16,RegionD,560.0000000000,334.7840000000,434.2600000000,338.7200000000,0.4033000000,45.2160000000,0.0000000000,730.8151230829,334.7840000000,45.2160000000,0.0000000000,0.0000000000,0.0000000000,180.0000000000,0.0000000000,-180.0000000000,0.0000000000,1,0,Q2_candidate_plus_integrated_storage_MILP
17,RegionD,505.6450000000,308.6719995733,630.0200000000,491.4200000000,0.4107000000,16.9730004267,0.0000000000,746.7697434840,308.6719995733,16.9730004267,0.0000000000,0.0000000000,0.0000000000,180.0000000000,0.0000000000,-180.0000000000,0.0000000000,1,0,Q2_candidate_plus_integrated_storage_MILP
18,RegionD,455.0000000000,262.9248000000,630.3600000000,491.6800000000,0.4192000000,12.0752000000,0.0000000000,758.1204314840,262.9248000000,12.0752000000,0.0000000000,0.0000000000,0.0000000000,180.0000000000,0.0000000000,-180.0000000000,0.0000000000,1,0,Q2_candidate_plus_integrated_storage_MILP
19,RegionD,411.5090000000,293.0944004267,630.6900000000,491.9400000000,0.4282000000,0.0000000000,61.5854004267,691.8995708101,231.5090000000,0.0000000000,0.0000000000,0.0000000000,0.0000000000,180.0000000000,0.0000000000,-180.0000000000,0.0000000000,0,0,Q2_candidate_plus_integrated_storage_MILP
20,RegionD,378.1330000000,279.1168004267,631.0000000000,492.1800000000,0.4373000000,0.0000000000,80.9838004267,604.8202155126,198.1330000000,0.0000000000,0.0000000000,0.0000000000,0.0000000000,180.0000000000,0.0000000000,-180.0000000000,0.0000000000,0,0,Q2_candidate_plus_integrated_storage_MILP
21,RegionD,357.1540000000,307.4944000000,631.3100000000,492.4200000000,0.4457000000,0.0000000000,130.3404000000,464.6692477706,177.1540000000,0.0000000000,0.0000000000,0.0000000000,0.0000000000,180.0000000000,0.0000000000,-180.0000000000,0.0000000000,0,0,Q2_candidate_plus_integrated_storage_MILP
22,RegionD,350.0000000000,349.8240004267,392.0400000000,305.7900000000,0.4530000000,0.0000000000,0.0000000000,464.6692477706,349.8240004267,0.0000000000,0.0000000000,0.0000000000,0.0000000000,0.1759995733,0.0000000000,-0.1759995733,0.0000000000,0,0,Q2_candidate_plus_integrated_storage_MILP
23,RegionD,357.1540000000,412.6464004267,392.2200000000,305.9300000000,0.4586000000,0.0000000000,55.4924004267,405.0000000000,357.1540000000,0.0000000000,0.0000000000,0.0000000000,0.0000000000,-0.0000000000,0.0000000000,0.0000000000,0.0000000000,0,0,Q2_candidate_plus_integrated_storage_MILP
0,RegionE,378.1330000000,448.4125000000,247.0000000000,192.6600000000,0.2370000000,0.0000000000,70.2795000000,294.4306451613,378.1330000000,0.0000000000,0.0000000000,0.0000000000,0.0000000000,0.0000000000,0.0000000000,0.0000000000,0.0000000000,0,0,Q2_candidate_plus_integrated_storage_MILP
1,RegionE,411.5090000000,497.2374995833,247.1600000000,192.7800000000,0.2378000000,0.0000000000,85.7284995833,202.2494628137,411.5090000000,0.0000000000,0.0000000000,0.0000000000,0.0000000000,0.0000000000,0.0000000000,0.0000000000,0.0000000000,0,0,Q2_candidate_plus_integrated_storage_MILP
2,RegionE,455.0000000000,503.4000000000,247.3200000000,192.9100000000,0.2375000000,0.0000000000,48.4000000000,150.2064520610,455.0000000000,0.0000000000,0.0000000000,0.0000000000,0.0000000000,0.0000000000,0.0000000000,0.0000000000,0.0000000000,0,0,Q2_candidate_plus_integrated_storage_MILP
3,RegionE,505.6450000000,545.0000000000,247.4800000000,193.0300000000,0.2360000000,0.0000000000,39.3550000000,107.8892477599,505.6450000000,0.0000000000,0.0000000000,0.0000000000,0.0000000000,0.0000000000,0.0000000000,0.0000000000,0.0000000000,0,0,Q2_candidate_plus_integrated_storage_MILP
4,RegionE,560.0000000000,556.6874995833,247.6400000000,193.1600000000,0.2334000000,3.3125004167,0.0000000000,111.0029981516,556.6874995833,3.3125004167,0.0000000000,0.0000000000,0.0000000000,0.0000000000,0.0000000000,0.0000000000,0.0000000000,1,0,Q2_candidate_plus_integrated_storage_MILP
5,RegionE,614.3550000000,570.3125000000,247.8000000000,193.2800000000,0.2300000000,44.0425000000,-0.0000000000,152.4029481516,570.3125000000,44.0425000000,0.0000000000,0.0000000000,0.0000000000,0.0000000000,0.0000000000,0.0000000000,0.0000000000,1,0,Q2_candidate_plus_integrated_storage_MILP
6,RegionE,665.0000000000,591.8875004167,247.9600000000,193.4100000000,0.2260000000,73.1124995833,0.0000000000,221.1286977599,591.8875004167,73.1124995833,0.0000000000,0.0000000000,0.0000000000,0.0000000000,0.0000000000,0.0000000000,0.0000000000,1,0,Q2_candidate_plus_integrated_storage_MILP
7,RegionE,708.4910000000,585.0250004167,381.7200000000,297.7400000000,0.2217000000,123.4659995833,0.0000000000,337.1867373682,585.0250004167,123.4659995833,0.0000000000,0.0000000000,0.0000000000,0.0000000000,0.0000000000,0.0000000000,0.0000000000,1,0,Q2_candidate_plus_integrated_storage_MILP
8,RegionE,741.8670000000,549.1500004167,381.9600000000,297.9300000000,0.2174000000,1.6498783759,0.0000000000,338.7376230415,549.1500004167,1.6498783759,0.0000000000,0.0000000000,0.0000000000,191.0671212074,0.0000000000,-191.0671212074,0.0000000000,1,0,Q2_candidate_plus_integrated_storage_MILP
9,RegionE,762.8460000000,566.0125000000,382.2000000000,298.1200000000,0.2134000000,196.8335000000,0.0000000000,523.7611130415,566.0125000000,196.8335000000,0.0000000000,0.0000000000,0.0000000000,0.0000000000,0.0000000000,0.0000000000,0.0000000000,1,0,Q2_candidate_plus_integrated_storage_MILP
10,RegionE,770.0000000000,533.0874995833,382.4300000000,298.3000000000,0.2100000000,16.9125004167,0.0000000000,539.6588634332,533.0874995833,16.9125004167,0.0000000000,0.0000000000,0.0000000000,220.0000000000,-0.0000000000,-220.0000000000,0.0000000000,1,0,Q2_candidate_plus_integrated_storage_MILP
11,RegionE,762.8460000000,452.5875000000,382.6600000000,298.4700000000,0.2074000000,90.2585000000,0.0000000000,624.5018534332,452.5875000000,90.2585000000,0.0000000000,0.0000000000,0.0000000000,220.0000000000,0.0000000000,-220.0000000000,0.0000000000,1,0,Q2_candidate_plus_integrated_storage_MILP
12,RegionE,741.8670000000,443.6849995833,382.8900000000,298.6500000000,0.2059000000,78.1820004167,0.0000000000,697.9929338249,443.6849995833,78.1820004167,0.0000000000,0.0000000000,0.0000000000,220.0000000000,0.0000000000,-220.0000000000,0.0000000000,1,0,Q2_candidate_plus_integrated_storage_MILP
13,RegionE,708.4910000000,430.6812495833,383.1200000000,298.8300000000,0.2055000000,57.8097504167,0.0000000000,752.3340992166,430.6812495833,57.8097504167,0.0000000000,0.0000000000,0.0000000000,220.0000000000,0.0000000000,-220.0000000000,0.0000000000,1,0,Q2_candidate_plus_integrated_storage_MILP
14,RegionE,665.0000000000,399.7300000000,383.3400000000,299.0100000000,0.2063000000,45.2700000000,0.0000000000,794.8878992166,399.7300000000,45.2700000000,0.0000000000,0.0000000000,0.0000000000,220.0000000000,0.0000000000,-220.0000000000,0.0000000000,1,0,Q2_candidate_plus_integrated_storage_MILP
15,RegionE,614.3550000000,371.3024995833,383.5500000000,299.1700000000,0.2083000000,23.0525004167,0.0000000000,816.5572496083,371.3024995833,23.0525004167,0.0000000000,0.0000000000,0.0000000000,220.0000000000,0.0000000000,-220.0000000000,0.0000000000,1,0,Q2_candidate_plus_integrated_storage_MILP
16,RegionE,560.0000000000,336.3374995833,383.7700000000,299.3400000000,0.2113000000,3.6625004167,0.0000000000,820.0000000000,336.3374995833,3.6625004167,0.0000000000,0.0000000000,0.0000000000,220.0000000000,-0.0000000000,-220.0000000000,0.0000000000,1,0,Q2_candidate_plus_integrated_storage_MILP
17,RegionE,505.6450000000,343.7250000000,556.7700000000,434.2800000000,0.2151000000,0.0000000000,0.0000000000,820.0000000000,343.7250000000,0.0000000000,0.0000000000,0.0000000000,0.0000000000,161.9200000000,0.0000000000,-161.9200000000,0.0000000000,0,0,Q2_candidate_plus_integrated_storage_MILP
18,RegionE,455.0000000000,278.7624995833,557.0600000000,434.5100000000,0.2196000000,0.0000000000,-0.0000000000,820.0000000000,278.7624995833,0.0000000000,0.0000000000,0.0000000000,0.0000000000,176.2375004167,0.0000000000,-176.2375004167,0.0000000000,0,0,Q2_candidate_plus_integrated_storage_MILP
19,RegionE,411.5090000000,322.8250004167,557.3500000000,434.7300000000,0.2243000000,0.0000000000,51.3534995833,764.7811832438,271.4715008334,0.0000000000,0.0000000000,0.0000000000,0.0000000000,140.0374991666,0.0000000000,-140.0374991666,0.0000000000,0,0,Q2_candidate_plus_integrated_storage_MILP
20,RegionE,378.1330000000,292.7625000000,557.6300000000,434.9500000000,0.2290000000,0.0000000000,134.6295000000,620.0182800180,158.1330000000,0.0000000000,0.0000000000,0.0000000000,0.0000000000,220.0000000000,0.0000000000,-220.0000000000,0.0000000000,0,0,Q2_candidate_plus_integrated_storage_MILP
21,RegionE,357.1540000000,309.5500000000,557.9000000000,435.1600000000,0.2335000000,0.0000000000,172.3960000000,434.6462370072,137.1540000000,0.0000000000,0.0000000000,0.0000000000,0.0000000000,220.0000000000,0.0000000000,-220.0000000000,0.0000000000,0,0,Q2_candidate_plus_integrated_storage_MILP
22,RegionE,350.0000000000,361.8250000000,346.4500000000,270.2300000000,0.2373000000,0.0000000000,11.8250000000,421.9311832438,350.0000000000,0.0000000000,0.0000000000,0.0000000000,0.0000000000,0.0000000000,0.0000000000,0.0000000000,0.0000000000,0,0,Q2_candidate_plus_integrated_storage_MILP
23,RegionE,357.1540000000,405.4500004167,346.6100000000,270.3600000000,0.2402000000,0.0000000000,48.2960004167,370.0000000000,357.1540000000,0.0000000000,0.0000000000,0.0000000000,0.0000000000,0.0000000000,0.0000000000,0.0000000000,0.0000000000,0,0,Q2_candidate_plus_integrated_storage_MILP
0,RegionF,378.1330000000,478.7519000000,260.0000000000,202.8000000000,0.2801000000,0.0000000000,100.6189000000,274.3076344086,378.1330000000,0.0000000000,0.0000000000,0.0000000000,0.0000000000,0.0000000000,0.0000000000,0.0000000000,0.0000000000,0,0,Q2_candidate_plus_integrated_storage_MILP
1,RegionF,411.5090000000,462.8261000000,260.1700000000,202.9300000000,0.2811000000,0.0000000000,51.3171000000,219.1279569892,411.5090000000,0.0000000000,0.0000000000,0.0000000000,0.0000000000,-0.0000000000,0.0000000000,0.0000000000,0.0000000000,0,0,Q2_candidate_plus_integrated_storage_MILP
2,RegionF,455.0000000000,508.7493000000,260.3400000000,203.0700000000,0.2807000000,0.0000000000,53.7493000000,161.3330107527,455.0000000000,0.0000000000,0.0000000000,0.0000000000,0.0000000000,0.0000000000,0.0000000000,0.0000000000,0.0000000000,0,0,Q2_candidate_plus_integrated_storage_MILP
3,RegionF,505.6450000000,547.4335000000,260.5100000000,203.2000000000,0.2789000000,0.0000000000,41.7885000000,116.3991397849,505.6450000000,0.0000000000,0.0000000000,0.0000000000,0.0000000000,0.0000000000,0.0000000000,0.0000000000,0.0000000000,0,0,Q2_candidate_plus_integrated_storage_MILP
4,RegionF,560.0000000000,559.1429000000,260.6800000000,203.3300000000,0.2759000000,0.8571000000,0.0000000000,117.2048137849,559.1429000000,0.8571000000,0.0000000000,0.0000000000,0.0000000000,0.0000000000,0.0000000000,0.0000000000,0.0000000000,1,0,Q2_candidate_plus_integrated_storage_MILP
5,RegionF,614.3550000000,592.5184995767,260.8400000000,203.4600000000,0.2719000000,21.8365004233,0.0000000000,137.7311241828,592.5184995767,21.8365004233,0.0000000000,0.0000000000,0.0000000000,0.0000000000,0.0000000000,0.0000000000,0.0000000000,1,0,Q2_candidate_plus_integrated_storage_MILP
6,RegionF,665.0000000000,613.7783004233,261.0100000000,203.5900000000,0.2671000000,51.2216995767,0.0000000000,185.8795217849,613.7783004233,51.2216995767,0.0000000000,0.0000000000,0.0000000000,0.0000000000,0.0000000000,0.0000000000,0.0000000000,1,0,Q2_candidate_plus_integrated_storage_MILP
7,RegionF,708.4910000000,570.3951000000,401.8100000000,313.4100000000,0.2620000000,138.0959000000,-0.0000000000,315.6896677849,570.3951000000,138.0959000000,0.0000000000,0.0000000000,0.0000000000,0.0000000000,0.0000000000,0.0000000000,0.0000000000,1,0,Q2_candidate_plus_integrated_storage_MILP
8,RegionF,741.8670000000,561.6194000000,402.0600000000,313.6100000000,0.2569000000,180.2476000000,0.0000000000,485.1224117849,561.6194000000,180.2476000000,0.0000000000,0.0000000000,0.0000000000,0.0000000000,0.0000000000,0.0000000000,0.0000000000,1,0,Q2_candidate_plus_integrated_storage_MILP
9,RegionF,762.8460000000,554.6089995767,402.3100000000,313.8000000000,0.2522000000,56.3507770373,0.0000000000,538.0921422000,554.6089995767,56.3507770373,0.0000000000,0.0000000000,0.0000000000,151.8862233860,0.0000000000,-151.8862233860,0.0000000000,1,0,Q2_candidate_plus_integrated_storage_MILP
10,RegionF,770.0000000000,513.6895995767,402.5600000000,314.0000000000,0.2481000000,36.3104004233,0.0000000000,572.2239185979,513.6895995767,36.3104004233,0.0000000000,0.0000000000,0.0000000000,220.0000000000,0.0000000000,-220.0000000000,0.0000000000,1,0,Q2_candidate_plus_integrated_storage_MILP
11,RegionF,762.8460000000,456.5522995767,402.8000000000,314.1800000000,0.2451000000,86.2937004233,0.0000000000,653.3399969958,456.5522995767,86.2937004233,0.0000000000,0.0000000000,0.0000000000,220.0000000000,0.0000000000,-220.0000000000,0.0000000000,1,0,Q2_candidate_plus_integrated_storage_MILP
12,RegionF,741.8670000000,475.1324004233,403.0400000000,314.3700000000,0.2433000000,46.7345995767,0.0000000000,697.2705205979,475.1324004233,46.7345995767,0.0000000000,0.0000000000,0.0000000000,220.0000000000,0.0000000000,-220.0000000000,0.0000000000,1,0,Q2_candidate_plus_integrated_storage_MILP
13,RegionF,708.4910000000,445.8665200000,403.2800000000,314.5600000000,0.2428000000,42.6244800000,0.0000000000,737.3375317979,445.8665200000,42.6244800000,0.0000000000,0.0000000000,0.0000000000,220.0000000000,0.0000000000,-220.0000000000,0.0000000000,1,0,Q2_candidate_plus_integrated_storage_MILP
14,RegionF,665.0000000000,398.6822100000,403.5100000000,314.7400000000,0.2438000000,46.3177900000,0.0000000000,780.8762543979,398.6822100000,46.3177900000,0.0000000000,0.0000000000,0.0000000000,220.0000000000,0.0000000000,-220.0000000000,0.0000000000,1,0,Q2_candidate_plus_integrated_storage_MILP
15,RegionF,614.3550000000,353.4283000000,403.7400000000,314.9200000000,0.2461000000,40.9267000000,0.0000000000,819.3473523979,353.4283000000,40.9267000000,0.0000000000,0.0000000000,0.0000000000,220.0000000000,0.0000000000,-220.0000000000,0.0000000000,1,0,Q2_candidate_plus_integrated_storage_MILP
16,RegionF,560.0000000000,307.3908004233,403.9700000000,315.1000000000,0.2497000000,32.6091995767,0.0000000000,850.0000000000,307.3908004233,32.6091995767,0.0000000000,0.0000000000,0.0000000000,220.0000000000,0.0000000000,-220.0000000000,0.0000000000,1,0,Q2_candidate_plus_integrated_storage_MILP
17,RegionF,505.6450000000,331.7367004233,586.0700000000,457.1300000000,0.2542000000,0.0000000000,0.0000000000,850.0000000000,331.7367004233,0.0000000000,0.0000000000,0.0000000000,0.0000000000,173.9082995767,0.0000000000,-173.9082995767,0.0000000000,0,0,Q2_candidate_plus_integrated_storage_MILP
18,RegionF,455.0000000000,310.2737004233,586.3800000000,457.3800000000,0.2595000000,0.0000000000,0.0000000000,850.0000000000,310.2737004233,0.0000000000,0.0000000000,0.0000000000,0.0000000000,144.7262995767,0.0000000000,-144.7262995767,0.0000000000,0,0,Q2_candidate_plus_integrated_storage_MILP
19,RegionF,411.5090000000,271.9324000000,586.6800000000,457.6100000000,0.2651000000,0.0000000000,32.0245008466,815.5650528531,239.9078991534,0.0000000000,0.0000000000,0.0000000000,0.0000000000,171.6011008466,0.0000000000,-171.6011008466,0.0000000000,0,0,Q2_candidate_plus_integrated_storage_MILP
20,RegionF,378.1330000000,319.8495000000,586.9800000000,457.8400000000,0.2707000000,0.0000000000,161.7165000000,641.6763431757,158.1330000000,0.0000000000,0.0000000000,0.0000000000,0.0000000000,220.0000000000,0.0000000000,-220.0000000000,0.0000000000,0,0,Q2_candidate_plus_integrated_storage_MILP
21,RegionF,357.1540000000,325.3993995767,587.2700000000,458.0700000000,0.2759000000,0.0000000000,188.2453995767,439.2619350287,137.1540000000,0.0000000000,0.0000000000,0.0000000000,0.0000000000,220.0000000000,0.0000000000,-220.0000000000,0.0000000000,0,0,Q2_candidate_plus_integrated_storage_MILP
22,RegionF,350.0000000000,368.4523995767,364.6800000000,284.4500000000,0.2804000000,0.0000000000,18.4523995767,419.4206451613,350.0000000000,0.0000000000,0.0000000000,0.0000000000,0.0000000000,0.0000000000,0.0000000000,0.0000000000,0.0000000000,0,0,Q2_candidate_plus_integrated_storage_MILP
23,RegionF,357.1540000000,391.4902000000,364.8500000000,284.5800000000,0.2839000000,0.0000000000,34.3362000000,382.5000000000,357.1540000000,0.0000000000,0.0000000000,0.0000000000,0.0000000000,0.0000000000,0.0000000000,0.0000000000,0.0000000000,0,0,Q2_candidate_plus_integrated_storage_MILP
