Hour,Region,PricePeriod,ElectricityPrice_CNY_per_MWh,SellPrice_CNY_per_MWh,CarbonIntensity_tCO2_per_MWh,AvailableRenewable_MW,NonAI_IT_Load_MW,AbsoluteHour,AI_IT_Load_MW,IT_Load_MW,PUE,Total_Load_MW,Q2Method
0,RegionA,Valley,459.4400000000,0.0000000000,0.6534000000,540.1900000000,343.6786670000,2328,1.4400000000,345.1186670000,1.3500000000,465.9102004500,rolling_shadow_price_exchange::lagrangian_balanced
1,RegionA,Valley,459.6500000000,0.0000000000,0.6555000000,587.8700000000,360.9213330000,2329,2.9520000000,363.8733330000,1.3500000000,491.2289995500,rolling_shadow_price_exchange::lagrangian_balanced
2,RegionA,Valley,459.8700000000,0.0000000000,0.6543000000,650.0000000000,388.0120000000,2330,2.5386666667,390.5506666667,1.3500000000,527.2434000000,rolling_shadow_price_exchange::lagrangian_balanced
3,RegionA,Valley,460.0900000000,0.0000000000,0.6498000000,722.3500000000,395.2613330000,2331,3.7986666667,399.0599996667,1.3500000000,538.7309995500,rolling_shadow_price_exchange::lagrangian_balanced
4,RegionA,Valley,460.3200000000,0.0000000000,0.6424000000,800.0000000000,391.8600000000,2332,3.9626666667,395.8226666667,1.3500000000,534.3606000000,rolling_shadow_price_exchange::lagrangian_balanced
5,RegionA,Valley,460.5600000000,0.0000000000,0.6327000000,877.6500000000,393.0646670000,2333,3.6853333333,396.7500003333,1.3500000000,535.6125004500,rolling_shadow_price_exchange::lagrangian_balanced
6,RegionA,Valley,460.8100000000,0.0000000000,0.6212000000,950.0000000000,393.8320000000,2334,2.7746666667,396.6066666667,1.3500000000,535.4190000000,rolling_shadow_price_exchange::lagrangian_balanced
7,RegionA,Flat,709.3200000000,0.0000000000,0.6090000000,1012.1300000000,375.7946670000,2335,2.3853333333,378.1800003333,1.3500000000,510.5430004500,rolling_shadow_price_exchange::lagrangian_balanced
8,RegionA,Flat,709.7100000000,0.0000000000,0.5967000000,1059.8100000000,354.5046670000,2336,2.7520000000,357.2566670000,1.3500000000,482.2965004500,rolling_shadow_price_exchange::lagrangian_balanced
9,RegionA,Flat,710.1200000000,0.0000000000,0.5853000000,1089.7800000000,350.4706670000,2337,2.2693333333,352.7400003333,1.3500000000,476.1990004500,rolling_shadow_price_exchange::lagrangian_balanced
10,RegionA,Flat,710.5300000000,0.0000000000,0.5756000000,1100.0000000000,340.9533330000,2338,2.9800000000,343.9333330000,1.3500000000,464.3099995500,rolling_shadow_price_exchange::lagrangian_balanced
11,RegionA,Flat,710.9500000000,0.0000000000,0.5684000000,1089.7800000000,318.8353330000,2339,21.4813333333,340.3166663333,1.3500000000,459.4274995500,rolling_shadow_price_exchange::lagrangian_balanced
12,RegionA,Flat,711.3700000000,0.0000000000,0.5640000000,1059.8100000000,298.1053330000,2340,8.0946666667,306.1999996667,1.3500000000,413.3699995500,rolling_shadow_price_exchange::lagrangian_balanced
13,RegionA,Flat,711.8000000000,0.0000000000,0.5630000000,1012.1300000000,285.2006670000,2341,10.7800000000,295.9806670000,1.3500000000,399.5739004500,rolling_shadow_price_exchange::lagrangian_balanced
14,RegionA,Flat,712.2400000000,0.0000000000,0.5653000000,950.0000000000,306.1516670000,2342,14.4460000000,320.5976670000,1.3500000000,432.8068504500,rolling_shadow_price_exchange::lagrangian_balanced
15,RegionA,Flat,712.6900000000,0.0000000000,0.5709000000,877.6500000000,299.7593330000,2343,9.9840000000,309.7433330000,1.3500000000,418.1534995500,rolling_shadow_price_exchange::lagrangian_balanced
16,RegionA,Flat,713.1400000000,0.0000000000,0.5794000000,800.0000000000,220.9423330000,2344,9.1066666667,230.0489996667,1.3500000000,310.5661495500,rolling_shadow_price_exchange::lagrangian_balanced
17,RegionA,Peak,1034.7000000000,0.0000000000,0.5904000000,722.3500000000,194.5866670000,2345,5.5033333333,200.0900003333,1.3500000000,270.1215004500,rolling_shadow_price_exchange::lagrangian_balanced
18,RegionA,Peak,1035.3700000000,0.0000000000,0.6030000000,650.0000000000,208.5800000000,2346,3.0480000000,211.6280000000,1.3500000000,285.6978000000,rolling_shadow_price_exchange::lagrangian_balanced
19,RegionA,Peak,1036.0300000000,0.0000000000,0.6165000000,587.8700000000,243.5246670000,2347,2.5853333333,246.1100003333,1.3500000000,332.2485004500,rolling_shadow_price_exchange::lagrangian_balanced
20,RegionA,Peak,1036.7100000000,0.0000000000,0.6301000000,540.1900000000,230.4453330000,2348,1.9213333333,232.3666663333,1.3500000000,313.6949995500,rolling_shadow_price_exchange::lagrangian_balanced
21,RegionA,Peak,1037.3800000000,0.0000000000,0.6427000000,510.2200000000,257.2800000000,2349,2.5600000000,259.8400000000,1.3500000000,350.7840000000,rolling_shadow_price_exchange::lagrangian_balanced
22,RegionA,Flat,644.3100000000,0.0000000000,0.6537000000,500.0000000000,266.8433330000,2350,18.7266666667,285.5699996667,1.3500000000,385.5194995500,rolling_shadow_price_exchange::lagrangian_balanced
23,RegionA,Flat,644.7400000000,0.0000000000,0.6623000000,510.2200000000,315.1273330000,2351,19.0160000000,334.1433330000,1.3500000000,451.0934995500,rolling_shadow_price_exchange::lagrangian_balanced
24,RegionA,Valley,465.9500000000,0.0000000000,0.6679000000,540.1900000000,320.0600000000,2352,19.8000000000,339.8600000000,1.3500000000,458.8110000000,rolling_shadow_price_exchange::lagrangian_balanced
25,RegionA,Valley,466.2500000000,0.0000000000,0.6703000000,587.8700000000,357.6143330000,2353,18.9106666667,376.5249996667,1.3500000000,508.3087495500,rolling_shadow_price_exchange::lagrangian_balanced
26,RegionA,Valley,466.5600000000,0.0000000000,0.6693000000,650.0000000000,380.1740000000,2354,19.2693333333,399.4433333333,1.3500000000,539.2485000000,rolling_shadow_price_exchange::lagrangian_balanced
27,RegionA,Valley,466.8600000000,0.0000000000,0.6650000000,722.3500000000,376.8586670000,2355,18.2080000000,395.0666670000,1.3500000000,533.3400004500,rolling_shadow_price_exchange::lagrangian_balanced
28,RegionA,Valley,467.1600000000,0.0000000000,0.6578000000,800.0000000000,382.0483330000,2356,8.8400000000,390.8883330000,1.3500000000,527.6992495500,rolling_shadow_price_exchange::lagrangian_balanced
29,RegionA,Valley,467.4700000000,0.0000000000,0.6483000000,877.6500000000,394.3153330000,2357,8.5146666667,402.8299996667,1.3500000000,543.8204995500,rolling_shadow_price_exchange::lagrangian_balanced
30,RegionA,Valley,467.7600000000,0.0000000000,0.6370000000,950.0000000000,398.1686670000,2358,2.0280000000,400.1966670000,1.3500000000,540.2655004500,rolling_shadow_price_exchange::lagrangian_balanced
31,RegionA,Flat,720.1000000000,0.0000000000,0.6248000000,1012.1300000000,399.2600000000,2359,2.2400000000,401.5000000000,1.3500000000,542.0250000000,rolling_shadow_price_exchange::lagrangian_balanced
32,RegionA,Flat,720.5500000000,0.0000000000,0.6126000000,1059.8100000000,397.6533330000,2360,2.6466666667,400.2999996667,1.3500000000,540.4049995500,rolling_shadow_price_exchange::lagrangian_balanced
33,RegionA,Flat,721.0000000000,0.0000000000,0.6013000000,1089.7800000000,396.5840000000,2361,2.0160000000,398.6000000000,1.3500000000,538.1100000000,rolling_shadow_price_exchange::lagrangian_balanced
34,RegionA,Flat,721.4400000000,0.0000000000,0.5917000000,1100.0000000000,397.0053330000,2362,1.0946666667,398.0999996667,1.3500000000,537.4349995500,rolling_shadow_price_exchange::lagrangian_balanced
35,RegionA,Flat,721.8800000000,0.0000000000,0.5845000000,1089.7800000000,375.2343330000,2363,0.5173333333,375.7516663333,1.3500000000,507.2647495500,rolling_shadow_price_exchange::lagrangian_balanced
36,RegionA,Flat,722.3100000000,0.0000000000,0.5802000000,1059.8100000000,318.1453330000,2364,0.9213333333,319.0666663333,1.3500000000,430.7399995500,rolling_shadow_price_exchange::lagrangian_balanced
37,RegionA,Flat,722.7400000000,0.0000000000,0.5791000000,1012.1300000000,323.7120000000,2365,1.5546666667,325.2666666667,1.3500000000,439.1100000000,rolling_shadow_price_exchange::lagrangian_balanced
38,RegionA,Flat,723.1600000000,0.0000000000,0.5814000000,950.0000000000,306.7846670000,2366,2.2400000000,309.0246670000,1.3500000000,417.1833004500,rolling_shadow_price_exchange::lagrangian_balanced
39,RegionA,Flat,723.5700000000,0.0000000000,0.5869000000,877.6500000000,279.2650000000,2367,3.8583333333,283.1233333333,1.3500000000,382.2165000000,rolling_shadow_price_exchange::lagrangian_balanced
40,RegionA,Flat,723.9800000000,0.0000000000,0.5954000000,800.0000000000,252.6773330000,2368,4.1226666667,256.7999996667,1.3500000000,346.6799995500,rolling_shadow_price_exchange::lagrangian_balanced
41,RegionA,Peak,1050.3400000000,0.0000000000,0.6062000000,722.3500000000,244.0370000000,2369,4.2146666667,248.2516666667,1.3500000000,335.1397500000,rolling_shadow_price_exchange::lagrangian_balanced
42,RegionA,Peak,1050.9000000000,0.0000000000,0.6188000000,650.0000000000,223.7783330000,2370,3.9333333333,227.7116663333,1.3500000000,307.4107495500,rolling_shadow_price_exchange::lagrangian_balanced
43,RegionA,Peak,1051.4400000000,0.0000000000,0.6321000000,587.8700000000,211.6813330000,2371,3.8453333333,215.5266663333,1.3500000000,290.9609995500,rolling_shadow_price_exchange::lagrangian_balanced
44,RegionA,Peak,1051.9800000000,0.0000000000,0.6455000000,540.1900000000,228.3473330000,2372,2.6026666667,230.9499996667,1.3500000000,311.7824995500,rolling_shadow_price_exchange::lagrangian_balanced
45,RegionA,Peak,1052.4900000000,0.0000000000,0.6580000000,510.2200000000,261.0486670000,2373,1.5440000000,262.5926670000,1.3500000000,354.5001004500,rolling_shadow_price_exchange::lagrangian_balanced
46,RegionA,Flat,653.5800000000,0.0000000000,0.6687000000,500.0000000000,271.9233330000,2374,0.7733333333,272.6966663333,1.3500000000,368.1404995500,rolling_shadow_price_exchange::lagrangian_balanced
47,RegionA,Flat,653.8800000000,0.0000000000,0.6771000000,510.2200000000,314.1713330000,2375,1.0400000000,315.2113330000,1.3500000000,425.5352995500,rolling_shadow_price_exchange::lagrangian_balanced
48,RegionA,Valley,472.4600000000,0.0000000000,0.6825000000,540.1900000000,309.8046670000,2376,1.1653333333,310.9700003333,1.3500000000,419.8095004500,rolling_shadow_price_exchange::lagrangian_balanced
49,RegionA,Valley,472.6600000000,0.0000000000,0.6846000000,587.8700000000,365.4866670000,2377,2.5066666667,367.9933336667,1.3500000000,496.7910004500,rolling_shadow_price_exchange::lagrangian_balanced
50,RegionA,Valley,472.8600000000,0.0000000000,0.6833000000,650.0000000000,386.0133330000,2378,2.7000000000,388.7133330000,1.3500000000,524.7629995500,rolling_shadow_price_exchange::lagrangian_balanced
51,RegionA,Valley,473.0400000000,0.0000000000,0.6787000000,722.3500000000,393.1773330000,2379,2.7426666667,395.9199996667,1.3500000000,534.4919995500,rolling_shadow_price_exchange::lagrangian_balanced
52,RegionA,Valley,473.2200000000,0.0000000000,0.6712000000,800.0000000000,376.7273330000,2380,2.2293333333,378.9566663333,1.3500000000,511.5914995500,rolling_shadow_price_exchange::lagrangian_balanced
53,RegionA,Valley,473.3900000000,0.0000000000,0.6612000000,877.6500000000,374.4486670000,2381,1.8813333333,376.3300003333,1.3500000000,508.0455004500,rolling_shadow_price_exchange::lagrangian_balanced
54,RegionA,Valley,473.5500000000,0.0000000000,0.6496000000,950.0000000000,376.8520000000,2382,1.5906666667,378.4426666667,1.3500000000,510.8976000000,rolling_shadow_price_exchange::lagrangian_balanced
55,RegionA,Flat,728.7800000000,0.0000000000,0.6370000000,1012.1300000000,391.7786670000,2383,2.9213333333,394.7000003333,1.3500000000,532.8450004500,rolling_shadow_price_exchange::lagrangian_balanced
56,RegionA,Flat,729.0000000000,0.0000000000,0.6245000000,1059.8100000000,394.5553330000,2384,3.1680000000,397.7233330000,1.3500000000,536.9264995500,rolling_shadow_price_exchange::lagrangian_balanced
57,RegionA,Flat,729.2000000000,0.0000000000,0.6128000000,1089.7800000000,397.4733330000,2385,2.9666666667,400.4399996667,1.3500000000,540.5939995500,rolling_shadow_price_exchange::lagrangian_balanced
58,RegionA,Flat,729.4000000000,0.0000000000,0.6027000000,1100.0000000000,396.8240000000,2386,18.1760000000,415.0000000000,1.3500000000,560.2500000000,rolling_shadow_price_exchange::lagrangian_balanced
59,RegionA,Flat,729.5700000000,0.0000000000,0.5950000000,1089.7800000000,369.5850000000,2387,17.9266666667,387.5116666667,1.3500000000,523.1407500000,rolling_shadow_price_exchange::lagrangian_balanced
60,RegionA,Flat,729.7400000000,0.0000000000,0.5902000000,1059.8100000000,342.4593330000,2388,17.6253333333,360.0846663333,1.3500000000,486.1142995500,rolling_shadow_price_exchange::lagrangian_balanced
61,RegionA,Flat,729.8900000000,0.0000000000,0.5887000000,1012.1300000000,315.1733330000,2389,17.5133333333,332.6866663333,1.3500000000,449.1269995500,rolling_shadow_price_exchange::lagrangian_balanced
62,RegionA,Flat,730.0200000000,0.0000000000,0.5905000000,950.0000000000,303.7700000000,2390,14.0933333333,317.8633333333,1.3500000000,429.1155000000,rolling_shadow_price_exchange::lagrangian_balanced
63,RegionA,Flat,730.1400000000,0.0000000000,0.5955000000,877.6500000000,261.0856670000,2391,1.9200000000,263.0056670000,1.3500000000,355.0576504500,rolling_shadow_price_exchange::lagrangian_balanced
64,RegionA,Flat,730.2400000000,0.0000000000,0.6035000000,800.0000000000,246.1323330000,2392,1.8026666667,247.9349996667,1.3500000000,334.7122495500,rolling_shadow_price_exchange::lagrangian_balanced
65,RegionA,Peak,1058.9800000000,0.0000000000,0.6138000000,722.3500000000,205.5583330000,2393,3.1066666667,208.6649996667,1.3500000000,281.6977495500,rolling_shadow_price_exchange::lagrangian_balanced
66,RegionA,Peak,1059.0900000000,0.0000000000,0.6258000000,650.0000000000,216.9636670000,2394,2.9880000000,219.9516670000,1.3500000000,296.9347504500,rolling_shadow_price_exchange::lagrangian_balanced
67,RegionA,Peak,1059.1700000000,0.0000000000,0.6386000000,587.8700000000,224.5660000000,2395,2.6173333333,227.1833333333,1.3500000000,306.6975000000,rolling_shadow_price_exchange::lagrangian_balanced
68,RegionA,Peak,1059.2300000000,0.0000000000,0.6514000000,540.1900000000,219.6760000000,2396,3.0440000000,222.7200000000,1.3500000000,300.6720000000,rolling_shadow_price_exchange::lagrangian_balanced
69,RegionA,Peak,1059.2700000000,0.0000000000,0.6633000000,510.2200000000,207.5086670000,2397,2.1813333333,209.6900003333,1.3500000000,283.0815004500,rolling_shadow_price_exchange::lagrangian_balanced
70,RegionA,Flat,657.4900000000,0.0000000000,0.6735000000,500.0000000000,260.8906670000,2398,4.9893333333,265.8800003333,1.3500000000,358.9380004500,rolling_shadow_price_exchange::lagrangian_balanced
71,RegionA,Flat,657.4900000000,0.0000000000,0.6812000000,510.2200000000,302.2800000000,2399,3.9400000000,306.2200000000,1.3500000000,413.3970000000,rolling_shadow_price_exchange::lagrangian_balanced
0,RegionB,Valley,440.3000000000,0.0000000000,0.6112000000,540.1900000000,329.5996670000,2328,9.1600000000,338.7596670000,1.3500000000,457.3255504500,rolling_shadow_price_exchange::lagrangian_balanced
1,RegionB,Valley,440.5000000000,0.0000000000,0.6132000000,587.8700000000,349.9616670000,2329,22.6000000000,372.5616670000,1.3500000000,502.9582504500,rolling_shadow_price_exchange::lagrangian_balanced
2,RegionB,Valley,440.7100000000,0.0000000000,0.6121000000,650.0000000000,354.2093330000,2330,24.5506666667,378.7599996667,1.3500000000,511.3259995500,rolling_shadow_price_exchange::lagrangian_balanced
3,RegionB,Valley,440.9200000000,0.0000000000,0.6079000000,722.3500000000,352.7773330000,2331,26.4826666667,379.2599996667,1.3500000000,512.0009995500,rolling_shadow_price_exchange::lagrangian_balanced
4,RegionB,Valley,441.1400000000,0.0000000000,0.6010000000,800.0000000000,339.1006670000,2332,35.3600000000,374.4606670000,1.3500000000,505.5219004500,rolling_shadow_price_exchange::lagrangian_balanced
5,RegionB,Valley,441.3700000000,0.0000000000,0.5919000000,877.6500000000,346.7413330000,2333,34.7986666667,381.5399996667,1.3500000000,515.0789995500,rolling_shadow_price_exchange::lagrangian_balanced
6,RegionB,Valley,441.6100000000,0.0000000000,0.5812000000,950.0000000000,364.8793330000,2334,25.4340000000,390.3133330000,1.3500000000,526.9229995500,rolling_shadow_price_exchange::lagrangian_balanced
7,RegionB,Flat,679.7600000000,0.0000000000,0.5697000000,1012.1300000000,346.4893330000,2335,50.0373333333,396.5266663333,1.3500000000,535.3109995500,rolling_shadow_price_exchange::lagrangian_balanced
8,RegionB,Flat,680.1400000000,0.0000000000,0.5582000000,1059.8100000000,358.4623330000,2336,31.9796666667,390.4419996667,1.3500000000,527.0966995500,rolling_shadow_price_exchange::lagrangian_balanced
9,RegionB,Flat,680.5300000000,0.0000000000,0.5475000000,1089.7800000000,379.0433330000,2337,15.3566666667,394.3999996667,1.3500000000,532.4399995500,rolling_shadow_price_exchange::lagrangian_balanced
10,RegionB,Flat,680.9200000000,0.0000000000,0.5385000000,1100.0000000000,378.1320000000,2338,23.2746666667,401.4066666667,1.3500000000,541.8990000000,rolling_shadow_price_exchange::lagrangian_balanced
11,RegionB,Flat,681.3200000000,0.0000000000,0.5317000000,1089.7800000000,372.8233330000,2339,27.5600000000,400.3833330000,1.3500000000,540.5174995500,rolling_shadow_price_exchange::lagrangian_balanced
12,RegionB,Flat,681.7300000000,0.0000000000,0.5276000000,1059.8100000000,322.6046670000,2340,72.7680000000,395.3726670000,1.3500000000,533.7531004500,rolling_shadow_price_exchange::lagrangian_balanced
13,RegionB,Flat,682.1500000000,0.0000000000,0.5266000000,1012.1300000000,323.3373330000,2341,72.7976666667,396.1349996667,1.3500000000,534.7822495500,rolling_shadow_price_exchange::lagrangian_balanced
14,RegionB,Flat,682.5700000000,0.0000000000,0.5288000000,950.0000000000,276.1840000000,2342,64.9866666667,341.1706666667,1.3500000000,460.5804000000,rolling_shadow_price_exchange::lagrangian_balanced
15,RegionB,Flat,682.9900000000,0.0000000000,0.5341000000,877.6500000000,242.6993330000,2343,52.9173333333,295.6166663333,1.3500000000,399.0824995500,rolling_shadow_price_exchange::lagrangian_balanced
16,RegionB,Flat,683.4200000000,0.0000000000,0.5421000000,800.0000000000,238.4366670000,2344,24.5483333333,262.9850003333,1.3500000000,355.0297504500,rolling_shadow_price_exchange::lagrangian_balanced
17,RegionB,Peak,991.5900000000,0.0000000000,0.5523000000,722.3500000000,219.4903330000,2345,3.1196666667,222.6099996667,1.3500000000,300.5234995500,rolling_shadow_price_exchange::lagrangian_balanced
18,RegionB,Peak,992.2300000000,0.0000000000,0.5641000000,650.0000000000,184.2533330000,2346,2.7600000000,187.0133330000,1.3500000000,252.4679995500,rolling_shadow_price_exchange::lagrangian_balanced
19,RegionB,Peak,992.8700000000,0.0000000000,0.5768000000,587.8700000000,202.8813330000,2347,2.0666666667,204.9479996667,1.3500000000,276.6797995500,rolling_shadow_price_exchange::lagrangian_balanced
20,RegionB,Peak,993.5100000000,0.0000000000,0.5894000000,540.1900000000,200.0480000000,2348,2.1120000000,202.1600000000,1.3500000000,272.9160000000,rolling_shadow_price_exchange::lagrangian_balanced
21,RegionB,Peak,994.1600000000,0.0000000000,0.6013000000,510.2200000000,242.9640000000,2349,1.9760000000,244.9400000000,1.3500000000,330.6690000000,rolling_shadow_price_exchange::lagrangian_balanced
22,RegionB,Flat,617.4700000000,0.0000000000,0.6115000000,500.0000000000,267.6920000000,2350,2.5693333333,270.2613333333,1.3500000000,364.8528000000,rolling_shadow_price_exchange::lagrangian_balanced
23,RegionB,Flat,617.8700000000,0.0000000000,0.6195000000,510.2200000000,311.7866670000,2351,3.3733333333,315.1600003333,1.3500000000,425.4660004500,rolling_shadow_price_exchange::lagrangian_balanced
24,RegionB,Valley,446.5300000000,0.0000000000,0.6248000000,540.1900000000,331.2233330000,2352,6.3366666667,337.5599996667,1.3500000000,455.7059995500,rolling_shadow_price_exchange::lagrangian_balanced
25,RegionB,Valley,446.8200000000,0.0000000000,0.6271000000,587.8700000000,385.6310000000,2353,15.7973333333,401.4283333333,1.3500000000,541.9282500000,rolling_shadow_price_exchange::lagrangian_balanced
26,RegionB,Valley,447.1200000000,0.0000000000,0.6261000000,650.0000000000,384.5666670000,2354,16.7833333333,401.3500003333,1.3500000000,541.8225004500,rolling_shadow_price_exchange::lagrangian_balanced
27,RegionB,Valley,447.4100000000,0.0000000000,0.6221000000,722.3500000000,381.8070000000,2355,23.2213333333,405.0283333333,1.3500000000,546.7882500000,rolling_shadow_price_exchange::lagrangian_balanced
28,RegionB,Valley,447.7000000000,0.0000000000,0.6154000000,800.0000000000,381.0333330000,2356,23.3650000000,404.3983330000,1.3500000000,545.9377495500,rolling_shadow_price_exchange::lagrangian_balanced
29,RegionB,Valley,447.9900000000,0.0000000000,0.6064000000,877.6500000000,378.8783330000,2357,26.1150000000,404.9933330000,1.3500000000,546.7409995500,rolling_shadow_price_exchange::lagrangian_balanced
30,RegionB,Valley,448.2700000000,0.0000000000,0.5959000000,950.0000000000,381.2360000000,2358,19.4040000000,400.6400000000,1.3500000000,540.8640000000,rolling_shadow_price_exchange::lagrangian_balanced
31,RegionB,Flat,690.0900000000,0.0000000000,0.5845000000,1012.1300000000,380.1606670000,2359,14.1393333333,394.3000003333,1.3500000000,532.3050004500,rolling_shadow_price_exchange::lagrangian_balanced
32,RegionB,Flat,690.5300000000,0.0000000000,0.5731000000,1059.8100000000,379.8506670000,2360,15.6493333333,395.5000003333,1.3500000000,533.9250004500,rolling_shadow_price_exchange::lagrangian_balanced
33,RegionB,Flat,690.9600000000,0.0000000000,0.5625000000,1089.7800000000,350.2113330000,2361,28.0086666667,378.2199996667,1.3500000000,510.5969995500,rolling_shadow_price_exchange::lagrangian_balanced
34,RegionB,Flat,691.3800000000,0.0000000000,0.5535000000,1100.0000000000,365.4543330000,2362,11.4656666667,376.9199996667,1.3500000000,508.8419995500,rolling_shadow_price_exchange::lagrangian_balanced
35,RegionB,Flat,691.8000000000,0.0000000000,0.5468000000,1089.7800000000,362.7906670000,2363,5.4386666667,368.2293336667,1.3500000000,497.1096004500,rolling_shadow_price_exchange::lagrangian_balanced
36,RegionB,Flat,692.2200000000,0.0000000000,0.5427000000,1059.8100000000,330.5920000000,2364,14.0663333333,344.6583333333,1.3500000000,465.2887500000,rolling_shadow_price_exchange::lagrangian_balanced
37,RegionB,Flat,692.6300000000,0.0000000000,0.5417000000,1012.1300000000,298.3550000000,2365,13.4920000000,311.8470000000,1.3500000000,420.9934500000,rolling_shadow_price_exchange::lagrangian_balanced
38,RegionB,Flat,693.0300000000,0.0000000000,0.5439000000,950.0000000000,280.8883330000,2366,13.3226666667,294.2109996667,1.3500000000,397.1848495500,rolling_shadow_price_exchange::lagrangian_balanced
39,RegionB,Flat,693.4200000000,0.0000000000,0.5491000000,877.6500000000,256.3330000000,2367,5.2303333333,261.5633333333,1.3500000000,353.1105000000,rolling_shadow_price_exchange::lagrangian_balanced
40,RegionB,Flat,693.8100000000,0.0000000000,0.5570000000,800.0000000000,200.6893330000,2368,3.7413333333,204.4306663333,1.3500000000,275.9813995500,rolling_shadow_price_exchange::lagrangian_balanced
41,RegionB,Peak,1006.5700000000,0.0000000000,0.5671000000,722.3500000000,190.8946670000,2369,2.7503333333,193.6450003333,1.3500000000,261.4207504500,rolling_shadow_price_exchange::lagrangian_balanced
42,RegionB,Peak,1007.1100000000,0.0000000000,0.5788000000,650.0000000000,178.5946670000,2370,2.4840000000,181.0786670000,1.3500000000,244.4562004500,rolling_shadow_price_exchange::lagrangian_balanced
43,RegionB,Peak,1007.6300000000,0.0000000000,0.5913000000,587.8700000000,191.3273330000,2371,3.7826666667,195.1099996667,1.3500000000,263.3984995500,rolling_shadow_price_exchange::lagrangian_balanced
44,RegionB,Peak,1008.1400000000,0.0000000000,0.6038000000,540.1900000000,232.9260000000,2372,5.6000000000,238.5260000000,1.3500000000,322.0101000000,rolling_shadow_price_exchange::lagrangian_balanced
45,RegionB,Peak,1008.6400000000,0.0000000000,0.6155000000,510.2200000000,237.5366670000,2373,6.2600000000,243.7966670000,1.3500000000,329.1255004500,rolling_shadow_price_exchange::lagrangian_balanced
46,RegionB,Flat,626.3500000000,0.0000000000,0.6256000000,500.0000000000,296.9360000000,2374,11.0573333333,307.9933333333,1.3500000000,415.7910000000,rolling_shadow_price_exchange::lagrangian_balanced
47,RegionB,Flat,626.6400000000,0.0000000000,0.6334000000,510.2200000000,282.9753330000,2375,12.9746666667,295.9499996667,1.3500000000,399.5324995500,rolling_shadow_price_exchange::lagrangian_balanced
48,RegionB,Valley,452.7700000000,0.0000000000,0.6384000000,540.1900000000,326.3646670000,2376,21.7820000000,348.1466670000,1.3500000000,469.9980004500,rolling_shadow_price_exchange::lagrangian_balanced
49,RegionB,Valley,452.9700000000,0.0000000000,0.6404000000,587.8700000000,352.3613330000,2377,22.8553333333,375.2166663333,1.3500000000,506.5424995500,rolling_shadow_price_exchange::lagrangian_balanced
50,RegionB,Valley,453.1500000000,0.0000000000,0.6392000000,650.0000000000,382.8506670000,2378,19.5660000000,402.4166670000,1.3500000000,543.2625004500,rolling_shadow_price_exchange::lagrangian_balanced
51,RegionB,Valley,453.3300000000,0.0000000000,0.6349000000,722.3500000000,383.3320000000,2379,19.8680000000,403.2000000000,1.3500000000,544.3200000000,rolling_shadow_price_exchange::lagrangian_balanced
52,RegionB,Valley,453.5000000000,0.0000000000,0.6279000000,800.0000000000,361.2666670000,2380,43.2966666667,404.5633336667,1.3500000000,546.1605004500,rolling_shadow_price_exchange::lagrangian_balanced
53,RegionB,Valley,453.6700000000,0.0000000000,0.6186000000,877.6500000000,353.5386670000,2381,32.6380000000,386.1766670000,1.3500000000,521.3385004500,rolling_shadow_price_exchange::lagrangian_balanced
54,RegionB,Valley,453.8200000000,0.0000000000,0.6077000000,950.0000000000,357.0840000000,2382,27.6533333333,384.7373333333,1.3500000000,519.3954000000,rolling_shadow_price_exchange::lagrangian_balanced
55,RegionB,Flat,698.4100000000,0.0000000000,0.5959000000,1012.1300000000,367.3306670000,2383,10.7493333333,378.0800003333,1.3500000000,510.4080004500,rolling_shadow_price_exchange::lagrangian_balanced
56,RegionB,Flat,698.6200000000,0.0000000000,0.5842000000,1059.8100000000,363.4200000000,2384,8.9400000000,372.3600000000,1.3500000000,502.6860000000,rolling_shadow_price_exchange::lagrangian_balanced
57,RegionB,Flat,698.8200000000,0.0000000000,0.5732000000,1089.7800000000,361.1400000000,2385,11.2653333333,372.4053333333,1.3500000000,502.7472000000,rolling_shadow_price_exchange::lagrangian_balanced
58,RegionB,Flat,699.0100000000,0.0000000000,0.5638000000,1100.0000000000,348.6093330000,2386,29.5306666667,378.1399996667,1.3500000000,510.4889995500,rolling_shadow_price_exchange::lagrangian_balanced
59,RegionB,Flat,699.1800000000,0.0000000000,0.5566000000,1089.7800000000,357.3126670000,2387,29.6276666667,386.9403336667,1.3500000000,522.3694504500,rolling_shadow_price_exchange::lagrangian_balanced
60,RegionB,Flat,699.3300000000,0.0000000000,0.5521000000,1059.8100000000,309.8926670000,2388,38.9626666667,348.8553336667,1.3500000000,470.9547004500,rolling_shadow_price_exchange::lagrangian_balanced
61,RegionB,Flat,699.4700000000,0.0000000000,0.5507000000,1012.1300000000,312.1226670000,2389,23.5143333333,335.6370003333,1.3500000000,453.1099504500,rolling_shadow_price_exchange::lagrangian_balanced
62,RegionB,Flat,699.6000000000,0.0000000000,0.5524000000,950.0000000000,283.5113330000,2390,21.3720000000,304.8833330000,1.3500000000,411.5924995500,rolling_shadow_price_exchange::lagrangian_balanced
63,RegionB,Flat,699.7200000000,0.0000000000,0.5571000000,877.6500000000,267.3846670000,2391,25.0500000000,292.4346670000,1.3500000000,394.7868004500,rolling_shadow_price_exchange::lagrangian_balanced
64,RegionB,Flat,699.8200000000,0.0000000000,0.5645000000,800.0000000000,246.2640000000,2392,8.4450000000,254.7090000000,1.3500000000,343.8571500000,rolling_shadow_price_exchange::lagrangian_balanced
65,RegionB,Peak,1014.8600000000,0.0000000000,0.5742000000,722.3500000000,186.7613330000,2393,7.0086666667,193.7699996667,1.3500000000,261.5894995500,rolling_shadow_price_exchange::lagrangian_balanced
66,RegionB,Peak,1014.9600000000,0.0000000000,0.5854000000,650.0000000000,204.9200000000,2394,4.6683333333,209.5883333333,1.3500000000,282.9442500000,rolling_shadow_price_exchange::lagrangian_balanced
67,RegionB,Peak,1015.0400000000,0.0000000000,0.5974000000,587.8700000000,193.2233330000,2395,3.0800000000,196.3033330000,1.3500000000,265.0094995500,rolling_shadow_price_exchange::lagrangian_balanced
68,RegionB,Peak,1015.1000000000,0.0000000000,0.6094000000,540.1900000000,192.4226670000,2396,3.2946666667,195.7173336667,1.3500000000,264.2184004500,rolling_shadow_price_exchange::lagrangian_balanced
69,RegionB,Peak,1015.1400000000,0.0000000000,0.6205000000,510.2200000000,240.4346670000,2397,2.3733333333,242.8080003333,1.3500000000,327.7908004500,rolling_shadow_price_exchange::lagrangian_balanced
70,RegionB,Flat,630.1000000000,0.0000000000,0.6300000000,500.0000000000,273.0810000000,2398,4.7400000000,277.8210000000,1.3500000000,375.0583500000,rolling_shadow_price_exchange::lagrangian_balanced
71,RegionB,Flat,630.1000000000,0.0000000000,0.6373000000,510.2200000000,283.8833330000,2399,11.8800000000,295.7633330000,1.3500000000,399.2804995500,rolling_shadow_price_exchange::lagrangian_balanced
0,RegionC,Valley,427.5400000000,0.0000000000,0.5796000000,540.1900000000,327.3393330000,2328,0.8000000000,328.1393330000,1.3800000000,452.8322795400,rolling_shadow_price_exchange::lagrangian_balanced
1,RegionC,Valley,427.7300000000,0.0000000000,0.5815000000,587.8700000000,365.0203330000,2329,3.9600000000,368.9803330000,1.3800000000,509.1928595400,rolling_shadow_price_exchange::lagrangian_balanced
2,RegionC,Valley,427.9300000000,0.0000000000,0.5804000000,650.0000000000,348.0586670000,2330,54.3550000000,402.4136670000,1.3800000000,555.3308604600,rolling_shadow_price_exchange::lagrangian_balanced
3,RegionC,Valley,428.1400000000,0.0000000000,0.5764000000,722.3500000000,346.1840000000,2331,56.0240000000,402.2080000000,1.3800000000,555.0470400000,rolling_shadow_price_exchange::lagrangian_balanced
4,RegionC,Valley,428.3600000000,0.0000000000,0.5699000000,800.0000000000,335.2746670000,2332,60.4346666667,395.7093336667,1.3800000000,546.0788804600,rolling_shadow_price_exchange::lagrangian_balanced
5,RegionC,Valley,428.5800000000,0.0000000000,0.5612000000,877.6500000000,350.5380000000,2333,39.0620000000,389.6000000000,1.3800000000,537.6480000000,rolling_shadow_price_exchange::lagrangian_balanced
6,RegionC,Valley,428.8100000000,0.0000000000,0.5511000000,950.0000000000,361.1233330000,2334,29.3700000000,390.4933330000,1.3800000000,538.8807995400,rolling_shadow_price_exchange::lagrangian_balanced
7,RegionC,Flat,660.0600000000,0.0000000000,0.5402000000,1012.1300000000,381.5000000000,2335,9.4200000000,390.9200000000,1.3800000000,539.4696000000,rolling_shadow_price_exchange::lagrangian_balanced
8,RegionC,Flat,660.4300000000,0.0000000000,0.5293000000,1059.8100000000,382.4046670000,2336,17.6353333333,400.0400003333,1.3800000000,552.0552004600,rolling_shadow_price_exchange::lagrangian_balanced
9,RegionC,Flat,660.8000000000,0.0000000000,0.5192000000,1089.7800000000,379.0853330000,2337,22.2546666667,401.3399996667,1.3800000000,553.8491995400,rolling_shadow_price_exchange::lagrangian_balanced
10,RegionC,Flat,661.1900000000,0.0000000000,0.5106000000,1100.0000000000,370.0880000000,2338,33.0520000000,403.1400000000,1.3800000000,556.3332000000,rolling_shadow_price_exchange::lagrangian_balanced
11,RegionC,Flat,661.5700000000,0.0000000000,0.5042000000,1089.7800000000,368.3493330000,2339,33.9840000000,402.3333330000,1.3800000000,555.2199995400,rolling_shadow_price_exchange::lagrangian_balanced
12,RegionC,Flat,661.9700000000,0.0000000000,0.5003000000,1059.8100000000,352.5120000000,2340,42.4160000000,394.9280000000,1.3800000000,545.0006400000,rolling_shadow_price_exchange::lagrangian_balanced
13,RegionC,Flat,662.3700000000,0.0000000000,0.4994000000,1012.1300000000,297.4210000000,2341,71.1643333333,368.5853333333,1.3800000000,508.6477600000,rolling_shadow_price_exchange::lagrangian_balanced
14,RegionC,Flat,662.7800000000,0.0000000000,0.5015000000,950.0000000000,262.4216670000,2342,76.6173333333,339.0390003333,1.3800000000,467.8738204600,rolling_shadow_price_exchange::lagrangian_balanced
15,RegionC,Flat,663.1900000000,0.0000000000,0.5064000000,877.6500000000,236.3476670000,2343,57.8240000000,294.1716670000,1.3800000000,405.9569004600,rolling_shadow_price_exchange::lagrangian_balanced
16,RegionC,Flat,663.6100000000,0.0000000000,0.5140000000,800.0000000000,216.3433330000,2344,73.2280000000,289.5713330000,1.3800000000,399.6084395400,rolling_shadow_price_exchange::lagrangian_balanced
17,RegionC,Peak,962.8500000000,0.0000000000,0.5237000000,722.3500000000,239.9960000000,2345,48.2940000000,288.2900000000,1.3800000000,397.8402000000,rolling_shadow_price_exchange::lagrangian_balanced
18,RegionC,Peak,963.4700000000,0.0000000000,0.5349000000,650.0000000000,217.0860000000,2346,32.8826666667,249.9686666667,1.3800000000,344.9567600000,rolling_shadow_price_exchange::lagrangian_balanced
19,RegionC,Peak,964.0900000000,0.0000000000,0.5469000000,587.8700000000,217.6686670000,2347,19.5013333333,237.1700003333,1.3800000000,327.2946004600,rolling_shadow_price_exchange::lagrangian_balanced
20,RegionC,Peak,964.7100000000,0.0000000000,0.5589000000,540.1900000000,237.8090000000,2348,17.6343333333,255.4433333333,1.3800000000,352.5118000000,rolling_shadow_price_exchange::lagrangian_balanced
21,RegionC,Peak,965.3400000000,0.0000000000,0.5702000000,510.2200000000,268.8300000000,2349,16.8700000000,285.7000000000,1.3800000000,394.2660000000,rolling_shadow_price_exchange::lagrangian_balanced
22,RegionC,Flat,599.5700000000,0.0000000000,0.5799000000,500.0000000000,207.6680000000,2350,46.9586666667,254.6266666667,1.3800000000,351.3848000000,rolling_shadow_price_exchange::lagrangian_balanced
23,RegionC,Flat,599.9600000000,0.0000000000,0.5875000000,510.2200000000,329.1183330000,2351,52.7916666667,381.9099996667,1.3800000000,527.0357995400,rolling_shadow_price_exchange::lagrangian_balanced
24,RegionC,Valley,433.5900000000,0.0000000000,0.5925000000,540.1900000000,296.8280000000,2352,51.4506666667,348.2786666667,1.3800000000,480.6245600000,rolling_shadow_price_exchange::lagrangian_balanced
25,RegionC,Valley,433.8700000000,0.0000000000,0.5946000000,587.8700000000,364.7720000000,2353,34.4246666667,399.1966666667,1.3800000000,550.8914000000,rolling_shadow_price_exchange::lagrangian_balanced
26,RegionC,Valley,434.1600000000,0.0000000000,0.5937000000,650.0000000000,373.9086670000,2354,14.4180000000,388.3266670000,1.3800000000,535.8908004600,rolling_shadow_price_exchange::lagrangian_balanced
27,RegionC,Valley,434.4400000000,0.0000000000,0.5900000000,722.3500000000,383.4480000000,2355,20.1370000000,403.5850000000,1.3800000000,556.9473000000,rolling_shadow_price_exchange::lagrangian_balanced
28,RegionC,Valley,434.7200000000,0.0000000000,0.5836000000,800.0000000000,382.4500000000,2356,20.3700000000,402.8200000000,1.3800000000,555.8916000000,rolling_shadow_price_exchange::lagrangian_balanced
29,RegionC,Valley,435.0000000000,0.0000000000,0.5751000000,877.6500000000,374.5486670000,2357,27.1380000000,401.6866670000,1.3800000000,554.3276004600,rolling_shadow_price_exchange::lagrangian_balanced
30,RegionC,Valley,435.2800000000,0.0000000000,0.5651000000,950.0000000000,374.9880000000,2358,24.5786666667,399.5666666667,1.3800000000,551.4020000000,rolling_shadow_price_exchange::lagrangian_balanced
31,RegionC,Flat,670.0900000000,0.0000000000,0.5543000000,1012.1300000000,373.1440000000,2359,24.1760000000,397.3200000000,1.3800000000,548.3016000000,rolling_shadow_price_exchange::lagrangian_balanced
32,RegionC,Flat,670.5100000000,0.0000000000,0.5435000000,1059.8100000000,375.7810000000,2360,21.5390000000,397.3200000000,1.3800000000,548.3016000000,rolling_shadow_price_exchange::lagrangian_balanced
33,RegionC,Flat,670.9300000000,0.0000000000,0.5334000000,1089.7800000000,376.6360000000,2361,19.3760000000,396.0120000000,1.3800000000,546.4965600000,rolling_shadow_price_exchange::lagrangian_balanced
34,RegionC,Flat,671.3400000000,0.0000000000,0.5249000000,1100.0000000000,376.7000000000,2362,16.6000000000,393.3000000000,1.3800000000,542.7540000000,rolling_shadow_price_exchange::lagrangian_balanced
35,RegionC,Flat,671.7500000000,0.0000000000,0.5185000000,1089.7800000000,369.5560000000,2363,31.9406666667,401.4966666667,1.3800000000,554.0654000000,rolling_shadow_price_exchange::lagrangian_balanced
36,RegionC,Flat,672.1500000000,0.0000000000,0.5147000000,1059.8100000000,316.0103330000,2364,60.8230000000,376.8333330000,1.3800000000,520.0299995400,rolling_shadow_price_exchange::lagrangian_balanced
37,RegionC,Flat,672.5500000000,0.0000000000,0.5137000000,1012.1300000000,314.0360000000,2365,68.5053333333,382.5413333333,1.3800000000,527.9070400000,rolling_shadow_price_exchange::lagrangian_balanced
38,RegionC,Flat,672.9400000000,0.0000000000,0.5157000000,950.0000000000,294.2033330000,2366,49.4590000000,343.6623330000,1.3800000000,474.2540195400,rolling_shadow_price_exchange::lagrangian_balanced
39,RegionC,Flat,673.3200000000,0.0000000000,0.5207000000,877.6500000000,279.1140000000,2367,37.4793333333,316.5933333333,1.3800000000,436.8988000000,rolling_shadow_price_exchange::lagrangian_balanced
40,RegionC,Flat,673.7000000000,0.0000000000,0.5282000000,800.0000000000,232.7940000000,2368,41.9403333333,274.7343333333,1.3800000000,379.1333800000,rolling_shadow_price_exchange::lagrangian_balanced
41,RegionC,Peak,977.4000000000,0.0000000000,0.5378000000,722.3500000000,225.5886670000,2369,23.2746666667,248.8633336667,1.3800000000,343.4314004600,rolling_shadow_price_exchange::lagrangian_balanced
42,RegionC,Peak,977.9200000000,0.0000000000,0.5489000000,650.0000000000,232.9393330000,2370,22.4603333333,255.3996663333,1.3800000000,352.4515395400,rolling_shadow_price_exchange::lagrangian_balanced
43,RegionC,Peak,978.4300000000,0.0000000000,0.5608000000,587.8700000000,208.9546670000,2371,24.8066666667,233.7613336667,1.3800000000,322.5906404600,rolling_shadow_price_exchange::lagrangian_balanced
44,RegionC,Peak,978.9200000000,0.0000000000,0.5726000000,540.1900000000,235.8600000000,2372,23.7066666667,259.5666666667,1.3800000000,358.2020000000,rolling_shadow_price_exchange::lagrangian_balanced
45,RegionC,Peak,979.4000000000,0.0000000000,0.5837000000,510.2200000000,248.6806670000,2373,23.4060000000,272.0866670000,1.3800000000,375.4796004600,rolling_shadow_price_exchange::lagrangian_balanced
46,RegionC,Flat,608.1900000000,0.0000000000,0.5932000000,500.0000000000,260.6800000000,2374,56.0720000000,316.7520000000,1.3800000000,437.1177600000,rolling_shadow_price_exchange::lagrangian_balanced
47,RegionC,Flat,608.4800000000,0.0000000000,0.6006000000,510.2200000000,294.2513330000,2375,59.0573333333,353.3086663333,1.3800000000,487.5659595400,rolling_shadow_price_exchange::lagrangian_balanced
48,RegionC,Valley,439.6500000000,0.0000000000,0.6054000000,540.1900000000,344.6903330000,2376,58.9930000000,403.6833330000,1.3800000000,557.0829995400,rolling_shadow_price_exchange::lagrangian_balanced
49,RegionC,Valley,439.8400000000,0.0000000000,0.6073000000,587.8700000000,328.5200000000,2377,59.4573333333,387.9773333333,1.3800000000,535.4087200000,rolling_shadow_price_exchange::lagrangian_balanced
50,RegionC,Valley,440.0200000000,0.0000000000,0.6061000000,650.0000000000,365.2826670000,2378,36.8773333333,402.1600003333,1.3800000000,554.9808004600,rolling_shadow_price_exchange::lagrangian_balanced
51,RegionC,Valley,440.1900000000,0.0000000000,0.6021000000,722.3500000000,363.2253330000,2379,36.6946666667,399.9199996667,1.3800000000,551.8895995400,rolling_shadow_price_exchange::lagrangian_balanced
52,RegionC,Valley,440.3600000000,0.0000000000,0.5954000000,800.0000000000,367.8300000000,2380,29.2100000000,397.0400000000,1.3800000000,547.9152000000,rolling_shadow_price_exchange::lagrangian_balanced
53,RegionC,Valley,440.5200000000,0.0000000000,0.5866000000,877.6500000000,365.4100000000,2381,29.8406666667,395.2506666667,1.3800000000,545.4459200000,rolling_shadow_price_exchange::lagrangian_balanced
54,RegionC,Valley,440.6700000000,0.0000000000,0.5763000000,950.0000000000,353.6200000000,2382,39.5200000000,393.1400000000,1.3800000000,542.5332000000,rolling_shadow_price_exchange::lagrangian_balanced
55,RegionC,Flat,678.1700000000,0.0000000000,0.5651000000,1012.1300000000,365.7733330000,2383,26.7266666667,392.4999996667,1.3800000000,541.6499995400,rolling_shadow_price_exchange::lagrangian_balanced
56,RegionC,Flat,678.3700000000,0.0000000000,0.5540000000,1059.8100000000,379.2686670000,2384,12.4080000000,391.6766670000,1.3800000000,540.5138004600,rolling_shadow_price_exchange::lagrangian_balanced
57,RegionC,Flat,678.5700000000,0.0000000000,0.5436000000,1089.7800000000,380.2613330000,2385,9.4853333333,389.7466663333,1.3800000000,537.8503995400,rolling_shadow_price_exchange::lagrangian_balanced
58,RegionC,Flat,678.7400000000,0.0000000000,0.5347000000,1100.0000000000,381.1093330000,2386,20.9506666667,402.0599996667,1.3800000000,554.8427995400,rolling_shadow_price_exchange::lagrangian_balanced
59,RegionC,Flat,678.9100000000,0.0000000000,0.5278000000,1089.7800000000,367.1863330000,2387,34.8736666667,402.0599996667,1.3800000000,554.8427995400,rolling_shadow_price_exchange::lagrangian_balanced
60,RegionC,Flat,679.0600000000,0.0000000000,0.5236000000,1059.8100000000,304.7506670000,2388,72.4093333333,377.1600003333,1.3800000000,520.4808004600,rolling_shadow_price_exchange::lagrangian_balanced
61,RegionC,Flat,679.2000000000,0.0000000000,0.5222000000,1012.1300000000,323.6700000000,2389,70.3453333333,394.0153333333,1.3800000000,543.7411600000,rolling_shadow_price_exchange::lagrangian_balanced
62,RegionC,Flat,679.3200000000,0.0000000000,0.5238000000,950.0000000000,297.5186670000,2390,66.6613333333,364.1800003333,1.3800000000,502.5684004600,rolling_shadow_price_exchange::lagrangian_balanced
63,RegionC,Flat,679.4300000000,0.0000000000,0.5283000000,877.6500000000,287.3153330000,2391,48.3293333333,335.6446663333,1.3800000000,463.1896395400,rolling_shadow_price_exchange::lagrangian_balanced
64,RegionC,Flat,679.5300000000,0.0000000000,0.5353000000,800.0000000000,251.3046670000,2392,20.0983333333,271.4030003333,1.3800000000,374.5361404600,rolling_shadow_price_exchange::lagrangian_balanced
65,RegionC,Peak,985.4400000000,0.0000000000,0.5445000000,722.3500000000,199.5000000000,2393,15.8350000000,215.3350000000,1.3800000000,297.1623000000,rolling_shadow_price_exchange::lagrangian_balanced
66,RegionC,Peak,985.5400000000,0.0000000000,0.5551000000,650.0000000000,221.4730000000,2394,18.3470000000,239.8200000000,1.3800000000,330.9516000000,rolling_shadow_price_exchange::lagrangian_balanced
67,RegionC,Peak,985.6200000000,0.0000000000,0.5665000000,587.8700000000,229.5160000000,2395,11.6773333333,241.1933333333,1.3800000000,332.8468000000,rolling_shadow_price_exchange::lagrangian_balanced
68,RegionC,Peak,985.6800000000,0.0000000000,0.5778000000,540.1900000000,227.3823330000,2396,12.8710000000,240.2533330000,1.3800000000,331.5495995400,rolling_shadow_price_exchange::lagrangian_balanced
69,RegionC,Peak,985.7100000000,0.0000000000,0.5884000000,510.2200000000,275.1966670000,2397,11.7800000000,286.9766670000,1.3800000000,396.0278004600,rolling_shadow_price_exchange::lagrangian_balanced
70,RegionC,Flat,611.8300000000,0.0000000000,0.5974000000,500.0000000000,288.1586670000,2398,19.8986666667,308.0573336667,1.3800000000,425.1191204600,rolling_shadow_price_exchange::lagrangian_balanced
71,RegionC,Flat,611.8300000000,0.0000000000,0.6043000000,510.2200000000,316.0066670000,2399,39.7320000000,355.7386670000,1.3800000000,490.9193604600,rolling_shadow_price_exchange::lagrangian_balanced
0,RegionD,Valley,274.3900000000,214.0200000000,0.4426000000,540.1900000000,145.1600000000,2328,0.0000000000,145.1600000000,1.2800000000,185.8048000000,rolling_shadow_price_exchange::lagrangian_balanced
1,RegionD,Valley,274.5100000000,214.1200000000,0.4440000000,587.8700000000,200.6106670000,2329,0.0000000000,200.6106670000,1.2800000000,256.7816537600,rolling_shadow_price_exchange::lagrangian_balanced
2,RegionD,Valley,274.6400000000,214.2200000000,0.4432000000,650.0000000000,228.1950000000,2330,0.0000000000,228.1950000000,1.2800000000,292.0896000000,rolling_shadow_price_exchange::lagrangian_balanced
3,RegionD,Valley,274.7800000000,214.3300000000,0.4402000000,722.3500000000,262.8393330000,2331,0.0000000000,262.8393330000,1.2800000000,336.4343462400,rolling_shadow_price_exchange::lagrangian_balanced
4,RegionD,Valley,274.9200000000,214.4400000000,0.4352000000,800.0000000000,335.3283330000,2332,0.5600000000,335.8883330000,1.2800000000,429.9370662400,rolling_shadow_price_exchange::lagrangian_balanced
5,RegionD,Valley,275.0600000000,214.5500000000,0.4286000000,877.6500000000,383.3500000000,2333,0.5600000000,383.9100000000,1.2800000000,491.4048000000,rolling_shadow_price_exchange::lagrangian_balanced
6,RegionD,Valley,275.2000000000,214.6600000000,0.4208000000,950.0000000000,394.9743330000,2334,0.2520000000,395.2263330000,1.2800000000,505.8897062400,rolling_shadow_price_exchange::lagrangian_balanced
7,RegionD,Flat,423.6200000000,330.4200000000,0.4125000000,1012.1300000000,409.9853330000,2335,0.0000000000,409.9853330000,1.2800000000,524.7812262400,rolling_shadow_price_exchange::lagrangian_balanced
8,RegionD,Flat,423.8600000000,330.6100000000,0.4042000000,1059.8100000000,390.2796670000,2336,0.0000000000,390.2796670000,1.2800000000,499.5579737600,rolling_shadow_price_exchange::lagrangian_balanced
9,RegionD,Flat,424.1000000000,330.8000000000,0.3965000000,1089.7800000000,409.4126670000,2337,0.4000000000,409.8126670000,1.2800000000,524.5602137600,rolling_shadow_price_exchange::lagrangian_balanced
10,RegionD,Flat,424.3400000000,330.9900000000,0.3899000000,1100.0000000000,401.0393330000,2338,0.4000000000,401.4393330000,1.2800000000,513.8423462400,rolling_shadow_price_exchange::lagrangian_balanced
11,RegionD,Flat,424.5900000000,331.1800000000,0.3850000000,1089.7800000000,300.2600000000,2339,0.4000000000,300.6600000000,1.2800000000,384.8448000000,rolling_shadow_price_exchange::lagrangian_balanced
12,RegionD,Flat,424.8500000000,331.3800000000,0.3821000000,1059.8100000000,254.0900000000,2340,0.7933333333,254.8833333333,1.2800000000,326.2506666667,rolling_shadow_price_exchange::lagrangian_balanced
13,RegionD,Flat,425.1100000000,331.5900000000,0.3814000000,1012.1300000000,189.0870000000,2341,0.0600000000,189.1470000000,1.2800000000,242.1081600000,rolling_shadow_price_exchange::lagrangian_balanced
14,RegionD,Flat,425.3700000000,331.7900000000,0.3829000000,950.0000000000,212.7423330000,2342,0.0346666667,212.7769996667,1.2800000000,272.3545595733,rolling_shadow_price_exchange::lagrangian_balanced
15,RegionD,Flat,425.6300000000,331.9900000000,0.3867000000,877.6500000000,147.9150000000,2343,0.0000000000,147.9150000000,1.2800000000,189.3312000000,rolling_shadow_price_exchange::lagrangian_balanced
16,RegionD,Flat,425.9000000000,332.2000000000,0.3925000000,800.0000000000,130.3016670000,2344,0.0000000000,130.3016670000,1.2800000000,166.7861337600,rolling_shadow_price_exchange::lagrangian_balanced
17,RegionD,Peak,617.9500000000,482.0000000000,0.3999000000,722.3500000000,90.9700000000,2345,0.0000000000,90.9700000000,1.2800000000,116.4416000000,rolling_shadow_price_exchange::lagrangian_balanced
18,RegionD,Peak,618.3400000000,482.3100000000,0.4085000000,650.0000000000,96.6980000000,2346,0.0000000000,96.6980000000,1.2800000000,123.7734400000,rolling_shadow_price_exchange::lagrangian_balanced
19,RegionD,Peak,618.7400000000,482.6200000000,0.4177000000,587.8700000000,134.6646670000,2347,0.0000000000,134.6646670000,1.2800000000,172.3707737600,rolling_shadow_price_exchange::lagrangian_balanced
20,RegionD,Peak,619.1400000000,482.9300000000,0.4268000000,540.1900000000,191.2553330000,2348,0.0000000000,191.2553330000,1.2800000000,244.8068262400,rolling_shadow_price_exchange::lagrangian_balanced
21,RegionD,Peak,619.5500000000,483.2500000000,0.4354000000,510.2200000000,213.7486670000,2349,1.1000000000,214.8486670000,1.2800000000,275.0062937600,rolling_shadow_price_exchange::lagrangian_balanced
22,RegionD,Flat,384.8000000000,300.1400000000,0.4428000000,500.0000000000,170.3040000000,2350,1.1000000000,171.4040000000,1.2800000000,219.3971200000,rolling_shadow_price_exchange::lagrangian_balanced
23,RegionD,Flat,385.0500000000,300.3400000000,0.4486000000,510.2200000000,193.3106670000,2351,2.6800000000,195.9906670000,1.2800000000,250.8680537600,rolling_shadow_price_exchange::lagrangian_balanced
24,RegionD,Valley,278.2700000000,217.0500000000,0.4525000000,540.1900000000,194.5666670000,2352,50.6733333333,245.2400003333,1.2800000000,313.9072004267,rolling_shadow_price_exchange::lagrangian_balanced
25,RegionD,Valley,278.4600000000,217.2000000000,0.4541000000,587.8700000000,190.8460000000,2353,68.5800000000,259.4260000000,1.2800000000,332.0652800000,rolling_shadow_price_exchange::lagrangian_balanced
26,RegionD,Valley,278.6400000000,217.3400000000,0.4534000000,650.0000000000,260.6360000000,2354,117.9800000000,378.6160000000,1.2800000000,484.6284800000,rolling_shadow_price_exchange::lagrangian_balanced
27,RegionD,Valley,278.8200000000,217.4800000000,0.4505000000,722.3500000000,313.1886670000,2355,132.3213333333,445.5100003333,1.2800000000,570.2528004267,rolling_shadow_price_exchange::lagrangian_balanced
28,RegionD,Valley,279.0000000000,217.6200000000,0.4456000000,800.0000000000,370.5356670000,2356,100.0040000000,470.5396670000,1.2800000000,602.2907737600,rolling_shadow_price_exchange::lagrangian_balanced
29,RegionD,Valley,279.1800000000,217.7600000000,0.4391000000,877.6500000000,409.8326670000,2357,85.3450000000,495.1776670000,1.2800000000,633.8274137600,rolling_shadow_price_exchange::lagrangian_balanced
30,RegionD,Valley,279.3600000000,217.9000000000,0.4315000000,950.0000000000,393.3286670000,2358,70.9413333333,464.2700003333,1.2800000000,594.2656004267,rolling_shadow_price_exchange::lagrangian_balanced
31,RegionD,Flat,430.0600000000,335.4500000000,0.4233000000,1012.1300000000,361.8916670000,2359,13.4543333333,375.3460003333,1.2800000000,480.4428804267,rolling_shadow_price_exchange::lagrangian_balanced
32,RegionD,Flat,430.3300000000,335.6600000000,0.4150000000,1059.8100000000,370.0646670000,2360,0.5550000000,370.6196670000,1.2800000000,474.3931737600,rolling_shadow_price_exchange::lagrangian_balanced
33,RegionD,Flat,430.6000000000,335.8700000000,0.4074000000,1089.7800000000,337.6033330000,2361,0.0880000000,337.6913330000,1.2800000000,432.2449062400,rolling_shadow_price_exchange::lagrangian_balanced
34,RegionD,Flat,430.8600000000,336.0700000000,0.4008000000,1100.0000000000,330.0793330000,2362,1.0466666667,331.1259996667,1.2800000000,423.8412795733,rolling_shadow_price_exchange::lagrangian_balanced
35,RegionD,Flat,431.1200000000,336.2700000000,0.3959000000,1089.7800000000,318.4793330000,2363,0.1600000000,318.6393330000,1.2800000000,407.8583462400,rolling_shadow_price_exchange::lagrangian_balanced
36,RegionD,Flat,431.3800000000,336.4800000000,0.3930000000,1059.8100000000,330.9233330000,2364,1.1600000000,332.0833330000,1.2800000000,425.0666662400,rolling_shadow_price_exchange::lagrangian_balanced
37,RegionD,Flat,431.6400000000,336.6800000000,0.3923000000,1012.1300000000,302.1026670000,2365,1.1600000000,303.2626670000,1.2800000000,388.1762137600,rolling_shadow_price_exchange::lagrangian_balanced
38,RegionD,Flat,431.8900000000,336.8700000000,0.3938000000,950.0000000000,272.7020000000,2366,1.1600000000,273.8620000000,1.2800000000,350.5433600000,rolling_shadow_price_exchange::lagrangian_balanced
39,RegionD,Flat,432.1300000000,337.0600000000,0.3976000000,877.6500000000,217.2416670000,2367,1.0346666667,218.2763336667,1.2800000000,279.3937070933,rolling_shadow_price_exchange::lagrangian_balanced
40,RegionD,Flat,432.3700000000,337.2500000000,0.4033000000,800.0000000000,164.3106670000,2368,0.7833333333,165.0940003333,1.2800000000,211.3203204267,rolling_shadow_price_exchange::lagrangian_balanced
41,RegionD,Peak,627.2800000000,489.2800000000,0.4107000000,722.3500000000,147.2470000000,2369,0.0000000000,147.2470000000,1.2800000000,188.4761600000,rolling_shadow_price_exchange::lagrangian_balanced
42,RegionD,Peak,627.6200000000,489.5400000000,0.4192000000,650.0000000000,141.3440000000,2370,0.0000000000,141.3440000000,1.2800000000,180.9203200000,rolling_shadow_price_exchange::lagrangian_balanced
43,RegionD,Peak,627.9500000000,489.8000000000,0.4282000000,587.8700000000,160.7856670000,2371,2.3000000000,163.0856670000,1.2800000000,208.7496537600,rolling_shadow_price_exchange::lagrangian_balanced
44,RegionD,Peak,628.2600000000,490.0400000000,0.4373000000,540.1900000000,144.4313330000,2372,2.3000000000,146.7313330000,1.2800000000,187.8161062400,rolling_shadow_price_exchange::lagrangian_balanced
45,RegionD,Peak,628.5700000000,490.2800000000,0.4457000000,510.2200000000,166.7270000000,2373,2.3000000000,169.0270000000,1.2800000000,216.3545600000,rolling_shadow_price_exchange::lagrangian_balanced
46,RegionD,Flat,390.3300000000,304.4600000000,0.4530000000,500.0000000000,168.4690000000,2374,3.3000000000,171.7690000000,1.2800000000,219.8643200000,rolling_shadow_price_exchange::lagrangian_balanced
47,RegionD,Flat,390.5100000000,304.6000000000,0.4586000000,510.2200000000,228.9546670000,2375,3.3000000000,232.2546670000,1.2800000000,297.2859737600,rolling_shadow_price_exchange::lagrangian_balanced
48,RegionD,Valley,282.1600000000,220.0800000000,0.4623000000,540.1900000000,306.7546670000,2376,34.4266666667,341.1813336667,1.2800000000,436.7121070933,rolling_shadow_price_exchange::lagrangian_balanced
49,RegionD,Valley,282.2800000000,220.1800000000,0.4637000000,587.8700000000,329.9646670000,2377,23.0453333333,353.0100003333,1.2800000000,451.8528004267,rolling_shadow_price_exchange::lagrangian_balanced
50,RegionD,Valley,282.4000000000,220.2700000000,0.4629000000,650.0000000000,348.9473330000,2378,18.0966666667,367.0439996667,1.2800000000,469.8163195733,rolling_shadow_price_exchange::lagrangian_balanced
51,RegionD,Valley,282.5100000000,220.3600000000,0.4598000000,722.3500000000,373.8270000000,2379,47.4000000000,421.2270000000,1.2800000000,539.1705600000,rolling_shadow_price_exchange::lagrangian_balanced
52,RegionD,Valley,282.6200000000,220.4400000000,0.4547000000,800.0000000000,401.4206670000,2380,48.8693333333,450.2900003333,1.2800000000,576.3712004267,rolling_shadow_price_exchange::lagrangian_balanced
53,RegionD,Valley,282.7200000000,220.5200000000,0.4479000000,877.6500000000,402.6560000000,2381,32.0293333333,434.6853333333,1.2800000000,556.3972266667,rolling_shadow_price_exchange::lagrangian_balanced
54,RegionD,Valley,282.8200000000,220.6000000000,0.4400000000,950.0000000000,364.5540000000,2382,19.3253333333,383.8793333333,1.2800000000,491.3655466667,rolling_shadow_price_exchange::lagrangian_balanced
55,RegionD,Flat,435.2400000000,339.4900000000,0.4315000000,1012.1300000000,367.4760000000,2383,13.8680000000,381.3440000000,1.2800000000,488.1203200000,rolling_shadow_price_exchange::lagrangian_balanced
56,RegionD,Flat,435.3700000000,339.5900000000,0.4230000000,1059.8100000000,382.3576670000,2384,11.0840000000,393.4416670000,1.2800000000,503.6053337600,rolling_shadow_price_exchange::lagrangian_balanced
57,RegionD,Flat,435.5000000000,339.6900000000,0.4151000000,1089.7800000000,376.2626670000,2385,16.8233333333,393.0860003333,1.2800000000,503.1500804267,rolling_shadow_price_exchange::lagrangian_balanced
58,RegionD,Flat,435.6100000000,339.7800000000,0.4083000000,1100.0000000000,345.5260000000,2386,49.4400000000,394.9660000000,1.2800000000,505.5564800000,rolling_shadow_price_exchange::lagrangian_balanced
59,RegionD,Flat,435.7200000000,339.8600000000,0.4031000000,1089.7800000000,284.6873330000,2387,49.4400000000,334.1273330000,1.2800000000,427.6829862400,rolling_shadow_price_exchange::lagrangian_balanced
60,RegionD,Flat,435.8200000000,339.9400000000,0.3998000000,1059.8100000000,288.3400000000,2388,49.4400000000,337.7800000000,1.2800000000,432.3584000000,rolling_shadow_price_exchange::lagrangian_balanced
61,RegionD,Flat,435.9000000000,340.0000000000,0.3988000000,1012.1300000000,276.7423330000,2389,49.2266666667,325.9689996667,1.2800000000,417.2403195733,rolling_shadow_price_exchange::lagrangian_balanced
62,RegionD,Flat,435.9800000000,340.0600000000,0.4000000000,950.0000000000,220.5786670000,2390,49.1200000000,269.6986670000,1.2800000000,345.2142937600,rolling_shadow_price_exchange::lagrangian_balanced
63,RegionD,Flat,436.0500000000,340.1200000000,0.4034000000,877.6500000000,163.7426670000,2391,18.3840000000,182.1266670000,1.2800000000,233.1221337600,rolling_shadow_price_exchange::lagrangian_balanced
64,RegionD,Flat,436.1200000000,340.1700000000,0.4088000000,800.0000000000,135.0896670000,2392,0.1600000000,135.2496670000,1.2800000000,173.1195737600,rolling_shadow_price_exchange::lagrangian_balanced
65,RegionD,Peak,632.4500000000,493.3100000000,0.4158000000,722.3500000000,162.8473330000,2393,0.2850000000,163.1323330000,1.2800000000,208.8093862400,rolling_shadow_price_exchange::lagrangian_balanced
66,RegionD,Peak,632.5100000000,493.3600000000,0.4239000000,650.0000000000,152.2986670000,2394,0.1600000000,152.4586670000,1.2800000000,195.1470937600,rolling_shadow_price_exchange::lagrangian_balanced
67,RegionD,Peak,632.5600000000,493.4000000000,0.4326000000,587.8700000000,135.8153330000,2395,0.3466666667,136.1619996667,1.2800000000,174.2873595733,rolling_shadow_price_exchange::lagrangian_balanced
68,RegionD,Peak,632.6000000000,493.4300000000,0.4413000000,540.1900000000,149.0523330000,2396,3.2400000000,152.2923330000,1.2800000000,194.9341862400,rolling_shadow_price_exchange::lagrangian_balanced
69,RegionD,Peak,632.6200000000,493.4400000000,0.4493000000,510.2200000000,170.2683330000,2397,3.3983333333,173.6666663333,1.2800000000,222.2933329067,rolling_shadow_price_exchange::lagrangian_balanced
70,RegionD,Flat,392.6700000000,306.2800000000,0.4562000000,500.0000000000,192.1226670000,2398,4.4640000000,196.5866670000,1.2800000000,251.6309337600,rolling_shadow_price_exchange::lagrangian_balanced
71,RegionD,Flat,392.6700000000,306.2800000000,0.4615000000,510.2200000000,238.0086670000,2399,6.8520000000,244.8606670000,1.2800000000,313.4216537600,rolling_shadow_price_exchange::lagrangian_balanced
0,RegionE,Valley,242.4800000000,189.1300000000,0.2318000000,540.1900000000,263.9336670000,2328,51.2973333333,315.2310003333,1.2500000000,394.0387504167,rolling_shadow_price_exchange::lagrangian_balanced
1,RegionE,Valley,242.5900000000,189.2200000000,0.2326000000,587.8700000000,310.0913330000,2329,92.2400000000,402.3313330000,1.2500000000,502.9141662500,rolling_shadow_price_exchange::lagrangian_balanced
2,RegionE,Valley,242.7100000000,189.3100000000,0.2322000000,650.0000000000,353.5720000000,2330,137.1796666667,490.7516666667,1.2500000000,613.4395833333,rolling_shadow_price_exchange::lagrangian_balanced
3,RegionE,Valley,242.8300000000,189.4100000000,0.2306000000,722.3500000000,373.7453330000,2331,128.9160000000,502.6613330000,1.2500000000,628.3266662500,rolling_shadow_price_exchange::lagrangian_balanced
4,RegionE,Valley,242.9500000000,189.5000000000,0.2280000000,800.0000000000,412.7363330000,2332,138.6486666667,551.3849996667,1.2500000000,689.2312495833,rolling_shadow_price_exchange::lagrangian_balanced
5,RegionE,Valley,243.0700000000,189.5900000000,0.2245000000,877.6500000000,399.6440000000,2333,155.9560000000,555.6000000000,1.2500000000,694.5000000000,rolling_shadow_price_exchange::lagrangian_balanced
6,RegionE,Valley,243.2000000000,189.7000000000,0.2204000000,950.0000000000,382.4746670000,2334,139.3746666667,521.8493336667,1.2500000000,652.3116670833,rolling_shadow_price_exchange::lagrangian_balanced
7,RegionE,Flat,374.3600000000,292.0000000000,0.2161000000,1012.1300000000,404.1476670000,2335,125.0870000000,529.2346670000,1.2500000000,661.5433337500,rolling_shadow_price_exchange::lagrangian_balanced
8,RegionE,Flat,374.5700000000,292.1600000000,0.2117000000,1059.8100000000,395.2890000000,2336,122.5160000000,517.8050000000,1.2500000000,647.2562500000,rolling_shadow_price_exchange::lagrangian_balanced
9,RegionE,Flat,374.7800000000,292.3300000000,0.2077000000,1089.7800000000,381.2266670000,2337,143.8120000000,525.0386670000,1.2500000000,656.2983337500,rolling_shadow_price_exchange::lagrangian_balanced
10,RegionE,Flat,375.0000000000,292.5000000000,0.2043000000,1100.0000000000,360.2710000000,2338,136.7483333333,497.0193333333,1.2500000000,621.2741666667,rolling_shadow_price_exchange::lagrangian_balanced
11,RegionE,Flat,375.2200000000,292.6700000000,0.2017000000,1089.7800000000,338.2000000000,2339,130.2333333333,468.4333333333,1.2500000000,585.5416666667,rolling_shadow_price_exchange::lagrangian_balanced
12,RegionE,Flat,375.4500000000,292.8500000000,0.2001000000,1059.8100000000,260.3600000000,2340,143.1933333333,403.5533333333,1.2500000000,504.4416666667,rolling_shadow_price_exchange::lagrangian_balanced
13,RegionE,Flat,375.6700000000,293.0200000000,0.1998000000,1012.1300000000,267.3293330000,2341,137.4216666667,404.7509996667,1.2500000000,505.9387495833,rolling_shadow_price_exchange::lagrangian_balanced
14,RegionE,Flat,375.9100000000,293.2100000000,0.2006000000,950.0000000000,263.4170000000,2342,143.3466666667,406.7636666667,1.2500000000,508.4545833333,rolling_shadow_price_exchange::lagrangian_balanced
15,RegionE,Flat,376.1400000000,293.3900000000,0.2026000000,877.6500000000,258.5603330000,2343,129.2633333333,387.8236663333,1.2500000000,484.7795829167,rolling_shadow_price_exchange::lagrangian_balanced
16,RegionE,Flat,376.3800000000,293.5800000000,0.2056000000,800.0000000000,228.4080000000,2344,124.0733333333,352.4813333333,1.2500000000,440.6016666667,rolling_shadow_price_exchange::lagrangian_balanced
17,RegionE,Peak,546.0900000000,425.9500000000,0.2095000000,722.3500000000,241.1920000000,2345,132.1920000000,373.3840000000,1.2500000000,466.7300000000,rolling_shadow_price_exchange::lagrangian_balanced
18,RegionE,Peak,546.4400000000,426.2200000000,0.2140000000,650.0000000000,223.3766670000,2346,132.2983333333,355.6750003333,1.2500000000,444.5937504167,rolling_shadow_price_exchange::lagrangian_balanced
19,RegionE,Peak,546.8000000000,426.5000000000,0.2188000000,587.8700000000,170.3986670000,2347,135.8880000000,306.2866670000,1.2500000000,382.8583337500,rolling_shadow_price_exchange::lagrangian_balanced
20,RegionE,Peak,547.1500000000,426.7800000000,0.2236000000,540.1900000000,160.0550000000,2348,115.7350000000,275.7900000000,1.2500000000,344.7375000000,rolling_shadow_price_exchange::lagrangian_balanced
21,RegionE,Peak,547.5100000000,427.0600000000,0.2281000000,510.2200000000,155.8446670000,2349,108.0653333333,263.9100003333,1.2500000000,329.8875004167,rolling_shadow_price_exchange::lagrangian_balanced
22,RegionE,Flat,340.0500000000,265.2400000000,0.2320000000,500.0000000000,144.6020000000,2350,104.6206666667,249.2226666667,1.2500000000,311.5283333333,rolling_shadow_price_exchange::lagrangian_balanced
23,RegionE,Flat,340.2800000000,265.4200000000,0.2350000000,510.2200000000,156.5973330000,2351,148.4193333333,305.0166663333,1.2500000000,381.2708329167,rolling_shadow_price_exchange::lagrangian_balanced
24,RegionE,Valley,245.9200000000,191.8200000000,0.2370000000,540.1900000000,190.3180000000,2352,123.6836666667,314.0016666667,1.2500000000,392.5020833333,rolling_shadow_price_exchange::lagrangian_balanced
25,RegionE,Valley,246.0800000000,191.9400000000,0.2378000000,587.8700000000,291.1993330000,2353,132.0440000000,423.2433330000,1.2500000000,529.0541662500,rolling_shadow_price_exchange::lagrangian_balanced
26,RegionE,Valley,246.2400000000,192.0700000000,0.2375000000,650.0000000000,346.0050000000,2354,154.3483333333,500.3533333333,1.2500000000,625.4416666667,rolling_shadow_price_exchange::lagrangian_balanced
27,RegionE,Valley,246.4000000000,192.1900000000,0.2360000000,722.3500000000,336.9700000000,2355,152.5633333333,489.5333333333,1.2500000000,611.9166666667,rolling_shadow_price_exchange::lagrangian_balanced
28,RegionE,Valley,246.5600000000,192.3200000000,0.2334000000,800.0000000000,374.4906670000,2356,141.9720000000,516.4626670000,1.2500000000,645.5783337500,rolling_shadow_price_exchange::lagrangian_balanced
29,RegionE,Valley,246.7200000000,192.4400000000,0.2300000000,877.6500000000,389.1096670000,2357,130.8176666667,519.9273336667,1.2500000000,649.9091670833,rolling_shadow_price_exchange::lagrangian_balanced
30,RegionE,Valley,246.8800000000,192.5700000000,0.2260000000,950.0000000000,402.5433330000,2358,139.6146666667,542.1579996667,1.2500000000,677.6974995833,rolling_shadow_price_exchange::lagrangian_balanced
31,RegionE,Flat,380.0500000000,296.4400000000,0.2217000000,1012.1300000000,402.3160000000,2359,113.2893333333,515.6053333333,1.2500000000,644.5066666667,rolling_shadow_price_exchange::lagrangian_balanced
32,RegionE,Flat,380.2900000000,296.6300000000,0.2174000000,1059.8100000000,346.4430000000,2360,128.2413333333,474.6843333333,1.2500000000,593.3554166667,rolling_shadow_price_exchange::lagrangian_balanced
33,RegionE,Flat,380.5300000000,296.8100000000,0.2134000000,1089.7800000000,291.8200000000,2361,152.8630000000,444.6830000000,1.2500000000,555.8537500000,rolling_shadow_price_exchange::lagrangian_balanced
34,RegionE,Flat,380.7600000000,296.9900000000,0.2100000000,1100.0000000000,264.2476670000,2362,145.5050000000,409.7526670000,1.2500000000,512.1908337500,rolling_shadow_price_exchange::lagrangian_balanced
35,RegionE,Flat,380.9900000000,297.1700000000,0.2074000000,1089.7800000000,254.4100000000,2363,119.7840000000,374.1940000000,1.2500000000,467.7425000000,rolling_shadow_price_exchange::lagrangian_balanced
36,RegionE,Flat,381.2200000000,297.3500000000,0.2059000000,1059.8100000000,254.1000000000,2364,140.7200000000,394.8200000000,1.2500000000,493.5250000000,rolling_shadow_price_exchange::lagrangian_balanced
37,RegionE,Flat,381.4500000000,297.5300000000,0.2055000000,1012.1300000000,245.5606670000,2365,145.2440000000,390.8046670000,1.2500000000,488.5058337500,rolling_shadow_price_exchange::lagrangian_balanced
38,RegionE,Flat,381.6700000000,297.7000000000,0.2063000000,950.0000000000,294.7203330000,2366,141.9620000000,436.6823330000,1.2500000000,545.8529162500,rolling_shadow_price_exchange::lagrangian_balanced
39,RegionE,Flat,381.8800000000,297.8700000000,0.2083000000,877.6500000000,237.4893330000,2367,148.0166666667,385.5059996667,1.2500000000,481.8824995833,rolling_shadow_price_exchange::lagrangian_balanced
40,RegionE,Flat,382.1000000000,298.0400000000,0.2113000000,800.0000000000,192.5123330000,2368,116.0430000000,308.5553330000,1.2500000000,385.6941662500,rolling_shadow_price_exchange::lagrangian_balanced
41,RegionE,Peak,554.3400000000,432.3900000000,0.2151000000,722.3500000000,148.5200000000,2369,140.5266666667,289.0466666667,1.2500000000,361.3083333333,rolling_shadow_price_exchange::lagrangian_balanced
42,RegionE,Peak,554.6400000000,432.6200000000,0.2196000000,650.0000000000,162.7893330000,2370,73.4200000000,236.2093330000,1.2500000000,295.2616662500,rolling_shadow_price_exchange::lagrangian_balanced
43,RegionE,Peak,554.9300000000,432.8500000000,0.2243000000,587.8700000000,152.1086670000,2371,90.8423333333,242.9510003333,1.2500000000,303.6887504167,rolling_shadow_price_exchange::lagrangian_balanced
44,RegionE,Peak,555.2100000000,433.0600000000,0.2290000000,540.1900000000,184.5020000000,2372,95.9160000000,280.4180000000,1.2500000000,350.5225000000,rolling_shadow_price_exchange::lagrangian_balanced
45,RegionE,Peak,555.4800000000,433.2700000000,0.2335000000,510.2200000000,210.6086670000,2373,90.0966666667,300.7053336667,1.2500000000,375.8816670833,rolling_shadow_price_exchange::lagrangian_balanced
46,RegionE,Flat,344.9500000000,269.0600000000,0.2373000000,500.0000000000,180.1766670000,2374,140.5100000000,320.6866670000,1.2500000000,400.8583337500,rolling_shadow_price_exchange::lagrangian_balanced
47,RegionE,Flat,345.1100000000,269.1900000000,0.2402000000,510.2200000000,225.8653330000,2375,143.5693333333,369.4346663333,1.2500000000,461.7933329167,rolling_shadow_price_exchange::lagrangian_balanced
48,RegionE,Valley,249.3500000000,194.4900000000,0.2422000000,540.1900000000,284.8386670000,2376,133.3346666667,418.1733336667,1.2500000000,522.7166670833,rolling_shadow_price_exchange::lagrangian_balanced
49,RegionE,Valley,249.4600000000,194.5800000000,0.2429000000,587.8700000000,278.6566670000,2377,132.1560000000,410.8126670000,1.2500000000,513.5158337500,rolling_shadow_price_exchange::lagrangian_balanced
50,RegionE,Valley,249.5600000000,194.6600000000,0.2425000000,650.0000000000,270.4910000000,2378,118.1590000000,388.6500000000,1.2500000000,485.8125000000,rolling_shadow_price_exchange::lagrangian_balanced
51,RegionE,Valley,249.6600000000,194.7300000000,0.2408000000,722.3500000000,303.2260000000,2379,134.4923333333,437.7183333333,1.2500000000,547.1479166667,rolling_shadow_price_exchange::lagrangian_balanced
52,RegionE,Valley,249.7600000000,194.8100000000,0.2382000000,800.0000000000,379.6513330000,2380,112.6386666667,492.2899996667,1.2500000000,615.3624995833,rolling_shadow_price_exchange::lagrangian_balanced
53,RegionE,Valley,249.8500000000,194.8800000000,0.2346000000,877.6500000000,357.7946670000,2381,138.3013333333,496.0960003333,1.2500000000,620.1200004167,rolling_shadow_price_exchange::lagrangian_balanced
54,RegionE,Valley,249.9300000000,194.9500000000,0.2305000000,950.0000000000,424.7566670000,2382,119.7173333333,544.4740003333,1.2500000000,680.5925004167,rolling_shadow_price_exchange::lagrangian_balanced
55,RegionE,Flat,384.6300000000,300.0100000000,0.2260000000,1012.1300000000,381.6500000000,2383,151.6700000000,533.3200000000,1.2500000000,666.6500000000,rolling_shadow_price_exchange::lagrangian_balanced
56,RegionE,Flat,384.7500000000,300.1100000000,0.2216000000,1059.8100000000,391.7250000000,2384,133.8050000000,525.5300000000,1.2500000000,656.9125000000,rolling_shadow_price_exchange::lagrangian_balanced
57,RegionE,Flat,384.8600000000,300.1900000000,0.2174000000,1089.7800000000,308.9093330000,2385,147.0940000000,456.0033330000,1.2500000000,570.0041662500,rolling_shadow_price_exchange::lagrangian_balanced
58,RegionE,Flat,384.9600000000,300.2700000000,0.2139000000,1100.0000000000,318.3600000000,2386,116.5746666667,434.9346666667,1.2500000000,543.6683333333,rolling_shadow_price_exchange::lagrangian_balanced
59,RegionE,Flat,385.0500000000,300.3400000000,0.2111000000,1089.7800000000,237.0590000000,2387,145.2710000000,382.3300000000,1.2500000000,477.9125000000,rolling_shadow_price_exchange::lagrangian_balanced
60,RegionE,Flat,385.1400000000,300.4100000000,0.2094000000,1059.8100000000,276.2840000000,2388,143.0260000000,419.3100000000,1.2500000000,524.1375000000,rolling_shadow_price_exchange::lagrangian_balanced
61,RegionE,Flat,385.2200000000,300.4700000000,0.2089000000,1012.1300000000,255.5633330000,2389,117.2640000000,372.8273330000,1.2500000000,466.0341662500,rolling_shadow_price_exchange::lagrangian_balanced
62,RegionE,Flat,385.2900000000,300.5300000000,0.2095000000,950.0000000000,162.1530000000,2390,145.1733333333,307.3263333333,1.2500000000,384.1579166667,rolling_shadow_price_exchange::lagrangian_balanced
63,RegionE,Flat,385.3500000000,300.5700000000,0.2113000000,877.6500000000,136.8620000000,2391,147.7930000000,284.6550000000,1.2500000000,355.8187500000,rolling_shadow_price_exchange::lagrangian_balanced
64,RegionE,Flat,385.4100000000,300.6200000000,0.2141000000,800.0000000000,138.0713330000,2392,119.8606666667,257.9319996667,1.2500000000,322.4149995833,rolling_shadow_price_exchange::lagrangian_balanced
65,RegionE,Peak,558.9100000000,435.9500000000,0.2178000000,722.3500000000,122.7813330000,2393,121.8653333333,244.6466663333,1.2500000000,305.8083329167,rolling_shadow_price_exchange::lagrangian_balanced
66,RegionE,Peak,558.9600000000,435.9900000000,0.2220000000,650.0000000000,111.7806670000,2394,133.0713333333,244.8520003333,1.2500000000,306.0650004167,rolling_shadow_price_exchange::lagrangian_balanced
67,RegionE,Peak,559.0100000000,436.0300000000,0.2266000000,587.8700000000,86.9566670000,2395,144.3360000000,231.2926670000,1.2500000000,289.1158337500,rolling_shadow_price_exchange::lagrangian_balanced
68,RegionE,Peak,559.0400000000,436.0500000000,0.2311000000,540.1900000000,127.5686670000,2396,136.0213333333,263.5900003333,1.2500000000,329.4875004167,rolling_shadow_price_exchange::lagrangian_balanced
69,RegionE,Peak,559.0600000000,436.0700000000,0.2354000000,510.2200000000,160.8780000000,2397,148.3686666667,309.2466666667,1.2500000000,386.5583333333,rolling_shadow_price_exchange::lagrangian_balanced
70,RegionE,Flat,347.0100000000,270.6700000000,0.2390000000,500.0000000000,202.8333330000,2398,154.5680000000,357.4013330000,1.2500000000,446.7516662500,rolling_shadow_price_exchange::lagrangian_balanced
71,RegionE,Flat,347.0100000000,270.6700000000,0.2417000000,510.2200000000,226.5013330000,2399,129.6266666667,356.1279996667,1.2500000000,445.1599995833,rolling_shadow_price_exchange::lagrangian_balanced
0,RegionF,Valley,255.2500000000,199.0900000000,0.2740000000,540.1900000000,272.8240000000,2328,0.0000000000,272.8240000000,1.2700000000,346.4864800000,rolling_shadow_price_exchange::lagrangian_balanced
1,RegionF,Valley,255.3600000000,199.1800000000,0.2749000000,587.8700000000,336.0460000000,2329,11.7800000000,347.8260000000,1.2700000000,441.7390200000,rolling_shadow_price_exchange::lagrangian_balanced
2,RegionF,Valley,255.4800000000,199.2700000000,0.2744000000,650.0000000000,354.3443330000,2330,12.4800000000,366.8243330000,1.2700000000,465.8669029100,rolling_shadow_price_exchange::lagrangian_balanced
3,RegionF,Valley,255.6100000000,199.3800000000,0.2725000000,722.3500000000,419.1400000000,2331,14.7800000000,433.9200000000,1.2700000000,551.0784000000,rolling_shadow_price_exchange::lagrangian_balanced
4,RegionF,Valley,255.7400000000,199.4800000000,0.2694000000,800.0000000000,423.7150000000,2332,18.1800000000,441.8950000000,1.2700000000,561.2066500000,rolling_shadow_price_exchange::lagrangian_balanced
5,RegionF,Valley,255.8700000000,199.5800000000,0.2653000000,877.6500000000,417.2180000000,2333,14.8866666667,432.1046666667,1.2700000000,548.7729266667,rolling_shadow_price_exchange::lagrangian_balanced
6,RegionF,Valley,256.0000000000,199.6800000000,0.2605000000,950.0000000000,431.5173330000,2334,6.6416666667,438.1589996667,1.2700000000,556.4619295767,rolling_shadow_price_exchange::lagrangian_balanced
7,RegionF,Flat,394.0700000000,307.3700000000,0.2554000000,1012.1300000000,426.4913330000,2335,7.2600000000,433.7513330000,1.2700000000,550.8641929100,rolling_shadow_price_exchange::lagrangian_balanced
8,RegionF,Flat,394.2900000000,307.5500000000,0.2502000000,1059.8100000000,421.9266670000,2336,20.9800000000,442.9066670000,1.2700000000,562.4914670900,rolling_shadow_price_exchange::lagrangian_balanced
9,RegionF,Flat,394.5100000000,307.7200000000,0.2455000000,1089.7800000000,377.0900000000,2337,23.1400000000,400.2300000000,1.2700000000,508.2921000000,rolling_shadow_price_exchange::lagrangian_balanced
10,RegionF,Flat,394.7400000000,307.9000000000,0.2414000000,1100.0000000000,330.6606670000,2338,19.8306666667,350.4913336667,1.2700000000,445.1239937567,rolling_shadow_price_exchange::lagrangian_balanced
11,RegionF,Flat,394.9700000000,308.0800000000,0.2383000000,1089.7800000000,331.9680000000,2339,18.7933333333,350.7613333333,1.2700000000,445.4668933333,rolling_shadow_price_exchange::lagrangian_balanced
12,RegionF,Flat,395.2100000000,308.2600000000,0.2365000000,1059.8100000000,275.3916670000,2340,95.9250000000,371.3166670000,1.2700000000,471.5721670900,rolling_shadow_price_exchange::lagrangian_balanced
13,RegionF,Flat,395.4500000000,308.4500000000,0.2361000000,1012.1300000000,240.6086670000,2341,127.3093333333,367.9180003333,1.2700000000,467.2558604233,rolling_shadow_price_exchange::lagrangian_balanced
14,RegionF,Flat,395.6900000000,308.6400000000,0.2371000000,950.0000000000,211.1526670000,2342,116.9153333333,328.0680003333,1.2700000000,416.6463604233,rolling_shadow_price_exchange::lagrangian_balanced
15,RegionF,Flat,395.9400000000,308.8300000000,0.2394000000,877.6500000000,197.3070000000,2343,99.5520000000,296.8590000000,1.2700000000,377.0109300000,rolling_shadow_price_exchange::lagrangian_balanced
16,RegionF,Flat,396.1900000000,309.0300000000,0.2430000000,800.0000000000,169.3813330000,2344,82.3786666667,251.7599996667,1.2700000000,319.7351995767,rolling_shadow_price_exchange::lagrangian_balanced
17,RegionF,Peak,574.8400000000,448.3800000000,0.2476000000,722.3500000000,114.2400000000,2345,79.8400000000,194.0800000000,1.2700000000,246.4816000000,rolling_shadow_price_exchange::lagrangian_balanced
18,RegionF,Peak,575.2000000000,448.6600000000,0.2529000000,650.0000000000,125.8983330000,2346,72.4540000000,198.3523330000,1.2700000000,251.9074629100,rolling_shadow_price_exchange::lagrangian_balanced
19,RegionF,Peak,575.5700000000,448.9400000000,0.2585000000,587.8700000000,127.7083330000,2347,42.6770000000,170.3853330000,1.2700000000,216.3893729100,rolling_shadow_price_exchange::lagrangian_balanced
20,RegionF,Peak,575.9500000000,449.2400000000,0.2642000000,540.1900000000,125.1946670000,2348,26.5800000000,151.7746670000,1.2700000000,192.7538270900,rolling_shadow_price_exchange::lagrangian_balanced
21,RegionF,Peak,576.3200000000,449.5300000000,0.2695000000,510.2200000000,162.6913330000,2349,13.1000000000,175.7913330000,1.2700000000,223.2549929100,rolling_shadow_price_exchange::lagrangian_balanced
22,RegionF,Flat,357.9500000000,279.2000000000,0.2741000000,500.0000000000,247.4880000000,2350,102.8200000000,350.3080000000,1.2700000000,444.8911600000,rolling_shadow_price_exchange::lagrangian_balanced
23,RegionF,Flat,358.1900000000,279.3900000000,0.2777000000,510.2200000000,234.8933330000,2351,127.1386666667,362.0319996667,1.2700000000,459.7806395767,rolling_shadow_price_exchange::lagrangian_balanced
24,RegionF,Valley,258.8600000000,201.9100000000,0.2801000000,540.1900000000,286.9823330000,2352,131.3093333333,418.2916663333,1.2700000000,531.2304162433,rolling_shadow_price_exchange::lagrangian_balanced
25,RegionF,Valley,259.0300000000,202.0400000000,0.2811000000,587.8700000000,307.4900000000,2353,146.5500000000,454.0400000000,1.2700000000,576.6308000000,rolling_shadow_price_exchange::lagrangian_balanced
26,RegionF,Valley,259.2000000000,202.1800000000,0.2807000000,650.0000000000,351.1180000000,2354,128.6920000000,479.8100000000,1.2700000000,609.3587000000,rolling_shadow_price_exchange::lagrangian_balanced
27,RegionF,Valley,259.3700000000,202.3100000000,0.2789000000,722.3500000000,368.7490000000,2355,114.0970000000,482.8460000000,1.2700000000,613.2144200000,rolling_shadow_price_exchange::lagrangian_balanced
28,RegionF,Valley,259.5400000000,202.4400000000,0.2759000000,800.0000000000,339.5006670000,2356,129.7866666667,469.2873336667,1.2700000000,595.9949137567,rolling_shadow_price_exchange::lagrangian_balanced
29,RegionF,Valley,259.7000000000,202.5700000000,0.2719000000,877.6500000000,378.2500000000,2357,128.0800000000,506.3300000000,1.2700000000,643.0391000000,rolling_shadow_price_exchange::lagrangian_balanced
30,RegionF,Valley,259.8700000000,202.7000000000,0.2671000000,950.0000000000,390.5493330000,2358,109.4146666667,499.9639996667,1.2700000000,634.9542795767,rolling_shadow_price_exchange::lagrangian_balanced
31,RegionF,Flat,400.0500000000,312.0400000000,0.2620000000,1012.1300000000,364.1233330000,2359,109.4393333333,473.5626663333,1.2700000000,601.4245862433,rolling_shadow_price_exchange::lagrangian_balanced
32,RegionF,Flat,400.3100000000,312.2400000000,0.2569000000,1059.8100000000,317.4146670000,2360,105.2693333333,422.6840003333,1.2700000000,536.8086804233,rolling_shadow_price_exchange::lagrangian_balanced
33,RegionF,Flat,400.5500000000,312.4300000000,0.2522000000,1089.7800000000,323.0200000000,2361,135.7180000000,458.7380000000,1.2700000000,582.5972600000,rolling_shadow_price_exchange::lagrangian_balanced
34,RegionF,Flat,400.8000000000,312.6200000000,0.2481000000,1100.0000000000,322.9966670000,2362,121.0573333333,444.0540003333,1.2700000000,563.9485804233,rolling_shadow_price_exchange::lagrangian_balanced
35,RegionF,Flat,401.0500000000,312.8200000000,0.2451000000,1089.7800000000,301.3860000000,2363,126.3796666667,427.7656666667,1.2700000000,543.2623966667,rolling_shadow_price_exchange::lagrangian_balanced
36,RegionF,Flat,401.2900000000,313.0100000000,0.2433000000,1059.8100000000,317.5973330000,2364,91.7546666667,409.3519996667,1.2700000000,519.8770395767,rolling_shadow_price_exchange::lagrangian_balanced
37,RegionF,Flat,401.5200000000,313.1900000000,0.2428000000,1012.1300000000,307.1420000000,2365,94.8746666667,402.0166666667,1.2700000000,510.5611666667,rolling_shadow_price_exchange::lagrangian_balanced
38,RegionF,Flat,401.7600000000,313.3700000000,0.2438000000,950.0000000000,256.3193330000,2366,122.4730000000,378.7923330000,1.2700000000,481.0662629100,rolling_shadow_price_exchange::lagrangian_balanced
39,RegionF,Flat,401.9800000000,313.5400000000,0.2461000000,877.6500000000,186.4833330000,2367,134.6333333333,321.1166663333,1.2700000000,407.8181662433,rolling_shadow_price_exchange::lagrangian_balanced
40,RegionF,Flat,402.2100000000,313.7200000000,0.2497000000,800.0000000000,163.5473330000,2368,114.4546666667,278.0019996667,1.2700000000,353.0625395767,rolling_shadow_price_exchange::lagrangian_balanced
41,RegionF,Peak,583.5200000000,455.1500000000,0.2542000000,722.3500000000,135.3313330000,2369,106.1436666667,241.4749996667,1.2700000000,306.6732495767,rolling_shadow_price_exchange::lagrangian_balanced
42,RegionF,Peak,583.8300000000,455.3900000000,0.2595000000,650.0000000000,105.9966670000,2370,77.7853333333,183.7820003333,1.2700000000,233.4031404233,rolling_shadow_price_exchange::lagrangian_balanced
43,RegionF,Peak,584.1400000000,455.6300000000,0.2651000000,587.8700000000,124.4300000000,2371,48.9733333333,173.4033333333,1.2700000000,220.2222333333,rolling_shadow_price_exchange::lagrangian_balanced
44,RegionF,Peak,584.4300000000,455.8600000000,0.2707000000,540.1900000000,120.6690000000,2372,47.4080000000,168.0770000000,1.2700000000,213.4577900000,rolling_shadow_price_exchange::lagrangian_balanced
45,RegionF,Peak,584.7200000000,456.0800000000,0.2759000000,510.2200000000,138.8206670000,2373,78.4440000000,217.2646670000,1.2700000000,275.9261270900,rolling_shadow_price_exchange::lagrangian_balanced
46,RegionF,Flat,363.1000000000,283.2200000000,0.2804000000,500.0000000000,183.2280000000,2374,138.3923333333,321.6203333333,1.2700000000,408.4578233333,rolling_shadow_price_exchange::lagrangian_balanced
47,RegionF,Flat,363.2700000000,283.3500000000,0.2839000000,510.2200000000,276.7060000000,2375,134.6053333333,411.3113333333,1.2700000000,522.3653933333,rolling_shadow_price_exchange::lagrangian_balanced
48,RegionF,Valley,262.4800000000,204.7300000000,0.2862000000,540.1900000000,294.0393330000,2376,118.0093333333,412.0486663333,1.2700000000,523.3018062433,rolling_shadow_price_exchange::lagrangian_balanced
49,RegionF,Valley,262.5900000000,204.8200000000,0.2871000000,587.8700000000,289.8880000000,2377,131.4360000000,421.3240000000,1.2700000000,535.0814800000,rolling_shadow_price_exchange::lagrangian_balanced
50,RegionF,Valley,262.7000000000,204.9100000000,0.2865000000,650.0000000000,288.2513330000,2378,141.1886666667,429.4399996667,1.2700000000,545.3887995767,rolling_shadow_price_exchange::lagrangian_balanced
51,RegionF,Valley,262.8000000000,204.9800000000,0.2846000000,722.3500000000,297.4213330000,2379,138.4746666667,435.8959996667,1.2700000000,553.5879195767,rolling_shadow_price_exchange::lagrangian_balanced
52,RegionF,Valley,262.9000000000,205.0600000000,0.2815000000,800.0000000000,273.6483330000,2380,148.1216666667,421.7699996667,1.2700000000,535.6478995767,rolling_shadow_price_exchange::lagrangian_balanced
53,RegionF,Valley,263.0000000000,205.1400000000,0.2773000000,877.6500000000,299.5753330000,2381,129.7213333333,429.2966663333,1.2700000000,545.2067662433,rolling_shadow_price_exchange::lagrangian_balanced
54,RegionF,Valley,263.0900000000,205.2100000000,0.2724000000,950.0000000000,360.6133330000,2382,129.1266666667,489.7399996667,1.2700000000,621.9697995767,rolling_shadow_price_exchange::lagrangian_balanced
55,RegionF,Flat,404.8800000000,315.8100000000,0.2671000000,1012.1300000000,399.1546670000,2383,71.3393333333,470.4940003333,1.2700000000,597.5273804233,rolling_shadow_price_exchange::lagrangian_balanced
56,RegionF,Flat,405.0000000000,315.9000000000,0.2619000000,1059.8100000000,389.6460000000,2384,97.1023333333,486.7483333333,1.2700000000,618.1703833333,rolling_shadow_price_exchange::lagrangian_balanced
57,RegionF,Flat,405.1100000000,315.9900000000,0.2570000000,1089.7800000000,323.4240000000,2385,123.4560000000,446.8800000000,1.2700000000,567.5376000000,rolling_shadow_price_exchange::lagrangian_balanced
58,RegionF,Flat,405.2200000000,316.0700000000,0.2527000000,1100.0000000000,289.3960000000,2386,103.0753333333,392.4713333333,1.2700000000,498.4385933333,rolling_shadow_price_exchange::lagrangian_balanced
59,RegionF,Flat,405.3200000000,316.1500000000,0.2495000000,1089.7800000000,268.3866670000,2387,100.4026666667,368.7893336667,1.2700000000,468.3624537567,rolling_shadow_price_exchange::lagrangian_balanced
60,RegionF,Flat,405.4100000000,316.2200000000,0.2475000000,1059.8100000000,183.5400000000,2388,116.9093333333,300.4493333333,1.2700000000,381.5706533333,rolling_shadow_price_exchange::lagrangian_balanced
61,RegionF,Flat,405.4900000000,316.2800000000,0.2469000000,1012.1300000000,249.6686670000,2389,122.4840000000,372.1526670000,1.2700000000,472.6338870900,rolling_shadow_price_exchange::lagrangian_balanced
62,RegionF,Flat,405.5700000000,316.3400000000,0.2476000000,950.0000000000,207.5270000000,2390,126.4593333333,333.9863333333,1.2700000000,424.1626433333,rolling_shadow_price_exchange::lagrangian_balanced
63,RegionF,Flat,405.6300000000,316.3900000000,0.2497000000,877.6500000000,176.3513330000,2391,132.2230000000,308.5743330000,1.2700000000,391.8894029100,rolling_shadow_price_exchange::lagrangian_balanced
64,RegionF,Flat,405.6900000000,316.4400000000,0.2531000000,800.0000000000,110.1306670000,2392,130.0090000000,240.1396670000,1.2700000000,304.9773770900,rolling_shadow_price_exchange::lagrangian_balanced
65,RegionF,Peak,588.3200000000,458.8900000000,0.2574000000,722.3500000000,114.7626670000,2393,56.9236666667,171.6863336667,1.2700000000,218.0416437567,rolling_shadow_price_exchange::lagrangian_balanced
66,RegionF,Peak,588.3800000000,458.9400000000,0.2624000000,650.0000000000,159.1500000000,2394,46.4200000000,205.5700000000,1.2700000000,261.0739000000,rolling_shadow_price_exchange::lagrangian_balanced
67,RegionF,Peak,588.4300000000,458.9800000000,0.2678000000,587.8700000000,165.8020000000,2395,54.5060000000,220.3080000000,1.2700000000,279.7911600000,rolling_shadow_price_exchange::lagrangian_balanced
68,RegionF,Peak,588.4600000000,459.0000000000,0.2732000000,540.1900000000,129.3800000000,2396,41.4883333333,170.8683333333,1.2700000000,217.0027833333,rolling_shadow_price_exchange::lagrangian_balanced
69,RegionF,Peak,588.4900000000,459.0200000000,0.2782000000,510.2200000000,166.1600000000,2397,59.0366666667,225.1966666667,1.2700000000,285.9997666667,rolling_shadow_price_exchange::lagrangian_balanced
70,RegionF,Flat,365.2700000000,284.9100000000,0.2824000000,500.0000000000,179.2900000000,2398,60.6100000000,239.9000000000,1.2700000000,304.6730000000,rolling_shadow_price_exchange::lagrangian_balanced
71,RegionF,Flat,365.2700000000,284.9100000000,0.2857000000,510.2200000000,216.3380000000,2399,114.6280000000,330.9660000000,1.2700000000,420.3268200000,rolling_shadow_price_exchange::lagrangian_balanced
