TaskID,TaskType,SourceRegion,ExecutionRegion,ArrivalHour,StartMinute,EndMinute,Duration_min,GPU_Demand,MaxLatency_ms,NetworkLatency_ms,LatestFinishHour,SLA_met,SchedulePhase
11182,RealTimeInference,RegionC,RegionA,2371,142260,142586,326,1,20,15,2377,True,carry-in
20826,RealTimeInference,RegionA,RegionC,2371,142260,142657,397,4,20,15,2378,True,carry-in
43695,RealTimeInference,RegionB,RegionA,2371,142260,142568,308,6,20,12,2377,True,carry-in
45057,RealTimeInference,RegionA,RegionA,2371,142260,142580,320,2,20,5,2377,True,carry-in
17782,RealTimeInference,RegionF,RegionE,2372,142320,142571,251,2,20,18,2377,True,carry-in
28392,RealTimeInference,RegionB,RegionC,2372,142320,142705,385,6,20,14,2379,True,carry-in
43374,RealTimeInference,RegionB,RegionC,2372,142320,142715,395,1,20,14,2379,True,carry-in
614,RealTimeInference,RegionC,RegionC,2373,142380,142715,335,5,20,5,2379,True,carry-in
4670,RealTimeInference,RegionA,RegionC,2373,142380,142676,296,2,20,15,2378,True,carry-in
6693,RealTimeInference,RegionB,RegionC,2373,142380,142657,277,7,20,14,2378,True,carry-in
9254,RealTimeInference,RegionC,RegionC,2373,142380,142750,370,2,20,5,2380,True,carry-in
10317,RealTimeInference,RegionE,RegionE,2373,142380,142670,290,2,20,5,2378,True,carry-in
17142,RealTimeInference,RegionB,RegionC,2373,142380,142713,333,3,20,14,2379,True,carry-in
49666,RealTimeInference,RegionC,RegionC,2373,142380,142708,328,2,20,5,2379,True,carry-in
15509,RealTimeInference,RegionB,RegionC,2374,142440,142775,335,3,20,14,2380,True,carry-in
48150,RealTimeInference,RegionB,RegionA,2374,142440,142616,176,6,20,12,2377,True,carry-in
49763,RealTimeInference,RegionB,RegionC,2374,142440,142693,253,2,20,14,2379,True,carry-in
17253,RealTimeInference,RegionA,RegionA,2375,142500,142614,114,1,20,5,2377,True,carry-in
19061,RealTimeInference,RegionF,RegionF,2375,142500,142805,305,1,20,5,2381,True,carry-in
22150,RealTimeInference,RegionC,RegionC,2375,142500,142645,145,4,20,5,2378,True,carry-in
30183,RealTimeInference,RegionB,RegionC,2375,142500,142704,204,2,20,14,2379,True,carry-in
31492,RealTimeInference,RegionA,RegionC,2375,142500,142858,358,4,20,15,2381,True,carry-in
18108,BatchInference,RegionD,RegionD,2371,142260,142592,332,23,80,5,2406,True,carry-in
37934,BatchInference,RegionA,RegionA,2371,142260,142634,374,12,80,5,2406,True,carry-in
22087,BatchInference,RegionB,RegionB,2372,142320,142698,378,12,80,5,2406,True,carry-in
31067,BatchInference,RegionB,RegionB,2372,142320,142586,266,7,80,5,2406,True,carry-in
43137,BatchInference,RegionB,RegionB,2372,142320,142581,261,18,80,5,2406,True,carry-in
3763,BatchInference,RegionE,RegionE,2373,142380,142588,208,17,80,5,2406,True,carry-in
25277,BatchInference,RegionD,RegionD,2373,142380,142646,266,15,80,5,2406,True,carry-in
38190,BatchInference,RegionA,RegionA,2373,142380,142632,252,18,80,5,2406,True,carry-in
38628,BatchInference,RegionF,RegionF,2373,142380,142728,348,9,80,5,2406,True,carry-in
8623,BatchInference,RegionD,RegionD,2374,142440,142717,277,10,80,5,2406,True,carry-in
8931,BatchInference,RegionD,RegionD,2374,142440,142820,380,9,80,5,2406,True,carry-in
17234,BatchInference,RegionC,RegionC,2374,142440,142565,125,5,80,5,2406,True,carry-in
44039,BatchInference,RegionE,RegionE,2374,142440,142802,362,12,80,5,2406,True,carry-in
4971,BatchInference,RegionF,RegionF,2375,142500,142702,202,7,80,5,2406,True,carry-in
6706,BatchInference,RegionC,RegionC,2375,142500,142585,85,4,80,5,2406,True,carry-in
10640,BatchInference,RegionA,RegionA,2375,142500,142567,67,6,80,5,2406,True,carry-in
21651,BatchInference,RegionE,RegionE,2375,142500,142862,362,16,80,5,2406,True,carry-in
28324,BatchInference,RegionA,RegionA,2375,142500,142736,236,20,80,5,2406,True,carry-in
35506,BatchInference,RegionA,RegionA,2375,142500,142802,302,11,80,5,2406,True,carry-in
49133,BatchInference,RegionC,RegionC,2375,142500,142615,115,4,80,5,2406,True,carry-in
7983,AITraining,RegionC,RegionC,2371,142260,142625,365,95,150,5,2406,True,carry-in
20402,AITraining,RegionD,RegionD,2371,142260,142594,334,119,150,5,2406,True,carry-in
21631,AITraining,RegionF,RegionF,2371,142260,142621,361,31,150,5,2406,True,carry-in
41084,AITraining,RegionD,RegionD,2372,142320,142596,276,70,150,5,2406,True,carry-in
6106,AITraining,RegionF,RegionF,2373,142380,142722,342,36,150,5,2406,True,carry-in
11826,AITraining,RegionF,RegionF,2373,142380,142574,194,127,150,5,2406,True,carry-in
25368,AITraining,RegionD,RegionD,2373,142380,142609,229,89,150,5,2406,True,carry-in
6812,AITraining,RegionE,RegionE,2374,142440,142584,144,87,150,5,2406,True,carry-in
23200,AITraining,RegionF,RegionF,2374,142440,142660,220,37,150,5,2406,True,carry-in
27744,AITraining,RegionE,RegionE,2374,142440,142689,249,87,150,5,2406,True,carry-in
37566,AITraining,RegionB,RegionB,2374,142440,142785,345,24,150,5,2406,True,carry-in
46065,AITraining,RegionE,RegionE,2374,142440,142776,336,78,150,5,2406,True,carry-in
47274,AITraining,RegionA,RegionA,2374,142440,142734,294,35,150,5,2406,True,carry-in
535,AITraining,RegionE,RegionE,2375,142500,142880,380,22,150,5,2406,True,carry-in
35185,AITraining,RegionB,RegionB,2375,142500,142680,180,95,150,5,2406,True,carry-in
45382,AITraining,RegionE,RegionE,2375,142500,142774,274,24,150,5,2406,True,carry-in
56,AITraining,RegionE,RegionE,2394,143640,143880,240,19,150,5,2406,True,q1-arrival
57,BatchInference,RegionE,RegionE,2390,143400,143580,180,16,80,5,2406,True,q1-arrival
165,BatchInference,RegionB,RegionB,2390,143400,143505,105,18,80,5,2406,True,q1-arrival
205,BatchInference,RegionB,RegionB,2385,143100,143395,295,6,80,5,2406,True,q1-arrival
235,RealTimeInference,RegionE,RegionE,2378,142680,142708,28,2,20,5,2379,True,q1-arrival
315,BatchInference,RegionA,RegionA,2392,143520,143607,87,17,80,5,2406,True,q1-arrival
403,BatchInference,RegionD,RegionD,2382,142920,143047,127,13,80,5,2406,True,q1-arrival
583,BatchInference,RegionA,RegionA,2388,143280,143515,235,12,80,5,2406,True,q1-arrival
701,BatchInference,RegionF,RegionF,2397,143820,143925,105,21,80,5,2406,True,q1-arrival
1055,AITraining,RegionF,RegionF,2378,142680,143019,339,113,150,5,2406,True,q1-fix-and-opt
1096,RealTimeInference,RegionA,RegionA,2389,143340,143630,290,1,20,5,2394,True,q1-arrival
1136,BatchInference,RegionB,RegionB,2390,143400,143582,182,12,80,5,2406,True,q1-arrival
1234,BatchInference,RegionB,RegionB,2385,143100,143434,334,9,80,5,2406,True,q1-arrival
1264,AITraining,RegionF,RegionD,2388,143280,143562,282,113,150,25,2406,True,q1-fix-and-opt
1371,AITraining,RegionC,RegionC,2392,143520,143855,335,18,150,5,2406,True,q1-arrival
1455,AITraining,RegionF,RegionF,2399,143940,144104,164,37,150,5,2406,True,q1-arrival
1540,AITraining,RegionF,RegionF,2377,142620,142912,292,98,150,5,2406,True,q1-fix-and-opt
1664,BatchInference,RegionE,RegionE,2383,142980,143111,131,14,80,5,2406,True,q1-arrival
1843,RealTimeInference,RegionA,RegionA,2394,143640,143689,49,1,20,5,2395,True,q1-arrival
2055,AITraining,RegionD,RegionD,2386,143160,143320,160,116,150,5,2406,True,q1-fix-and-opt
2167,AITraining,RegionD,RegionD,2390,143400,143649,249,57,150,5,2406,True,q1-arrival
2374,BatchInference,RegionA,RegionA,2387,143220,143259,39,7,80,5,2406,True,q1-arrival
2412,RealTimeInference,RegionC,RegionC,2392,143520,143776,256,2,20,5,2397,True,q1-arrival
2473,AITraining,RegionC,RegionC,2398,143880,144230,350,16,150,5,2406,True,q1-arrival
2508,RealTimeInference,RegionB,RegionB,2378,142680,142959,279,1,20,5,2383,True,q1-arrival
2517,AITraining,RegionF,RegionF,2392,143520,143684,164,30,150,5,2406,True,q1-arrival
2648,BatchInference,RegionE,RegionE,2397,143820,144011,191,19,80,5,2406,True,q1-arrival
2763,BatchInference,RegionB,RegionB,2379,142740,142965,225,15,80,5,2406,True,q1-arrival
3113,BatchInference,RegionD,RegionD,2387,143220,143594,374,15,80,5,2406,True,q1-arrival
3444,RealTimeInference,RegionA,RegionA,2378,142680,142783,103,7,20,5,2380,True,q1-arrival
3455,RealTimeInference,RegionC,RegionC,2386,143160,143332,172,1,20,5,2389,True,q1-arrival
3498,RealTimeInference,RegionB,RegionB,2376,142560,142631,71,2,20,5,2378,True,q1-arrival
3566,BatchInference,RegionE,RegionE,2392,143520,143574,54,9,80,5,2406,True,q1-arrival
3736,BatchInference,RegionD,RegionD,2396,143760,144156,396,19,80,5,2406,True,q1-arrival
3782,AITraining,RegionE,RegionF,2390,143400,143746,346,89,150,18,2406,True,q1-fix-and-opt
3809,AITraining,RegionF,RegionF,2376,142560,142658,98,32,150,5,2406,True,q1-arrival
3928,BatchInference,RegionF,RegionF,2397,143820,144002,182,4,80,5,2406,True,q1-arrival
3948,RealTimeInference,RegionF,RegionF,2382,142920,143250,330,1,20,5,2388,True,q1-arrival
4060,BatchInference,RegionA,RegionA,2383,142980,143148,168,8,80,5,2406,True,q1-arrival
4113,BatchInference,RegionA,RegionA,2391,143460,143712,252,15,80,5,2406,True,q1-arrival
4202,AITraining,RegionE,RegionE,2377,142620,142900,280,94,150,5,2406,True,q1-fix-and-opt
4316,RealTimeInference,RegionA,RegionA,2377,142620,142882,262,5,20,5,2382,True,q1-arrival
4353,AITraining,RegionE,RegionE,2398,143880,144102,222,21,150,5,2406,True,q1-arrival
4354,RealTimeInference,RegionC,RegionC,2390,143400,143757,357,4,20,5,2396,True,q1-arrival
4418,BatchInference,RegionD,RegionD,2398,143880,144134,254,11,80,5,2406,True,q1-arrival
4590,RealTimeInference,RegionC,RegionC,2382,142920,143127,207,5,20,5,2386,True,q1-arrival
4599,AITraining,RegionD,RegionD,2385,143100,143230,130,34,150,5,2406,True,q1-arrival
4611,BatchInference,RegionA,RegionA,2393,143580,143703,123,15,80,5,2406,True,q1-arrival
4848,BatchInference,RegionB,RegionB,2394,143640,143856,216,17,80,5,2406,True,q1-arrival
4851,BatchInference,RegionD,RegionD,2390,143400,143630,230,8,80,5,2406,True,q1-arrival
4886,RealTimeInference,RegionF,RegionF,2398,143880,144080,200,3,20,5,2402,True,q1-arrival
4930,AITraining,RegionE,RegionE,2391,143460,143812,352,50,150,5,2406,True,q1-arrival
4943,RealTimeInference,RegionC,RegionC,2391,143460,143640,180,4,20,5,2394,True,q1-arrival
5138,RealTimeInference,RegionB,RegionB,2396,143760,144076,316,1,20,5,2402,True,q1-arrival
5272,RealTimeInference,RegionC,RegionC,2398,143880,144141,261,4,20,5,2403,True,q1-arrival
5277,AITraining,RegionE,RegionE,2385,143100,143188,88,64,150,5,2406,True,q1-arrival
5435,AITraining,RegionE,RegionE,2395,143700,143877,177,116,150,5,2406,True,q1-fix-and-opt
5663,RealTimeInference,RegionB,RegionB,2393,143580,143835,255,6,20,5,2398,True,q1-arrival
5727,AITraining,RegionD,RegionD,2389,143340,143479,139,82,150,5,2406,True,q1-arrival
5845,AITraining,RegionD,RegionD,2382,142920,143011,91,26,150,5,2406,True,q1-arrival
6052,AITraining,RegionF,RegionF,2380,142800,143097,297,92,150,5,2406,True,q1-fix-and-opt
6232,RealTimeInference,RegionA,RegionA,2389,143340,143700,360,5,20,5,2395,True,q1-arrival
6235,RealTimeInference,RegionB,RegionB,2392,143520,143624,104,1,20,5,2394,True,q1-arrival
6323,BatchInference,RegionA,RegionA,2388,143280,143422,142,5,80,5,2406,True,q1-arrival
6392,BatchInference,RegionD,RegionD,2397,143820,144107,287,5,80,5,2406,True,q1-arrival
6423,RealTimeInference,RegionA,RegionA,2377,142620,142883,263,7,20,5,2382,True,q1-arrival
6438,AITraining,RegionE,RegionE,2394,143640,143937,297,98,150,5,2406,True,q1-fix-and-opt
6481,RealTimeInference,RegionA,RegionA,2377,142620,143007,387,6,20,5,2384,True,q1-arrival
6507,AITraining,RegionC,RegionC,2378,142680,143001,321,17,150,5,2406,True,q1-arrival
6508,BatchInference,RegionB,RegionB,2394,143640,143939,299,23,80,5,2406,True,q1-arrival
6767,AITraining,RegionF,RegionF,2395,143700,143742,42,29,150,5,2406,True,q1-arrival
6876,AITraining,RegionD,RegionD,2391,143460,143850,390,52,150,5,2406,True,q1-fix-and-opt
7165,RealTimeInference,RegionB,RegionB,2397,143820,144098,278,5,20,5,2402,True,q1-arrival
7372,AITraining,RegionF,RegionF,2395,143700,143946,246,104,150,5,2406,True,q1-fix-and-opt
7403,BatchInference,RegionD,RegionD,2376,142560,142934,374,10,80,5,2406,True,q1-arrival
7484,RealTimeInference,RegionA,RegionA,2393,143580,143817,237,3,20,5,2397,True,q1-arrival
7530,RealTimeInference,RegionA,RegionA,2398,143880,143950,70,5,20,5,2400,True,q1-arrival
7542,RealTimeInference,RegionD,RegionD,2382,142920,142961,41,7,20,5,2383,True,q1-arrival
7857,AITraining,RegionF,RegionF,2399,143940,144017,77,115,150,5,2406,True,q1-arrival
7874,BatchInference,RegionC,RegionC,2396,143760,143787,27,21,80,5,2406,True,q1-arrival
7890,RealTimeInference,RegionE,RegionE,2399,143940,144205,265,4,20,5,2404,True,q1-arrival
7902,BatchInference,RegionE,RegionE,2376,142560,142586,26,11,80,5,2406,True,q1-arrival
7973,AITraining,RegionE,RegionE,2379,142740,142807,67,70,150,5,2406,True,q1-arrival
8294,BatchInference,RegionC,RegionC,2395,143700,143762,62,8,80,5,2406,True,q1-arrival
8353,RealTimeInference,RegionB,RegionB,2386,143160,143235,75,5,20,5,2388,True,q1-arrival
8745,BatchInference,RegionB,RegionB,2398,143880,144006,126,21,80,5,2406,True,q1-arrival
8760,AITraining,RegionE,RegionE,2390,143400,143675,275,44,150,5,2406,True,q1-arrival
8915,AITraining,RegionD,RegionD,2392,143520,143569,49,97,150,5,2406,True,q1-arrival
8972,RealTimeInference,RegionD,RegionD,2398,143880,144126,246,2,20,5,2403,True,q1-arrival
9168,RealTimeInference,RegionC,RegionC,2387,143220,143361,141,3,20,5,2390,True,q1-arrival
9267,BatchInference,RegionE,RegionE,2376,142560,142582,22,7,80,5,2406,True,q1-arrival
9415,AITraining,RegionD,RegionD,2376,142560,142648,88,119,150,5,2406,True,q1-arrival
9535,AITraining,RegionE,RegionE,2387,143220,143558,338,58,150,5,2406,True,q1-fix-and-opt
9572,AITraining,RegionD,RegionD,2398,143880,144244,364,123,150,5,2406,True,q1-fix-and-opt
9585,RealTimeInference,RegionB,RegionB,2381,142860,142982,122,7,20,5,2384,True,q1-arrival
9591,AITraining,RegionD,RegionD,2378,142680,142871,191,27,150,5,2406,True,q1-arrival
9621,RealTimeInference,RegionC,RegionC,2399,143940,144020,80,6,20,5,2401,True,q1-arrival
9845,AITraining,RegionF,RegionF,2379,142740,142795,55,102,150,5,2406,True,q1-arrival
9850,BatchInference,RegionE,RegionE,2387,143220,143564,344,13,80,5,2406,True,q1-arrival
9936,RealTimeInference,RegionC,RegionC,2385,143100,143191,91,5,20,5,2387,True,q1-arrival
10184,BatchInference,RegionD,RegionD,2390,143400,143567,167,15,80,5,2406,True,q1-arrival
10275,AITraining,RegionE,RegionE,2386,143160,143285,125,38,150,5,2406,True,q1-arrival
10284,BatchInference,RegionF,RegionF,2396,143760,143897,137,14,80,5,2406,True,q1-arrival
10306,AITraining,RegionD,RegionD,2384,143040,143312,272,68,150,5,2406,True,q1-fix-and-opt
10407,RealTimeInference,RegionC,RegionC,2389,143340,143482,142,7,20,5,2392,True,q1-arrival
10504,BatchInference,RegionC,RegionC,2396,143760,143829,69,4,80,5,2406,True,q1-arrival
10622,BatchInference,RegionC,RegionC,2379,142740,143074,334,23,80,5,2406,True,q1-arrival
10704,AITraining,RegionF,RegionF,2382,142920,142985,65,110,150,5,2406,True,q1-arrival
11216,BatchInference,RegionA,RegionA,2379,142740,143047,307,20,80,5,2406,True,q1-arrival
11304,AITraining,RegionD,RegionD,2383,142980,143050,70,112,150,5,2406,True,q1-arrival
11351,BatchInference,RegionD,RegionD,2394,143640,143901,261,16,80,5,2406,True,q1-arrival
11360,RealTimeInference,RegionE,RegionE,2384,143040,143434,394,3,20,5,2391,True,q1-arrival
11383,BatchInference,RegionC,RegionC,2380,142800,142911,111,22,80,5,2406,True,q1-arrival
11780,BatchInference,RegionF,RegionF,2398,143880,143915,35,21,80,5,2406,True,q1-arrival
11834,BatchInference,RegionB,RegionB,2386,143160,143512,352,19,80,5,2406,True,q1-arrival
11877,RealTimeInference,RegionC,RegionC,2382,142920,143003,83,7,20,5,2384,True,q1-arrival
11961,AITraining,RegionE,RegionE,2376,142560,142806,246,111,150,5,2406,True,q1-fix-and-opt
11993,BatchInference,RegionC,RegionC,2382,142920,143156,236,15,80,5,2406,True,q1-arrival
12025,RealTimeInference,RegionA,RegionA,2387,143220,143259,39,2,20,5,2388,True,q1-arrival
12181,AITraining,RegionC,RegionC,2381,142860,143002,142,68,150,5,2406,True,q1-arrival
12184,BatchInference,RegionD,RegionD,2393,143580,143595,15,5,80,5,2406,True,q1-arrival
12397,AITraining,RegionA,RegionA,2391,143460,143497,37,101,150,5,2406,True,q1-arrival
12431,BatchInference,RegionB,RegionB,2396,143760,143957,197,17,80,5,2406,True,q1-arrival
12444,RealTimeInference,RegionA,RegionA,2394,143640,143909,269,1,20,5,2399,True,q1-arrival
12481,RealTimeInference,RegionC,RegionC,2395,143700,143875,175,5,20,5,2398,True,q1-arrival
12755,AITraining,RegionE,RegionE,2383,142980,143163,183,51,150,5,2406,True,q1-arrival
12791,BatchInference,RegionA,RegionA,2383,142980,143032,52,4,80,5,2406,True,q1-arrival
13174,RealTimeInference,RegionB,RegionB,2394,143640,143650,10,6,20,5,2395,True,q1-arrival
13251,RealTimeInference,RegionA,RegionA,2395,143700,143747,47,6,20,5,2396,True,q1-arrival
13331,RealTimeInference,RegionB,RegionB,2383,142980,143029,49,1,20,5,2384,True,q1-arrival
13376,AITraining,RegionD,RegionD,2394,143640,143783,143,53,150,5,2406,True,q1-arrival
13381,RealTimeInference,RegionA,RegionA,2398,143880,144005,125,6,20,5,2401,True,q1-arrival
13505,RealTimeInference,RegionE,RegionE,2382,142920,143177,257,6,20,5,2387,True,q1-arrival
13587,AITraining,RegionD,RegionD,2381,142860,143252,392,23,150,5,2406,True,q1-arrival
13747,AITraining,RegionF,RegionF,2389,143340,143736,396,41,150,5,2406,True,q1-arrival
13836,AITraining,RegionD,RegionD,2391,143460,143844,384,40,150,5,2406,True,q1-arrival
14305,RealTimeInference,RegionD,RegionD,2391,143460,143740,280,2,20,5,2396,True,q1-arrival
14327,BatchInference,RegionB,RegionB,2394,143640,143973,333,21,80,5,2406,True,q1-arrival
14405,BatchInference,RegionA,RegionA,2379,142740,142895,155,18,80,5,2406,True,q1-arrival
14419,AITraining,RegionD,RegionD,2379,142740,143126,386,104,150,5,2406,True,q1-fix-and-opt
14578,AITraining,RegionE,RegionE,2396,143760,144135,375,31,150,5,2406,True,q1-arrival
14619,AITraining,RegionF,RegionF,2394,143640,144037,397,117,150,5,2406,True,q1-fix-and-opt
14622,BatchInference,RegionB,RegionB,2386,143160,143380,220,23,80,5,2406,True,q1-arrival
14647,BatchInference,RegionA,RegionA,2376,142560,142634,74,11,80,5,2406,True,q1-arrival
14669,RealTimeInference,RegionB,RegionB,2385,143100,143377,277,6,20,5,2390,True,q1-arrival
14749,AITraining,RegionE,RegionE,2389,143340,143529,189,97,150,5,2406,True,q1-fix-and-opt
14772,BatchInference,RegionA,RegionA,2382,142920,143227,307,12,80,5,2406,True,q1-arrival
14780,AITraining,RegionD,RegionD,2377,142620,142889,269,32,150,5,2406,True,q1-arrival
14844,AITraining,RegionB,RegionB,2396,143760,144009,249,51,150,5,2406,True,q1-arrival
14868,AITraining,RegionF,RegionF,2396,143760,144147,387,22,150,5,2406,True,q1-arrival
15175,RealTimeInference,RegionB,RegionB,2396,143760,143935,175,6,20,5,2399,True,q1-arrival
15185,RealTimeInference,RegionA,RegionA,2382,142920,142973,53,1,20,5,2383,True,q1-arrival
15242,BatchInference,RegionE,RegionE,2399,143940,144183,243,7,80,5,2406,True,q1-arrival
15675,AITraining,RegionF,RegionF,2390,143400,143579,179,87,150,5,2406,True,q1-arrival
15694,AITraining,RegionE,RegionE,2386,143160,143332,172,63,150,5,2406,True,q1-arrival
15916,AITraining,RegionE,RegionE,2397,143820,144023,203,81,150,5,2406,True,q1-arrival
15921,AITraining,RegionD,RegionD,2394,143640,143875,235,127,150,5,2406,True,q1-fix-and-opt
16024,RealTimeInference,RegionF,RegionF,2392,143520,143721,201,1,20,5,2396,True,q1-arrival
16041,RealTimeInference,RegionB,RegionB,2394,143640,143695,55,5,20,5,2395,True,q1-arrival
16109,BatchInference,RegionF,RegionF,2389,143340,143515,175,7,80,5,2406,True,q1-arrival
16116,BatchInference,RegionA,RegionA,2382,142920,143240,320,7,80,5,2406,True,q1-arrival
16146,AITraining,RegionE,RegionE,2378,142680,142698,18,60,150,5,2406,True,q1-arrival
16274,BatchInference,RegionA,RegionA,2388,143280,143643,363,21,80,5,2406,True,q1-arrival
16345,BatchInference,RegionF,RegionF,2393,143580,143774,194,9,80,5,2406,True,q1-arrival
16494,BatchInference,RegionD,RegionD,2395,143700,143861,161,22,80,5,2406,True,q1-arrival
16513,AITraining,RegionE,RegionE,2390,143400,143750,350,107,150,5,2406,True,q1-fix-and-opt
16699,AITraining,RegionF,RegionF,2393,143580,143682,102,127,150,5,2406,True,q1-arrival
16844,RealTimeInference,RegionF,RegionF,2399,143940,143991,51,1,20,5,2400,True,q1-arrival
16950,RealTimeInference,RegionA,RegionA,2384,143040,143192,152,6,20,5,2387,True,q1-arrival
17044,BatchInference,RegionC,RegionC,2389,143340,143376,36,6,80,5,2406,True,q1-arrival
17052,RealTimeInference,RegionC,RegionC,2398,143880,143913,33,2,20,5,2399,True,q1-arrival
17181,AITraining,RegionD,RegionD,2387,143220,143322,102,82,150,5,2406,True,q1-arrival
17233,AITraining,RegionD,RegionD,2390,143400,143628,228,122,150,5,2406,True,q1-fix-and-opt
17421,BatchInference,RegionF,RegionF,2398,143880,144021,141,15,80,5,2406,True,q1-arrival
17466,BatchInference,RegionE,RegionE,2380,142800,143031,231,20,80,5,2406,True,q1-arrival
17673,AITraining,RegionD,RegionD,2392,143520,143917,397,124,150,5,2406,True,q1-fix-and-opt
17820,RealTimeInference,RegionC,RegionC,2376,142560,142635,75,1,20,5,2378,True,q1-arrival
17864,AITraining,RegionD,RegionD,2378,142680,142782,102,120,150,5,2406,True,q1-arrival
17898,AITraining,RegionE,RegionE,2391,143460,143619,159,78,150,5,2406,True,q1-arrival
17938,BatchInference,RegionE,RegionE,2398,143880,144136,256,23,80,5,2406,True,q1-arrival
17991,AITraining,RegionF,RegionF,2388,143280,143416,136,26,150,5,2406,True,q1-arrival
18061,BatchInference,RegionC,RegionC,2388,143280,143584,304,9,80,5,2406,True,q1-arrival
18201,BatchInference,RegionE,RegionE,2376,142560,142600,40,16,80,5,2406,True,q1-arrival
18325,AITraining,RegionF,RegionF,2385,143100,143307,207,58,150,5,2406,True,q1-arrival
18367,BatchInference,RegionA,RegionA,2391,143460,143806,346,19,80,5,2406,True,q1-arrival
18394,RealTimeInference,RegionA,RegionA,2396,143760,144086,326,3,20,5,2402,True,q1-arrival
18427,BatchInference,RegionB,RegionB,2378,142680,142947,267,18,80,5,2406,True,q1-arrival
18687,RealTimeInference,RegionE,RegionE,2391,143460,143547,87,5,20,5,2393,True,q1-arrival
18713,AITraining,RegionF,RegionE,2380,142800,142865,65,38,150,18,2406,True,q1-arrival
18720,AITraining,RegionF,RegionE,2381,142860,142912,52,120,150,18,2406,True,q1-arrival
18826,BatchInference,RegionA,RegionA,2392,143520,143792,272,17,80,5,2406,True,q1-arrival
18847,BatchInference,RegionB,RegionB,2391,143460,143731,271,8,80,5,2406,True,q1-arrival
18869,BatchInference,RegionD,RegionD,2386,143160,143426,266,7,80,5,2406,True,q1-arrival
18905,BatchInference,RegionA,RegionA,2381,142860,143111,251,12,80,5,2406,True,q1-arrival
19172,RealTimeInference,RegionC,RegionC,2398,143880,144079,199,6,20,5,2402,True,q1-arrival
19264,RealTimeInference,RegionD,RegionD,2386,143160,143360,200,4,20,5,2390,True,q1-arrival
19289,AITraining,RegionE,RegionE,2398,143880,144241,361,121,150,5,2406,True,q1-fix-and-opt
19387,AITraining,RegionE,RegionE,2392,143520,143746,226,104,150,5,2406,True,q1-fix-and-opt
19440,BatchInference,RegionE,RegionE,2382,142920,143044,124,23,80,5,2406,True,q1-arrival
19584,AITraining,RegionE,RegionE,2387,143220,143569,349,43,150,5,2406,True,q1-arrival
19682,BatchInference,RegionD,RegionD,2390,143400,143714,314,11,80,5,2406,True,q1-arrival
19684,BatchInference,RegionF,RegionF,2378,142680,142801,121,9,80,5,2406,True,q1-arrival
19693,RealTimeInference,RegionA,RegionA,2386,143160,143232,72,4,20,5,2388,True,q1-arrival
20139,AITraining,RegionD,RegionD,2381,142860,143065,205,71,150,5,2406,True,q1-arrival
20312,BatchInference,RegionD,RegionD,2396,143760,144008,248,16,80,5,2406,True,q1-arrival
20392,AITraining,RegionF,RegionF,2377,142620,142955,335,110,150,5,2406,True,q1-fix-and-opt
20403,BatchInference,RegionD,RegionD,2388,143280,143519,239,14,80,5,2406,True,q1-arrival
20632,BatchInference,RegionC,RegionC,2386,143160,143344,184,14,80,5,2406,True,q1-arrival
20799,BatchInference,RegionF,RegionF,2397,143820,144024,204,14,80,5,2406,True,q1-arrival
20964,AITraining,RegionB,RegionB,2380,142800,143010,210,112,150,5,2406,True,q1-fix-and-opt
20965,RealTimeInference,RegionA,RegionA,2377,142620,142778,158,2,20,5,2380,True,q1-arrival
21103,RealTimeInference,RegionA,RegionA,2383,142980,143088,108,7,20,5,2385,True,q1-arrival
21242,RealTimeInference,RegionB,RegionB,2390,143400,143466,66,1,20,5,2392,True,q1-arrival
21356,AITraining,RegionF,RegionF,2388,143280,143588,308,125,150,5,2406,True,q1-fix-and-opt
21384,AITraining,RegionC,RegionC,2377,142620,142838,218,110,150,5,2406,True,q1-fix-and-opt
21400,RealTimeInference,RegionB,RegionB,2399,143940,144041,101,1,20,5,2401,True,q1-arrival
21428,RealTimeInference,RegionC,RegionC,2387,143220,143362,142,5,20,5,2390,True,q1-arrival
21451,AITraining,RegionD,RegionD,2394,143640,143893,253,34,150,5,2406,True,q1-arrival
21730,AITraining,RegionF,RegionF,2397,143820,144109,289,49,150,5,2406,True,q1-arrival
21792,RealTimeInference,RegionA,RegionA,2392,143520,143836,316,4,20,5,2398,True,q1-arrival
21837,AITraining,RegionD,RegionD,2388,143280,143536,256,59,150,5,2406,True,q1-arrival
21897,RealTimeInference,RegionA,RegionA,2393,143580,143672,92,3,20,5,2395,True,q1-arrival
22136,BatchInference,RegionE,RegionE,2398,143880,143959,79,7,80,5,2406,True,q1-arrival
22175,AITraining,RegionE,RegionE,2383,142980,143371,391,112,150,5,2406,True,q1-fix-and-opt
22360,RealTimeInference,RegionD,RegionD,2398,143880,143891,11,6,20,5,2399,True,q1-arrival
22462,BatchInference,RegionC,RegionC,2381,142860,142998,138,23,80,5,2406,True,q1-arrival
22576,AITraining,RegionF,RegionF,2395,143700,143885,185,16,150,5,2406,True,q1-arrival
22636,RealTimeInference,RegionF,RegionF,2377,142620,142870,250,2,20,5,2382,True,q1-arrival
22705,AITraining,RegionE,RegionE,2385,143100,143235,135,80,150,5,2406,True,q1-arrival
22706,RealTimeInference,RegionC,RegionC,2391,143460,143505,45,2,20,5,2392,True,q1-arrival
22852,AITraining,RegionF,RegionF,2386,143160,143505,345,62,150,5,2406,True,q1-fix-and-opt
22871,BatchInference,RegionE,RegionE,2381,142860,143089,229,7,80,5,2406,True,q1-arrival
22890,RealTimeInference,RegionC,RegionC,2384,143040,143148,108,3,20,5,2386,True,q1-arrival
22926,BatchInference,RegionA,RegionA,2377,142620,142828,208,19,80,5,2406,True,q1-arrival
22937,AITraining,RegionF,RegionF,2386,143160,143297,137,52,150,5,2406,True,q1-arrival
23146,RealTimeInference,RegionC,RegionC,2387,143220,143553,333,3,20,5,2393,True,q1-arrival
23364,RealTimeInference,RegionE,RegionE,2392,143520,143635,115,5,20,5,2394,True,q1-arrival
23381,BatchInference,RegionD,RegionD,2394,143640,143880,240,15,80,5,2406,True,q1-arrival
23421,AITraining,RegionE,RegionE,2398,143880,144144,264,19,150,5,2406,True,q1-arrival
23424,RealTimeInference,RegionA,RegionA,2379,142740,143137,397,5,20,5,2386,True,q1-arrival
23479,AITraining,RegionD,RegionD,2377,142620,142751,131,113,150,5,2406,True,q1-arrival
23514,AITraining,RegionF,RegionF,2385,143100,143331,231,76,150,5,2406,True,q1-arrival
23544,RealTimeInference,RegionB,RegionB,2393,143580,143715,135,1,20,5,2396,True,q1-arrival
23667,BatchInference,RegionA,RegionA,2386,143160,143473,313,15,80,5,2406,True,q1-arrival
23682,RealTimeInference,RegionB,RegionB,2396,143760,144037,277,7,20,5,2401,True,q1-arrival
23708,RealTimeInference,RegionB,RegionB,2387,143220,143320,100,7,20,5,2389,True,q1-arrival
23890,RealTimeInference,RegionA,RegionA,2385,143100,143387,287,5,20,5,2390,True,q1-arrival
23936,AITraining,RegionD,RegionD,2389,143340,143570,230,127,150,5,2406,True,q1-fix-and-opt
24073,AITraining,RegionB,RegionB,2395,143700,143792,92,110,150,5,2406,True,q1-arrival
24255,BatchInference,RegionE,RegionE,2397,143820,143946,126,20,80,5,2406,True,q1-arrival
24477,BatchInference,RegionD,RegionD,2393,143580,143648,68,16,80,5,2406,True,q1-arrival
24568,RealTimeInference,RegionB,RegionB,2378,142680,142825,145,4,20,5,2381,True,q1-arrival
24572,BatchInference,RegionA,RegionA,2390,143400,143703,303,9,80,5,2406,True,q1-arrival
24641,BatchInference,RegionD,RegionD,2383,142980,143064,84,12,80,5,2406,True,q1-arrival
24714,RealTimeInference,RegionC,RegionC,2380,142800,143125,325,5,20,5,2386,True,q1-arrival
24748,RealTimeInference,RegionE,RegionE,2384,143040,143227,187,1,20,5,2388,True,q1-arrival
24774,BatchInference,RegionF,RegionF,2380,142800,142904,104,16,80,5,2406,True,q1-arrival
24949,BatchInference,RegionD,RegionD,2386,143160,143221,61,16,80,5,2406,True,q1-arrival
24995,BatchInference,RegionD,RegionD,2396,143760,143823,63,10,80,5,2406,True,q1-arrival
25000,RealTimeInference,RegionB,RegionB,2387,143220,143319,99,6,20,5,2389,True,q1-arrival
25215,RealTimeInference,RegionA,RegionA,2391,143460,143666,206,5,20,5,2395,True,q1-arrival
25467,RealTimeInference,RegionB,RegionB,2385,143100,143272,172,6,20,5,2388,True,q1-arrival
25631,BatchInference,RegionD,RegionD,2392,143520,143803,283,18,80,5,2406,True,q1-arrival
25757,BatchInference,RegionE,RegionE,2377,142620,142942,322,17,80,5,2406,True,q1-arrival
25763,AITraining,RegionE,RegionE,2391,143460,143750,290,114,150,5,2406,True,q1-fix-and-opt
25795,AITraining,RegionE,RegionE,2390,143400,143503,103,46,150,5,2406,True,q1-arrival
25839,RealTimeInference,RegionA,RegionA,2378,142680,143009,329,1,20,5,2384,True,q1-arrival
26136,AITraining,RegionE,RegionE,2390,143400,143452,52,120,150,5,2406,True,q1-arrival
26377,BatchInference,RegionB,RegionB,2376,142560,142946,386,17,80,5,2406,True,q1-arrival
26569,RealTimeInference,RegionB,RegionB,2384,143040,143106,66,5,20,5,2386,True,q1-arrival
26584,AITraining,RegionF,RegionE,2380,142800,142864,64,125,150,18,2406,True,q1-arrival
26590,AITraining,RegionF,RegionF,2385,143100,143395,295,27,150,5,2406,True,q1-arrival
26779,RealTimeInference,RegionB,RegionB,2384,143040,143145,105,2,20,5,2386,True,q1-arrival
26783,BatchInference,RegionA,RegionA,2377,142620,142758,138,16,80,5,2406,True,q1-arrival
26788,BatchInference,RegionF,RegionF,2386,143160,143477,317,12,80,5,2406,True,q1-arrival
26836,RealTimeInference,RegionA,RegionA,2396,143760,144032,272,7,20,5,2401,True,q1-arrival
27016,BatchInference,RegionD,RegionD,2378,142680,142751,71,23,80,5,2406,True,q1-arrival
27109,AITraining,RegionF,RegionE,2384,143040,143340,300,99,150,18,2406,True,q1-fix-and-opt
27293,AITraining,RegionF,RegionF,2388,143280,143600,320,50,150,5,2406,True,q1-arrival
27301,BatchInference,RegionA,RegionA,2392,143520,143712,192,5,80,5,2406,True,q1-arrival
27485,RealTimeInference,RegionA,RegionA,2393,143580,143726,146,5,20,5,2396,True,q1-arrival
27509,AITraining,RegionF,RegionF,2377,142620,143011,391,113,150,5,2406,True,q1-fix-and-opt
27547,BatchInference,RegionD,RegionD,2397,143820,143878,58,17,80,5,2406,True,q1-arrival
27636,RealTimeInference,RegionA,RegionA,2388,143280,143534,254,7,20,5,2393,True,q1-arrival
27637,AITraining,RegionD,RegionD,2391,143460,143491,31,50,150,5,2406,True,q1-arrival
27713,AITraining,RegionF,RegionF,2387,143220,143312,92,87,150,5,2406,True,q1-arrival
27964,AITraining,RegionD,RegionD,2396,143760,144145,385,25,150,5,2406,True,q1-arrival
28123,AITraining,RegionD,RegionD,2385,143100,143287,187,30,150,5,2406,True,q1-arrival
28161,BatchInference,RegionB,RegionB,2381,142860,143113,253,4,80,5,2406,True,q1-arrival
28165,BatchInference,RegionE,RegionE,2387,143220,143245,25,13,80,5,2406,True,q1-arrival
28388,AITraining,RegionF,RegionF,2385,143100,143388,288,85,150,5,2406,True,q1-fix-and-opt
28488,BatchInference,RegionA,RegionA,2392,143520,143559,39,14,80,5,2406,True,q1-arrival
28656,RealTimeInference,RegionC,RegionC,2396,143760,143840,80,4,20,5,2398,True,q1-arrival
28664,AITraining,RegionF,RegionF,2393,143580,143955,375,96,150,5,2406,True,q1-fix-and-opt
28667,RealTimeInference,RegionB,RegionB,2380,142800,142872,72,6,20,5,2382,True,q1-arrival
28692,RealTimeInference,RegionA,RegionA,2388,143280,143538,258,3,20,5,2393,True,q1-arrival
28753,AITraining,RegionE,RegionE,2396,143760,143865,105,74,150,5,2406,True,q1-arrival
28923,BatchInference,RegionC,RegionC,2392,143520,143631,111,14,80,5,2406,True,q1-arrival
28952,RealTimeInference,RegionC,RegionC,2387,143220,143343,123,7,20,5,2390,True,q1-arrival
29239,RealTimeInference,RegionB,RegionB,2386,143160,143401,241,2,20,5,2391,True,q1-arrival
29306,BatchInference,RegionE,RegionE,2387,143220,143256,36,20,80,5,2406,True,q1-arrival
29364,AITraining,RegionE,RegionE,2390,143400,143477,77,111,150,5,2406,True,q1-arrival
29402,BatchInference,RegionC,RegionC,2384,143040,143228,188,17,80,5,2406,True,q1-arrival
29425,AITraining,RegionF,RegionF,2378,142680,142913,233,98,150,5,2406,True,q1-fix-and-opt
29589,RealTimeInference,RegionE,RegionE,2377,142620,142681,61,5,20,5,2379,True,q1-arrival
29651,RealTimeInference,RegionB,RegionB,2382,142920,143204,284,7,20,5,2387,True,q1-arrival
29758,RealTimeInference,RegionC,RegionC,2380,142800,143169,369,7,20,5,2387,True,q1-arrival
29773,RealTimeInference,RegionA,RegionA,2387,143220,143327,107,6,20,5,2389,True,q1-arrival
29779,BatchInference,RegionF,RegionF,2376,142560,142896,336,17,80,5,2406,True,q1-arrival
29785,BatchInference,RegionE,RegionE,2377,142620,142952,332,17,80,5,2406,True,q1-arrival
29787,BatchInference,RegionA,RegionA,2397,143820,144070,250,7,80,5,2406,True,q1-arrival
30199,BatchInference,RegionF,RegionF,2390,143400,143774,374,15,80,5,2406,True,q1-arrival
30207,AITraining,RegionD,RegionD,2380,142800,142893,93,33,150,5,2406,True,q1-arrival
30238,RealTimeInference,RegionD,RegionD,2379,142740,143031,291,6,20,5,2384,True,q1-arrival
30449,AITraining,RegionB,RegionB,2398,143880,143896,16,44,150,5,2406,True,q1-arrival
30452,AITraining,RegionE,RegionE,2391,143460,143658,198,55,150,5,2406,True,q1-arrival
30583,AITraining,RegionE,RegionE,2387,143220,143454,234,121,150,5,2406,True,q1-fix-and-opt
30610,RealTimeInference,RegionB,RegionB,2398,143880,144041,161,7,20,5,2401,True,q1-arrival
30708,RealTimeInference,RegionB,RegionB,2379,142740,143124,384,1,20,5,2386,True,q1-arrival
30715,BatchInference,RegionD,RegionD,2396,143760,144079,319,14,80,5,2406,True,q1-arrival
30900,AITraining,RegionF,RegionF,2383,142980,143111,131,36,150,5,2406,True,q1-arrival
31011,AITraining,RegionF,RegionF,2391,143460,143581,121,58,150,5,2406,True,q1-arrival
31076,AITraining,RegionE,RegionE,2394,143640,144022,382,67,150,5,2406,True,q1-fix-and-opt
31191,AITraining,RegionD,RegionD,2382,142920,143075,155,65,150,5,2406,True,q1-arrival
31331,BatchInference,RegionC,RegionC,2379,142740,142825,85,5,80,5,2406,True,q1-arrival
31480,AITraining,RegionD,RegionD,2381,142860,143161,301,84,150,5,2406,True,q1-fix-and-opt
31539,AITraining,RegionD,RegionD,2379,142740,142817,77,103,150,5,2406,True,q1-arrival
31600,RealTimeInference,RegionB,RegionB,2376,142560,142863,303,3,20,5,2382,True,q1-arrival
31688,BatchInference,RegionF,RegionF,2391,143460,143578,118,21,80,5,2406,True,q1-arrival
31709,AITraining,RegionD,RegionD,2387,143220,143368,148,44,150,5,2406,True,q1-arrival
31710,AITraining,RegionD,RegionD,2377,142620,142734,114,64,150,5,2406,True,q1-arrival
31748,RealTimeInference,RegionA,RegionA,2393,143580,143912,332,4,20,5,2399,True,q1-arrival
31788,AITraining,RegionD,RegionD,2379,142740,143089,349,81,150,5,2406,True,q1-fix-and-opt
31953,BatchInference,RegionB,RegionB,2387,143220,143529,309,19,80,5,2406,True,q1-arrival
31955,BatchInference,RegionD,RegionD,2385,143100,143267,167,16,80,5,2406,True,q1-arrival
32107,RealTimeInference,RegionC,RegionC,2384,143040,143225,185,3,20,5,2388,True,q1-arrival
32162,RealTimeInference,RegionA,RegionA,2389,143340,143455,115,2,20,5,2391,True,q1-arrival
32241,AITraining,RegionD,RegionD,2395,143700,143714,14,112,150,5,2406,True,q1-arrival
32420,BatchInference,RegionD,RegionD,2388,143280,143623,343,19,80,5,2406,True,q1-arrival
32465,RealTimeInference,RegionB,RegionB,2386,143160,143304,144,6,20,5,2389,True,q1-arrival
32656,AITraining,RegionE,RegionE,2387,143220,143558,338,76,150,5,2406,True,q1-fix-and-opt
32719,RealTimeInference,RegionA,RegionA,2387,143220,143329,109,3,20,5,2389,True,q1-arrival
32894,AITraining,RegionF,RegionF,2382,142920,143012,92,70,150,5,2406,True,q1-arrival
32917,RealTimeInference,RegionA,RegionA,2392,143520,143693,173,2,20,5,2395,True,q1-arrival
33356,BatchInference,RegionB,RegionB,2387,143220,143422,202,14,80,5,2406,True,q1-arrival
33418,AITraining,RegionE,RegionE,2378,142680,142917,237,122,150,5,2406,True,q1-fix-and-opt
33422,BatchInference,RegionB,RegionB,2376,142560,142931,371,9,80,5,2406,True,q1-arrival
33478,BatchInference,RegionE,RegionE,2384,143040,143196,156,6,80,5,2406,True,q1-arrival
33573,BatchInference,RegionB,RegionB,2391,143460,143545,85,21,80,5,2406,True,q1-arrival
33589,BatchInference,RegionE,RegionE,2387,143220,143507,287,22,80,5,2406,True,q1-arrival
33605,BatchInference,RegionB,RegionB,2386,143160,143254,94,9,80,5,2406,True,q1-arrival
33741,BatchInference,RegionF,RegionF,2379,142740,142998,258,9,80,5,2406,True,q1-arrival
33742,RealTimeInference,RegionA,RegionA,2376,142560,142715,155,3,20,5,2379,True,q1-arrival
33770,AITraining,RegionD,RegionD,2398,143880,144020,140,88,150,5,2406,True,q1-arrival
33779,AITraining,RegionE,RegionE,2389,143340,143646,306,31,150,5,2406,True,q1-arrival
33785,BatchInference,RegionD,RegionD,2386,143160,143272,112,20,80,5,2406,True,q1-arrival
33839,BatchInference,RegionE,RegionE,2378,142680,142713,33,21,80,5,2406,True,q1-arrival
34117,BatchInference,RegionB,RegionB,2397,143820,143860,40,19,80,5,2406,True,q1-arrival
34149,BatchInference,RegionA,RegionA,2383,142980,143080,100,13,80,5,2406,True,q1-arrival
34201,AITraining,RegionB,RegionB,2384,143040,143156,116,78,150,5,2406,True,q1-arrival
34369,BatchInference,RegionD,RegionD,2385,143100,143398,298,18,80,5,2406,True,q1-arrival
34377,AITraining,RegionF,RegionF,2383,142980,143024,44,46,150,5,2406,True,q1-arrival
34439,RealTimeInference,RegionA,RegionA,2394,143640,143944,304,2,20,5,2400,True,q1-arrival
34531,RealTimeInference,RegionB,RegionB,2390,143400,143746,346,7,20,5,2396,True,q1-arrival
34647,AITraining,RegionB,RegionB,2389,143340,143478,138,59,150,5,2406,True,q1-arrival
34834,AITraining,RegionE,RegionE,2383,142980,143197,217,123,150,5,2406,True,q1-fix-and-opt
34989,BatchInference,RegionA,RegionA,2381,142860,143062,202,13,80,5,2406,True,q1-arrival
35013,BatchInference,RegionE,RegionE,2377,142620,142966,346,9,80,5,2406,True,q1-arrival
35181,RealTimeInference,RegionB,RegionB,2391,143460,143712,252,4,20,5,2396,True,q1-arrival
35202,RealTimeInference,RegionC,RegionC,2381,142860,143036,176,5,20,5,2384,True,q1-arrival
35298,RealTimeInference,RegionA,RegionA,2383,142980,143239,259,6,20,5,2388,True,q1-arrival
35335,AITraining,RegionF,RegionF,2376,142560,142753,193,34,150,5,2406,True,q1-arrival
35450,BatchInference,RegionC,RegionC,2381,142860,142981,121,14,80,5,2406,True,q1-arrival
35507,BatchInference,RegionA,RegionA,2381,142860,142968,108,18,80,5,2406,True,q1-arrival
35544,RealTimeInference,RegionC,RegionC,2387,143220,143426,206,7,20,5,2391,True,q1-arrival
35545,AITraining,RegionF,RegionF,2388,143280,143363,83,31,150,5,2406,True,q1-arrival
35571,AITraining,RegionF,RegionF,2385,143100,143226,126,111,150,5,2406,True,q1-arrival
35783,RealTimeInference,RegionA,RegionA,2391,143460,143737,277,3,20,5,2396,True,q1-arrival
36157,AITraining,RegionD,RegionD,2396,143760,143807,47,86,150,5,2406,True,q1-arrival
36175,RealTimeInference,RegionA,RegionA,2388,143280,143364,84,5,20,5,2390,True,q1-arrival
36260,AITraining,RegionF,RegionF,2378,142680,142889,209,85,150,5,2406,True,q1-arrival
36369,AITraining,RegionE,RegionE,2387,143220,143318,98,70,150,5,2406,True,q1-arrival
36438,AITraining,RegionB,RegionB,2380,142800,142873,73,30,150,5,2406,True,q1-arrival
36594,BatchInference,RegionE,RegionE,2377,142620,142711,91,12,80,5,2406,True,q1-arrival
36634,RealTimeInference,RegionF,RegionF,2385,143100,143405,305,7,20,5,2391,True,q1-arrival
36680,AITraining,RegionF,RegionF,2387,143220,143579,359,118,150,5,2406,True,q1-fix-and-opt
36729,BatchInference,RegionC,RegionC,2388,143280,143665,385,9,80,5,2406,True,q1-arrival
36735,RealTimeInference,RegionB,RegionB,2387,143220,143494,274,2,20,5,2392,True,q1-arrival
36863,AITraining,RegionF,RegionF,2394,143640,143671,31,101,150,5,2406,True,q1-arrival
36902,BatchInference,RegionE,RegionE,2389,143340,143671,331,22,80,5,2406,True,q1-arrival
36934,BatchInference,RegionD,RegionD,2382,142920,143092,172,6,80,5,2406,True,q1-arrival
37033,RealTimeInference,RegionC,RegionC,2390,143400,143693,293,3,20,5,2395,True,q1-arrival
37062,BatchInference,RegionB,RegionB,2399,143940,144088,148,12,80,5,2406,True,q1-arrival
37078,BatchInference,RegionD,RegionD,2379,142740,143015,275,14,80,5,2406,True,q1-arrival
37081,BatchInference,RegionA,RegionA,2397,143820,144087,267,17,80,5,2406,True,q1-arrival
37236,BatchInference,RegionE,RegionE,2378,142680,142968,288,21,80,5,2406,True,q1-arrival
37312,BatchInference,RegionB,RegionB,2383,142980,143373,393,17,80,5,2406,True,q1-arrival
37668,BatchInference,RegionD,RegionD,2392,143520,143767,247,11,80,5,2406,True,q1-arrival
37688,BatchInference,RegionD,RegionD,2384,143040,143266,226,6,80,5,2406,True,q1-arrival
37758,AITraining,RegionD,RegionD,2398,143880,144167,287,25,150,5,2406,True,q1-arrival
37834,BatchInference,RegionF,RegionF,2394,143640,144039,399,17,80,5,2406,True,q1-arrival
37857,AITraining,RegionD,RegionD,2396,143760,143875,115,42,150,5,2406,True,q1-arrival
37918,BatchInference,RegionD,RegionD,2383,142980,143122,142,5,80,5,2406,True,q1-arrival
38021,RealTimeInference,RegionB,RegionB,2393,143580,143792,212,6,20,5,2397,True,q1-arrival
38165,BatchInference,RegionB,RegionB,2399,143940,144225,285,10,80,5,2406,True,q1-arrival
38208,AITraining,RegionF,RegionF,2392,143520,143626,106,122,150,5,2406,True,q1-arrival
38408,AITraining,RegionD,RegionD,2397,143820,143957,137,37,150,5,2406,True,q1-arrival
38738,AITraining,RegionE,RegionE,2381,142860,143219,359,85,150,5,2406,True,q1-fix-and-opt
38774,RealTimeInference,RegionA,RegionA,2396,143760,143793,33,4,20,5,2397,True,q1-arrival
38786,AITraining,RegionA,RegionA,2396,143760,144158,398,95,150,5,2406,True,q1-fix-and-opt
38894,AITraining,RegionE,RegionE,2399,143940,144309,369,115,150,5,2406,True,q1-fix-and-opt
38937,AITraining,RegionB,RegionB,2391,143460,143776,316,31,150,5,2406,True,q1-arrival
38944,AITraining,RegionC,RegionC,2387,143220,143406,186,91,150,5,2406,True,q1-arrival
39010,AITraining,RegionD,RegionD,2379,142740,142760,20,86,150,5,2406,True,q1-arrival
39262,AITraining,RegionE,RegionF,2378,142680,142706,26,103,150,18,2406,True,q1-arrival
39318,BatchInference,RegionA,RegionA,2389,143340,143505,165,21,80,5,2406,True,q1-arrival
39380,RealTimeInference,RegionB,RegionB,2391,143460,143504,44,3,20,5,2392,True,q1-arrival
39397,BatchInference,RegionA,RegionA,2390,143400,143788,388,7,80,5,2406,True,q1-arrival
39468,BatchInference,RegionA,RegionA,2394,143640,143707,67,16,80,5,2406,True,q1-arrival
39597,BatchInference,RegionD,RegionD,2386,143160,143495,335,17,80,5,2406,True,q1-arrival
39629,BatchInference,RegionD,RegionD,2397,143820,143839,19,5,80,5,2406,True,q1-arrival
39669,AITraining,RegionE,RegionE,2394,143640,143912,272,77,150,5,2406,True,q1-fix-and-opt
39748,RealTimeInference,RegionC,RegionC,2381,142860,143061,201,1,20,5,2385,True,q1-arrival
39773,AITraining,RegionE,RegionE,2395,143700,143734,34,33,150,5,2406,True,q1-arrival
39788,RealTimeInference,RegionC,RegionC,2399,143940,144203,263,7,20,5,2404,True,q1-arrival
39791,BatchInference,RegionB,RegionB,2377,142620,142907,287,4,80,5,2406,True,q1-arrival
39924,BatchInference,RegionC,RegionC,2382,142920,143076,156,4,80,5,2406,True,q1-arrival
40341,RealTimeInference,RegionA,RegionA,2396,143760,144146,386,2,20,5,2403,True,q1-arrival
40375,RealTimeInference,RegionA,RegionA,2398,143880,143960,80,4,20,5,2400,True,q1-arrival
40446,BatchInference,RegionA,RegionA,2387,143220,143252,32,9,80,5,2406,True,q1-arrival
40505,BatchInference,RegionA,RegionA,2396,143760,144140,380,6,80,5,2406,True,q1-arrival
40539,BatchInference,RegionB,RegionB,2388,143280,143412,132,10,80,5,2406,True,q1-arrival
40554,RealTimeInference,RegionB,RegionB,2386,143160,143532,372,5,20,5,2393,True,q1-arrival
40594,RealTimeInference,RegionC,RegionC,2386,143160,143525,365,2,20,5,2393,True,q1-arrival
40599,RealTimeInference,RegionB,RegionB,2395,143700,143750,50,4,20,5,2396,True,q1-arrival
40802,BatchInference,RegionB,RegionB,2383,142980,143235,255,16,80,5,2406,True,q1-arrival
40831,BatchInference,RegionE,RegionE,2394,143640,143995,355,17,80,5,2406,True,q1-arrival
40898,AITraining,RegionA,RegionA,2380,142800,142972,172,122,150,5,2406,True,q1-fix-and-opt
40966,BatchInference,RegionB,RegionB,2399,143940,144245,305,20,80,5,2406,True,q1-arrival
41146,AITraining,RegionF,RegionF,2394,143640,143743,103,57,150,5,2406,True,q1-arrival
41247,RealTimeInference,RegionA,RegionA,2395,143700,143824,124,3,20,5,2398,True,q1-arrival
41298,RealTimeInference,RegionA,RegionA,2383,142980,143301,321,4,20,5,2389,True,q1-arrival
41348,AITraining,RegionE,RegionE,2377,142620,142965,345,71,150,5,2406,True,q1-fix-and-opt
41410,AITraining,RegionB,RegionB,2391,143460,143854,394,23,150,5,2406,True,q1-arrival
41413,AITraining,RegionE,RegionE,2377,142620,142872,252,54,150,5,2406,True,q1-arrival
41451,RealTimeInference,RegionA,RegionA,2399,143940,144336,396,4,20,5,2406,True,q1-arrival
41513,RealTimeInference,RegionC,RegionC,2381,142860,143003,143,6,20,5,2384,True,q1-arrival
41737,AITraining,RegionF,RegionF,2387,143220,143584,364,21,150,5,2406,True,q1-arrival
41891,BatchInference,RegionC,RegionC,2385,143100,143259,159,15,80,5,2406,True,q1-arrival
41926,RealTimeInference,RegionC,RegionC,2376,142560,142781,221,6,20,5,2380,True,q1-arrival
41990,AITraining,RegionD,RegionD,2393,143580,143605,25,22,150,5,2406,True,q1-arrival
42007,BatchInference,RegionA,RegionA,2388,143280,143444,164,21,80,5,2406,True,q1-arrival
42018,AITraining,RegionF,RegionF,2394,143640,143854,214,64,150,5,2406,True,q1-arrival
42169,AITraining,RegionF,RegionF,2376,142560,142916,356,58,150,5,2406,True,q1-fix-and-opt
42220,RealTimeInference,RegionB,RegionB,2397,143820,143836,16,2,20,5,2398,True,q1-arrival
42258,RealTimeInference,RegionB,RegionB,2394,143640,143804,164,6,20,5,2397,True,q1-arrival
42499,AITraining,RegionB,RegionB,2381,142860,143226,366,71,150,5,2406,True,q1-fix-and-opt
42578,AITraining,RegionC,RegionC,2399,143940,144175,235,37,150,5,2406,True,q1-arrival
42642,RealTimeInference,RegionC,RegionC,2382,142920,143130,210,1,20,5,2386,True,q1-arrival
42663,BatchInference,RegionA,RegionA,2388,143280,143654,374,7,80,5,2406,True,q1-arrival
42958,BatchInference,RegionA,RegionA,2395,143700,144061,361,19,80,5,2406,True,q1-arrival
43032,RealTimeInference,RegionB,RegionB,2388,143280,143417,137,1,20,5,2391,True,q1-arrival
43047,RealTimeInference,RegionB,RegionB,2383,142980,143102,122,5,20,5,2386,True,q1-arrival
43153,AITraining,RegionF,RegionF,2385,143100,143179,79,36,150,5,2406,True,q1-arrival
43240,RealTimeInference,RegionA,RegionA,2381,142860,143255,395,7,20,5,2388,True,q1-arrival
43266,AITraining,RegionA,RegionA,2388,143280,143339,59,103,150,5,2406,True,q1-arrival
43380,AITraining,RegionD,RegionD,2380,142800,142873,73,50,150,5,2406,True,q1-arrival
43423,AITraining,RegionF,RegionF,2398,143880,144210,330,122,150,5,2406,True,q1-fix-and-opt
43463,BatchInference,RegionA,RegionA,2388,143280,143360,80,10,80,5,2406,True,q1-arrival
43531,BatchInference,RegionC,RegionC,2393,143580,143728,148,18,80,5,2406,True,q1-arrival
43668,BatchInference,RegionB,RegionB,2380,142800,142970,170,19,80,5,2406,True,q1-arrival
43690,AITraining,RegionE,RegionE,2377,142620,142808,188,102,150,5,2406,True,q1-fix-and-opt
43786,BatchInference,RegionB,RegionB,2399,143940,144066,126,17,80,5,2406,True,q1-arrival
43953,BatchInference,RegionE,RegionE,2386,143160,143322,162,17,80,5,2406,True,q1-arrival
43993,BatchInference,RegionE,RegionE,2396,143760,143980,220,16,80,5,2406,True,q1-arrival
44279,RealTimeInference,RegionB,RegionB,2377,142620,142791,171,1,20,5,2380,True,q1-arrival
44439,BatchInference,RegionE,RegionE,2399,143940,144277,337,6,80,5,2406,True,q1-arrival
44602,RealTimeInference,RegionC,RegionC,2393,143580,143920,340,4,20,5,2399,True,q1-arrival
44811,RealTimeInference,RegionB,RegionB,2392,143520,143854,334,2,20,5,2398,True,q1-arrival
44983,AITraining,RegionF,RegionF,2384,143040,143339,299,80,150,5,2406,True,q1-fix-and-opt
45061,RealTimeInference,RegionC,RegionC,2383,142980,143232,252,2,20,5,2388,True,q1-arrival
45156,BatchInference,RegionA,RegionA,2388,143280,143582,302,9,80,5,2406,True,q1-arrival
45172,AITraining,RegionE,RegionE,2380,142800,142940,140,73,150,5,2406,True,q1-arrival
45363,RealTimeInference,RegionC,RegionC,2391,143460,143765,305,2,20,5,2397,True,q1-arrival
45404,AITraining,RegionF,RegionF,2380,142800,142935,135,74,150,5,2406,True,q1-arrival
45529,RealTimeInference,RegionA,RegionA,2393,143580,143946,366,4,20,5,2400,True,q1-arrival
45583,BatchInference,RegionB,RegionB,2389,143340,143672,332,13,80,5,2406,True,q1-arrival
45584,BatchInference,RegionC,RegionC,2378,142680,142841,161,21,80,5,2406,True,q1-arrival
45731,BatchInference,RegionE,RegionE,2391,143460,143712,252,14,80,5,2406,True,q1-arrival
45742,BatchInference,RegionC,RegionC,2385,143100,143482,382,20,80,5,2406,True,q1-arrival
45743,RealTimeInference,RegionB,RegionB,2377,142620,143012,392,2,20,5,2384,True,q1-arrival
45771,AITraining,RegionF,RegionF,2383,142980,143257,277,77,150,5,2406,True,q1-fix-and-opt
45879,RealTimeInference,RegionB,RegionB,2383,142980,143243,263,3,20,5,2388,True,q1-arrival
45887,BatchInference,RegionD,RegionD,2394,143640,143966,326,10,80,5,2406,True,q1-arrival
45986,BatchInference,RegionD,RegionD,2395,143700,143951,251,20,80,5,2406,True,q1-arrival
46011,AITraining,RegionE,RegionE,2395,143700,143818,118,66,150,5,2406,True,q1-arrival
46028,BatchInference,RegionA,RegionA,2397,143820,143887,67,22,80,5,2406,True,q1-arrival
46184,AITraining,RegionF,RegionF,2396,143760,144150,390,99,150,5,2406,True,q1-fix-and-opt
46192,AITraining,RegionB,RegionB,2386,143160,143358,198,113,150,5,2406,True,q1-fix-and-opt
46280,AITraining,RegionE,RegionE,2381,142860,143208,348,76,150,5,2406,True,q1-fix-and-opt
46424,AITraining,RegionD,RegionD,2390,143400,143764,364,120,150,5,2406,True,q1-fix-and-opt
46582,AITraining,RegionE,RegionE,2384,143040,143103,63,33,150,5,2406,True,q1-arrival
46688,AITraining,RegionE,RegionE,2378,142680,142708,28,50,150,5,2406,True,q1-arrival
46818,BatchInference,RegionC,RegionC,2397,143820,143990,170,16,80,5,2406,True,q1-arrival
46823,AITraining,RegionD,RegionD,2398,143880,144059,179,109,150,5,2406,True,q1-fix-and-opt
46875,BatchInference,RegionB,RegionB,2385,143100,143470,370,18,80,5,2406,True,q1-arrival
46876,RealTimeInference,RegionB,RegionB,2380,142800,142971,171,3,20,5,2383,True,q1-arrival
46942,BatchInference,RegionC,RegionC,2399,143940,144282,342,11,80,5,2406,True,q1-arrival
47013,AITraining,RegionD,RegionD,2389,143340,143350,10,67,150,5,2406,True,q1-arrival
47090,AITraining,RegionF,RegionF,2392,143520,143833,313,98,150,5,2406,True,q1-fix-and-opt
47260,RealTimeInference,RegionD,RegionD,2395,143700,143909,209,3,20,5,2399,True,q1-arrival
47419,AITraining,RegionC,RegionC,2382,142920,143055,135,67,150,5,2406,True,q1-arrival
47435,AITraining,RegionE,RegionE,2397,143820,144211,391,28,150,5,2406,True,q1-arrival
47509,AITraining,RegionF,RegionF,2381,142860,143018,158,71,150,5,2406,True,q1-arrival
47613,BatchInference,RegionD,RegionD,2380,142800,143120,320,22,80,5,2406,True,q1-arrival
47787,BatchInference,RegionB,RegionB,2392,143520,143713,193,8,80,5,2406,True,q1-arrival
47967,BatchInference,RegionD,RegionD,2390,143400,143591,191,20,80,5,2406,True,q1-arrival
47993,RealTimeInference,RegionC,RegionC,2377,142620,142708,88,4,20,5,2379,True,q1-arrival
47997,RealTimeInference,RegionA,RegionA,2384,143040,143284,244,6,20,5,2389,True,q1-arrival
48004,RealTimeInference,RegionA,RegionA,2389,143340,143390,50,6,20,5,2390,True,q1-arrival
48007,RealTimeInference,RegionC,RegionC,2386,143160,143416,256,2,20,5,2391,True,q1-arrival
48396,RealTimeInference,RegionA,RegionA,2386,143160,143321,161,2,20,5,2389,True,q1-arrival
48528,AITraining,RegionD,RegionD,2398,143880,143971,91,36,150,5,2406,True,q1-arrival
48579,AITraining,RegionF,RegionF,2399,143940,144090,150,119,150,5,2406,True,q1-arrival
48651,BatchInference,RegionF,RegionF,2393,143580,143654,74,14,80,5,2406,True,q1-arrival
48837,AITraining,RegionD,RegionD,2396,143760,143991,231,23,150,5,2406,True,q1-arrival
49049,RealTimeInference,RegionB,RegionB,2377,142620,142718,98,3,20,5,2379,True,q1-arrival
49227,RealTimeInference,RegionC,RegionC,2396,143760,144075,315,3,20,5,2402,True,q1-arrival
49336,BatchInference,RegionB,RegionB,2382,142920,143245,325,8,80,5,2406,True,q1-arrival
49525,BatchInference,RegionB,RegionB,2399,143940,144127,187,16,80,5,2406,True,q1-arrival
49550,AITraining,RegionA,RegionA,2397,143820,143940,120,120,150,5,2406,True,q1-arrival
49575,AITraining,RegionF,RegionF,2397,143820,144013,193,27,150,5,2406,True,q1-arrival
49609,AITraining,RegionA,RegionA,2397,143820,143890,70,38,150,5,2406,True,q1-arrival
49617,RealTimeInference,RegionA,RegionA,2395,143700,143956,256,3,20,5,2400,True,q1-arrival
49640,AITraining,RegionE,RegionE,2395,143700,143943,243,54,150,5,2406,True,q1-arrival
49684,RealTimeInference,RegionB,RegionB,2391,143460,143565,105,1,20,5,2393,True,q1-arrival
49940,RealTimeInference,RegionB,RegionB,2376,142560,142653,93,6,20,5,2378,True,q1-arrival
49968,AITraining,RegionE,RegionE,2384,143040,143272,232,120,150,5,2406,True,q1-fix-and-opt
