period,hour,region,task_type,actual_gpu_h,baseline_gpu_h,baseline_lower_95_gpu_h,baseline_upper_95_gpu_h,main_gpu_h,main_lower_95_gpu_h,main_upper_95_gpu_h
blind_test,2376,RegionA,RealTimeInference,7.7500000000,64.3500000000,0.0000000000,942.1728867624,49.2818729279,3.5298123684,95.0339334874
blind_test,2376,RegionA,BatchInference,13.5666666667,0.0000000000,0.0000000000,2715.9363636364,47.0556646608,0.0000000000,238.7456950243
blind_test,2376,RegionA,AITraining,0.0000000000,0.0000000000,0.0000000000,766.0333333333,63.2711980148,0.0000000000,355.0826404632
blind_test,2376,RegionB,RealTimeInference,26.8166666667,54.4000000000,0.0000000000,1104.8552791069,51.2159418991,0.0000000000,143.7461416757
blind_test,2376,RegionB,BatchInference,165.0166666667,199.1833333333,0.0000000000,2864.9060287081,0.0000000040,0.0000000000,254.2659796281
blind_test,2376,RegionB,AITraining,0.0000000000,0.0000000000,0.0000000000,955.5257894737,146.9820957809,0.0000000000,425.3349972558
blind_test,2376,RegionC,RealTimeInference,23.3500000000,55.9666666667,0.0000000000,751.9940829346,41.4481619574,0.0000000000,99.6997099126
blind_test,2376,RegionC,BatchInference,0.0000000000,0.0000000000,0.0000000000,1949.1699840510,38.7961287881,0.0000000000,203.8285768318
blind_test,2376,RegionC,AITraining,0.0000000000,0.0000000000,0.0000000000,907.8777830941,46.6259207080,0.0000000000,541.9982850981
blind_test,2376,RegionD,RealTimeInference,0.0000000000,0.0000000000,0.0000000000,3.3659040404,3.9220274352,0.0000000000,13.1886818543
blind_test,2376,RegionD,BatchInference,62.3333333333,0.0000000000,0.0000000000,2380.5677033493,88.8929047345,0.0000000000,266.0144792240
blind_test,2376,RegionD,AITraining,174.5333333333,1817.7500000000,0.0000000000,18531.9375917065,1274.8913079391,21.4560078231,2528.3266080552
blind_test,2376,RegionE,RealTimeInference,0.0000000000,0.0000000000,0.0000000000,8.0635087719,3.5391120746,0.0000000000,19.1961966996
blind_test,2376,RegionE,BatchInference,18.0000000000,0.0000000000,0.0000000000,1874.0327432217,52.8400612486,0.0000000000,213.4590840914
blind_test,2376,RegionE,AITraining,455.1000000000,536.4333333333,0.0000000000,15518.4326315789,514.4888440265,0.0000000000,1730.8585990499
blind_test,2376,RegionF,RealTimeInference,0.0000000000,0.0000000000,0.0000000000,4.4822723950,3.8710502010,0.0000000000,13.4147108101
blind_test,2376,RegionF,BatchInference,95.2000000000,0.0000000000,0.0000000000,1372.9956299841,29.7354223390,0.0000000000,152.6680086245
blind_test,2376,RegionF,AITraining,505.7666666667,344.8500000000,0.0000000000,10324.9081977671,394.0406866186,0.0000000000,1345.2575295202
blind_test,2377,RegionA,RealTimeInference,96.4833333333,0.0000000000,0.0000000000,877.8228867624,38.7778811264,0.0000000000,84.5299416859
blind_test,2377,RegionA,BatchInference,102.6666666667,0.0000000000,0.0000000000,2715.9363636364,41.4294163668,0.0000000000,233.1194467303
blind_test,2377,RegionA,AITraining,0.0000000000,0.0000000000,0.0000000000,766.0333333333,16.0788943568,0.0000000000,307.8903368052
blind_test,2377,RegionB,RealTimeInference,20.8166666667,40.5166666667,0.0000000000,1090.9719457735,32.5440071763,0.0000000000,125.0742069530
blind_test,2377,RegionB,BatchInference,19.1333333333,26.4000000000,0.0000000000,2692.1226953748,6.7487449580,0.0000000000,261.0147245821
blind_test,2377,RegionB,AITraining,0.0000000000,0.0000000000,0.0000000000,955.5257894737,44.3558707702,0.0000000000,322.7087722452
blind_test,2377,RegionC,RealTimeInference,5.8666666667,51.0666666667,0.0000000000,747.0940829346,41.8881386078,0.0000000000,100.1396865629
blind_test,2377,RegionC,BatchInference,0.0000000000,3.4166666667,0.0000000000,1952.5866507177,23.0906379105,0.0000000000,188.1230859542
blind_test,2377,RegionC,AITraining,399.6666666667,0.0000000000,0.0000000000,907.8777830941,31.6603076599,0.0000000000,527.0326720501
blind_test,2377,RegionD,RealTimeInference,0.0000000000,15.9166666667,12.5507626263,19.2825707071,2.2145201424,0.0000000000,11.4811745615
blind_test,2377,RegionD,BatchInference,0.0000000000,0.0000000000,0.0000000000,2380.5677033493,56.8930091135,0.0000000000,234.0145836030
blind_test,2377,RegionD,AITraining,511.7833333333,53.9333333333,0.0000000000,16768.1209250399,215.9461393213,0.0000000000,1469.3814394374
blind_test,2377,RegionE,RealTimeInference,5.0833333333,0.0000000000,0.0000000000,8.0635087719,1.9850628486,0.0000000000,17.6421474736
blind_test,2377,RegionE,BatchInference,255.4000000000,0.0000000000,0.0000000000,1874.0327432217,43.9464236585,0.0000000000,204.5654465014
blind_test,2377,RegionE,AITraining,1393.3166666667,516.6000000000,0.0000000000,15498.5992982456,424.7148626086,0.0000000000,1641.0846176320
blind_test,2377,RegionF,RealTimeInference,8.3333333333,0.0000000000,0.0000000000,4.4822723950,3.5721673986,0.0000000000,13.1158280077
blind_test,2377,RegionF,BatchInference,0.0000000000,24.9333333333,0.0000000000,1397.9289633174,6.8891293638,0.0000000000,129.8217156493
blind_test,2377,RegionF,AITraining,1827.4833333333,420.5833333333,0.0000000000,10400.6415311005,358.2483465238,0.0000000000,1309.4651894254
blind_test,2378,RegionA,RealTimeInference,17.5000000000,58.4000000000,0.0000000000,936.2228867624,39.9407642670,0.0000000000,85.6928248265
blind_test,2378,RegionA,BatchInference,0.0000000000,63.0500000000,0.0000000000,2778.9863636364,46.6523579648,0.0000000000,238.3423883283
blind_test,2378,RegionA,AITraining,0.0000000000,0.0000000000,0.0000000000,766.0333333333,75.3704058052,0.0000000000,367.1818482536
blind_test,2378,RegionB,RealTimeInference,14.3166666667,25.7333333333,0.0000000000,1076.1886124402,28.7882242329,0.0000000000,121.3184240095
blind_test,2378,RegionB,BatchInference,80.1000000000,38.7833333333,0.0000000000,2704.5060287081,41.4689963385,0.0000000000,295.7349759625
blind_test,2378,RegionB,AITraining,0.0000000000,0.0000000000,0.0000000000,955.5257894737,33.7954281552,0.0000000000,312.1483296301
blind_test,2378,RegionC,RealTimeInference,0.0000000000,43.9666666667,0.0000000000,739.9940829346,39.6550327801,0.0000000000,97.9065807352
blind_test,2378,RegionC,BatchInference,56.3500000000,0.0000000000,0.0000000000,1949.1699840510,58.9949953814,0.0000000000,224.0274434250
blind_test,2378,RegionC,AITraining,90.9500000000,0.0000000000,0.0000000000,907.8777830941,3.4574821874,0.0000000000,498.8298465776
blind_test,2378,RegionD,RealTimeInference,0.0000000000,0.0000000000,0.0000000000,3.3659040404,3.1929970926,0.0000000000,12.4596515117
blind_test,2378,RegionD,BatchInference,27.2166666667,254.6166666667,0.0000000000,2635.1843700159,126.2187939932,0.0000000000,303.3403684828
blind_test,2378,RegionD,AITraining,289.9500000000,245.4666666667,0.0000000000,16959.6542583732,285.7412373669,0.0000000000,1539.1765374830
blind_test,2378,RegionE,RealTimeInference,0.9333333333,0.0000000000,0.0000000000,8.0635087719,2.8005129143,0.0000000000,18.4575975393
blind_test,2378,RegionE,BatchInference,112.3500000000,0.0000000000,0.0000000000,1874.0327432217,74.5045014923,0.0000000000,235.1235243352
blind_test,2378,RegionE,AITraining,567.8666666667,1438.0666666667,0.0000000000,16420.0659649123,1014.1270190494,0.0000000000,2230.4967740728
blind_test,2378,RegionF,RealTimeInference,0.0000000000,0.0000000000,0.0000000000,4.4822723950,4.7795966375,0.0000000000,14.3232572467
blind_test,2378,RegionF,BatchInference,18.1500000000,134.6500000000,0.0000000000,1507.6456299841,75.3633716937,0.0000000000,198.2959579792
blind_test,2378,RegionF,AITraining,1315.1000000000,0.0000000000,0.0000000000,9980.0581977671,353.2575011497,0.0000000000,1304.4743440514
blind_test,2379,RegionA,RealTimeInference,33.0833333333,97.1000000000,0.0000000000,974.9228867624,66.2214564096,20.4693958501,111.9735169690
blind_test,2379,RegionA,BatchInference,148.8333333333,0.0000000000,0.0000000000,2715.9363636364,52.5508747236,0.0000000000,244.2409050871
blind_test,2379,RegionA,AITraining,0.0000000000,0.0000000000,0.0000000000,766.0333333333,67.9506399514,0.0000000000,359.7620823999
blind_test,2379,RegionB,RealTimeInference,6.4000000000,20.2666666667,0.0000000000,1070.7219457735,31.2142344831,0.0000000000,123.7444342598
blind_test,2379,RegionB,BatchInference,56.2500000000,39.3166666667,0.0000000000,2705.0393620415,51.1850134320,0.0000000000,305.4509930560
blind_test,2379,RegionB,AITraining,0.0000000000,732.0000000000,0.0000000000,1687.5257894737,420.6597654355,142.3068639605,699.0126669104
blind_test,2379,RegionC,RealTimeInference,0.0000000000,25.0000000000,0.0000000000,721.0274162679,27.9850202628,0.0000000000,86.2365682179
blind_test,2379,RegionC,BatchInference,135.1166666667,71.1666666667,0.0000000000,2020.3366507177,21.5144938526,0.0000000000,186.5469418963
blind_test,2379,RegionC,AITraining,0.0000000000,0.0000000000,0.0000000000,907.8777830941,71.6092158889,0.0000000000,566.9815802791
blind_test,2379,RegionD,RealTimeInference,29.1000000000,0.0000000000,0.0000000000,3.3659040404,3.6932224084,0.0000000000,12.9598768275
blind_test,2379,RegionD,BatchInference,64.1666666667,0.0000000000,0.0000000000,2380.5677033493,61.1451198029,0.0000000000,238.2666942924
blind_test,2379,RegionD,AITraining,1301.0666666667,164.4833333333,0.0000000000,16878.6709250399,250.0826417176,0.0000000000,1503.5179418337
blind_test,2379,RegionE,RealTimeInference,0.0000000000,0.0000000000,0.0000000000,8.0635087719,2.4337981105,0.0000000000,18.0908827355
blind_test,2379,RegionE,BatchInference,0.0000000000,42.3500000000,0.0000000000,1916.3827432217,25.7639906055,0.0000000000,186.3830134484
blind_test,2379,RegionE,AITraining,78.1666666667,764.7833333333,0.0000000000,15746.7826315789,727.5763649187,0.0000000000,1943.9461199421
blind_test,2379,RegionF,RealTimeInference,0.0000000000,0.0000000000,0.0000000000,4.4822723950,4.5587852469,0.0000000000,14.1024458561
blind_test,2379,RegionF,BatchInference,38.7000000000,0.0000000000,0.0000000000,1372.9956299841,31.0086167164,0.0000000000,153.9412030019
blind_test,2379,RegionF,AITraining,93.5000000000,1058.6333333333,0.0000000000,11038.6915311005,847.0549052167,0.0000000000,1798.2717481183
blind_test,2380,RegionA,RealTimeInference,0.0000000000,45.2500000000,0.0000000000,923.0728867624,35.9607405135,0.0000000000,81.7128010730
blind_test,2380,RegionA,BatchInference,0.0000000000,0.0000000000,0.0000000000,2715.9363636364,50.5822256293,0.0000000000,242.2722559928
blind_test,2380,RegionA,AITraining,349.7333333333,146.2000000000,0.0000000000,912.2333333333,131.5421654709,0.0000000000,423.3536079193
blind_test,2380,RegionB,RealTimeInference,15.7500000000,7.4666666667,0.0000000000,1057.9219457735,12.8079413495,0.0000000000,105.3381411261
blind_test,2380,RegionB,BatchInference,53.8333333333,2.0000000000,0.0000000000,2667.7226953748,82.1573146457,0.0000000000,336.4232942697
blind_test,2380,RegionB,AITraining,428.5000000000,620.1000000000,0.0000000000,1575.6257894737,351.8980456552,73.5451441803,630.2509471301
blind_test,2380,RegionC,RealTimeInference,70.1333333333,5.8333333333,0.0000000000,701.8607496013,16.6254599825,0.0000000000,74.8770079376
blind_test,2380,RegionC,BatchInference,40.7000000000,0.0000000000,0.0000000000,1949.1699840510,38.0547394380,0.0000000000,203.0871874816
blind_test,2380,RegionC,AITraining,0.0000000000,240.2500000000,0.0000000000,1148.1277830941,183.5048321893,0.0000000000,678.8771965795
blind_test,2380,RegionD,RealTimeInference,0.0000000000,0.0000000000,0.0000000000,3.3659040404,3.5651496450,0.0000000000,12.8318040641
blind_test,2380,RegionD,BatchInference,117.3333333333,147.6166666667,0.0000000000,2528.1843700159,59.2918595922,0.0000000000,236.4134340817
blind_test,2380,RegionD,AITraining,111.9833333333,1767.3666666667,0.0000000000,18481.5542583732,1531.4463161298,278.0110160137,2784.8816162459
blind_test,2380,RegionE,RealTimeInference,0.0000000000,0.0000000000,0.0000000000,8.0635087719,1.6482546711,0.0000000000,17.3053392961
blind_test,2380,RegionE,BatchInference,77.0000000000,0.0000000000,0.0000000000,1874.0327432217,40.0594738354,0.0000000000,200.6784966783
blind_test,2380,RegionE,AITraining,170.3333333333,646.3500000000,0.0000000000,15628.3492982456,669.1524905568,0.0000000000,1885.5222455802
blind_test,2380,RegionF,RealTimeInference,0.0000000000,0.0000000000,0.0000000000,4.4822723950,3.7986232943,0.0000000000,13.3422839034
blind_test,2380,RegionF,BatchInference,27.7333333333,0.0000000000,0.0000000000,1372.9956299841,22.3623664829,0.0000000000,145.2949527684
blind_test,2380,RegionF,AITraining,796.4000000000,1025.2000000000,0.0000000000,11005.2581977671,899.7391794899,0.0000000000,1850.9560223915
blind_test,2381,RegionA,RealTimeInference,46.0833333333,34.3000000000,0.0000000000,912.1228867624,37.6126081428,0.0000000000,83.3646687023
blind_test,2381,RegionA,BatchInference,126.3666666667,0.0000000000,0.0000000000,2715.9363636364,82.0367595841,0.0000000000,273.7267899476
blind_test,2381,RegionA,AITraining,0.0000000000,176.7833333333,0.0000000000,942.8166666667,82.4589600583,0.0000000000,374.2704025067
blind_test,2381,RegionB,RealTimeInference,14.2333333333,29.2833333333,0.0000000000,1079.7386124402,35.2349039414,0.0000000000,127.7651037181
blind_test,2381,RegionB,BatchInference,16.8666666667,1.6666666667,0.0000000000,2667.3893620415,73.5516161624,0.0000000000,327.8175957864
blind_test,2381,RegionB,AITraining,433.1000000000,0.0000000000,0.0000000000,955.5257894737,0.0000000106,0.0000000000,278.3529014855
blind_test,2381,RegionC,RealTimeInference,32.3166666667,25.8333333333,0.0000000000,721.8607496013,30.5312601783,0.0000000000,88.7828081334
blind_test,2381,RegionC,BatchInference,81.1333333333,0.0000000000,0.0000000000,1949.1699840510,49.9815512501,0.0000000000,215.0139992937
blind_test,2381,RegionC,AITraining,160.9333333333,0.0000000000,0.0000000000,907.8777830941,2.3873593742,0.0000000000,497.7597237644
blind_test,2381,RegionD,RealTimeInference,0.0000000000,0.0000000000,0.0000000000,3.3659040404,4.0021584247,0.0000000000,13.2688128438
blind_test,2381,RegionD,BatchInference,0.0000000000,236.6833333333,0.0000000000,2617.2510366826,87.1450102119,0.0000000000,264.2665847014
blind_test,2381,RegionD,AITraining,814.2500000000,0.0000000000,0.0000000000,16714.1875917065,397.9256680250,0.0000000000,1651.3609681411
blind_test,2381,RegionE,RealTimeInference,0.0000000000,45.5833333333,37.5198245614,53.6468421053,1.0914215602,0.0000000000,16.7485061852
blind_test,2381,RegionE,BatchInference,26.7166666667,98.1166666667,0.0000000000,1972.1494098884,63.0585081796,0.0000000000,223.6775310224
blind_test,2381,RegionE,AITraining,949.3833333333,1305.7000000000,0.0000000000,16287.6992982456,1018.1616169658,0.0000000000,2234.5313719892
blind_test,2381,RegionF,RealTimeInference,0.0000000000,0.0000000000,0.0000000000,4.4822723950,4.0005460113,0.0000000000,13.5442066204
blind_test,2381,RegionF,BatchInference,0.0000000000,25.4000000000,0.0000000000,1398.3956299841,10.6926303219,0.0000000000,133.6252166074
blind_test,2381,RegionF,AITraining,290.9666666667,0.0000000000,0.0000000000,9980.0581977671,225.8276220927,0.0000000000,1177.0444649943
blind_test,2382,RegionA,RealTimeInference,0.8833333333,35.3833333333,0.0000000000,913.2062200957,30.1674357521,0.0000000000,75.9194963116
blind_test,2382,RegionA,BatchInference,98.7333333333,103.0333333333,0.0000000000,2818.9696969697,76.8296082876,0.0000000000,268.5196386510
blind_test,2382,RegionA,AITraining,0.0000000000,0.0000000000,0.0000000000,766.0333333333,37.6067174189,0.0000000000,329.4181598673
blind_test,2382,RegionB,RealTimeInference,33.1333333333,11.8500000000,0.0000000000,1062.3052791069,16.1644425362,0.0000000000,108.6946423129
blind_test,2382,RegionB,BatchInference,43.3333333333,136.7000000000,0.0000000000,2802.4226953748,68.8265495608,0.0000000000,323.0925291849
blind_test,2382,RegionB,AITraining,0.0000000000,0.0000000000,0.0000000000,955.5257894737,40.3513558941,0.0000000000,318.7042573690
blind_test,2382,RegionC,RealTimeInference,30.4333333333,30.1666666667,0.0000000000,726.1940829346,28.8388352592,0.0000000000,87.0903832143
blind_test,2382,RegionC,BatchInference,69.4000000000,0.0000000000,0.0000000000,1949.1699840510,55.6261427357,0.0000000000,220.6585907794
blind_test,2382,RegionC,AITraining,150.7500000000,0.0000000000,0.0000000000,907.8777830941,0.0000000057,0.0000000000,495.3723643959
blind_test,2382,RegionD,RealTimeInference,4.7833333333,9.9333333333,6.5674292929,13.2992373737,4.7920107826,0.0000000000,14.0586652017
blind_test,2382,RegionD,BatchInference,44.7166666667,50.2666666667,0.0000000000,2430.8343700159,54.4436321806,0.0000000000,231.5652066701
blind_test,2382,RegionD,AITraining,207.3500000000,0.0000000000,0.0000000000,16714.1875917065,283.2439473550,0.0000000000,1536.6792474710
blind_test,2382,RegionE,RealTimeInference,25.7000000000,0.0000000000,0.0000000000,8.0635087719,5.8775308466,0.0000000000,21.5346154716
blind_test,2382,RegionE,BatchInference,47.5333333333,0.0000000000,0.0000000000,1874.0327432217,61.7583988026,0.0000000000,222.3774216455
blind_test,2382,RegionE,AITraining,0.0000000000,65.7333333333,0.0000000000,15047.7326315789,94.4947941757,0.0000000000,1310.8645491991
blind_test,2382,RegionF,RealTimeInference,5.5000000000,0.0000000000,0.0000000000,4.4822723950,3.1513571149,0.0000000000,12.6950177240
blind_test,2382,RegionF,BatchInference,0.0000000000,173.3833333333,0.0000000000,1546.3789633174,84.1721984268,0.0000000000,207.1047847123
blind_test,2382,RegionF,AITraining,226.5000000000,25.9000000000,0.0000000000,10005.9581977671,120.5954256133,0.0000000000,1071.8122685149
blind_test,2383,RegionA,RealTimeInference,59.9000000000,22.8166666667,0.0000000000,900.6395534290,21.8408439864,0.0000000000,67.5929045459
blind_test,2383,RegionA,BatchInference,47.5333333333,0.0000000000,0.0000000000,2715.9363636364,93.5049640123,0.0000000000,285.1949943758
blind_test,2383,RegionA,AITraining,0.0000000000,0.0000000000,0.0000000000,766.0333333333,20.1274010898,0.0000000000,311.9388435382
blind_test,2383,RegionB,RealTimeInference,24.1333333333,10.2000000000,0.0000000000,1060.6552791069,12.9612542387,0.0000000000,105.4914540153
blind_test,2383,RegionB,BatchInference,179.3500000000,237.2166666667,0.0000000000,2902.9393620415,28.8125069830,0.0000000000,283.0784866071
blind_test,2383,RegionB,AITraining,0.0000000000,0.0000000000,0.0000000000,955.5257894737,141.8669185653,0.0000000000,420.2198200402
blind_test,2383,RegionC,RealTimeInference,8.4000000000,0.0000000000,0.0000000000,696.0274162679,26.7468669172,0.0000000000,84.9984148723
blind_test,2383,RegionC,BatchInference,0.0000000000,53.4666666667,0.0000000000,2002.6366507177,47.6094292499,0.0000000000,212.6418772936
blind_test,2383,RegionC,AITraining,0.0000000000,0.0000000000,0.0000000000,907.8777830941,50.2279786713,0.0000000000,545.6003430615
blind_test,2383,RegionD,RealTimeInference,0.0000000000,0.0000000000,0.0000000000,3.3659040404,4.0130080312,0.0000000000,13.2796624503
blind_test,2383,RegionD,BatchInference,28.6333333333,9.3333333333,0.0000000000,2389.9010366826,59.6085799668,0.0000000000,236.7301544563
blind_test,2383,RegionD,AITraining,130.6666666667,1370.8333333333,0.0000000000,18085.0209250399,1014.9350969338,0.0000000000,2268.3703970499
blind_test,2383,RegionE,RealTimeInference,0.0000000000,25.3333333333,17.2698245614,33.3968421053,1.0579805616,0.0000000000,16.7150651866
blind_test,2383,RegionE,BatchInference,30.5666666667,0.0000000000,0.0000000000,1874.0327432217,75.8240370090,0.0000000000,236.4430598519
blind_test,2383,RegionE,AITraining,1330.2666666667,894.5333333333,0.0000000000,15876.5326315789,716.8376428221,0.0000000000,1933.2073978455
blind_test,2383,RegionF,RealTimeInference,0.0000000000,0.0000000000,0.0000000000,4.4822723950,3.2661527796,0.0000000000,12.8098133888
blind_test,2383,RegionF,BatchInference,0.0000000000,200.8333333333,0.0000000000,1573.8289633174,99.6122108284,0.0000000000,222.5447971139
blind_test,2383,RegionF,AITraining,467.8166666667,182.5166666667,0.0000000000,10162.5748644338,281.8936407587,0.0000000000,1233.1104836604
blind_test,2384,RegionA,RealTimeInference,39.6000000000,68.9666666667,0.0000000000,946.7895534290,51.3175719257,5.5655113663,97.0696324852
blind_test,2384,RegionA,BatchInference,0.0000000000,0.0000000000,0.0000000000,2715.9363636364,29.3866076733,0.0000000000,221.0766380368
blind_test,2384,RegionA,AITraining,0.0000000000,0.0000000000,0.0000000000,766.0333333333,41.5164302329,0.0000000000,333.3278726813
blind_test,2384,RegionB,RealTimeInference,9.0000000000,13.8333333333,0.0000000000,1064.2886124402,23.2144038784,0.0000000000,115.7446036551
blind_test,2384,RegionB,BatchInference,0.0000000000,0.0000000000,0.0000000000,2665.7226953748,105.2497154871,0.0000000000,359.5156951112
blind_test,2384,RegionB,AITraining,150.8000000000,388.3000000000,0.0000000000,1343.8257894737,161.5820802555,0.0000000000,439.9349817304
blind_test,2384,RegionC,RealTimeInference,14.6500000000,63.7666666667,0.0000000000,759.7940829346,48.9628677753,0.0000000000,107.2144157304
blind_test,2384,RegionC,BatchInference,53.2666666667,9.4500000000,0.0000000000,1958.6199840510,0.0000000033,0.0000000000,165.0324480469
blind_test,2384,RegionC,AITraining,0.0000000000,207.9000000000,0.0000000000,1115.7777830941,154.4876400984,0.0000000000,649.8600044885
blind_test,2384,RegionD,RealTimeInference,0.0000000000,0.0000000000,0.0000000000,3.3659040404,4.0331453868,0.0000000000,13.2997998059
blind_test,2384,RegionD,BatchInference,22.6000000000,0.0000000000,0.0000000000,2380.5677033493,41.1773782309,0.0000000000,218.2989527204
blind_test,2384,RegionD,AITraining,308.2666666667,250.8333333333,0.0000000000,16965.0209250399,179.5563366367,0.0000000000,1432.9916367528
blind_test,2384,RegionE,RealTimeInference,22.8166666667,0.0000000000,0.0000000000,8.0635087719,1.7323427072,0.0000000000,17.3894273322
blind_test,2384,RegionE,BatchInference,15.6000000000,0.0000000000,0.0000000000,1874.0327432217,24.7866393983,0.0000000000,185.4056622412
blind_test,2384,RegionE,AITraining,498.6500000000,0.0000000000,0.0000000000,14981.9992982456,300.5372058146,0.0000000000,1516.9069608380
blind_test,2384,RegionF,RealTimeInference,0.0000000000,0.0000000000,0.0000000000,4.4822723950,4.6762501904,0.0000000000,14.2199107995
blind_test,2384,RegionF,BatchInference,0.0000000000,0.0000000000,0.0000000000,1372.9956299841,11.3273828067,0.0000000000,134.2599690922
blind_test,2384,RegionF,AITraining,893.6666666667,330.8333333333,0.0000000000,10310.8915311005,323.0542296352,0.0000000000,1274.2710725368
blind_test,2385,RegionA,RealTimeInference,23.9166666667,64.2000000000,0.0000000000,942.0228867624,42.9114801092,0.0000000000,88.6635406687
blind_test,2385,RegionA,BatchInference,0.0000000000,11.4000000000,0.0000000000,2727.3363636364,28.4887233293,0.0000000000,220.1787536927
blind_test,2385,RegionA,AITraining,0.0000000000,0.0000000000,0.0000000000,766.0333333333,83.1484118544,0.0000000000,374.9598543028
blind_test,2385,RegionB,RealTimeInference,44.9000000000,3.7333333333,0.0000000000,1054.1886124402,42.4333171616,0.0000000000,134.9635169383
blind_test,2385,RegionB,BatchInference,190.6000000000,163.0000000000,0.0000000000,2828.7226953748,78.1898352216,0.0000000000,332.4558148457
blind_test,2385,RegionB,AITraining,0.0000000000,578.3000000000,0.0000000000,1533.8257894737,373.0083510684,94.6554495934,651.3612525433
blind_test,2385,RegionC,RealTimeInference,7.5833333333,24.9666666667,0.0000000000,720.9940829346,29.3458504115,0.0000000000,87.5973983666
blind_test,2385,RegionC,BatchInference,167.0833333333,0.0000000000,0.0000000000,1949.1699840510,76.8316405986,0.0000000000,241.8640886423
blind_test,2385,RegionC,AITraining,0.0000000000,448.5000000000,0.0000000000,1356.3777830941,221.6553359739,0.0000000000,717.0277003641
blind_test,2385,RegionD,RealTimeInference,0.0000000000,0.0000000000,0.0000000000,3.3659040404,4.6246470931,0.0000000000,13.8913015122
blind_test,2385,RegionD,BatchInference,133.9333333333,142.7666666667,0.0000000000,2523.3343700159,91.7056342755,0.0000000000,268.8272087650
blind_test,2385,RegionD,AITraining,167.1666666667,793.7500000000,0.0000000000,17507.9375917065,877.4858346813,0.0000000000,2130.9211347974
blind_test,2385,RegionE,RealTimeInference,0.0000000000,35.6000000000,27.5364912281,43.6635087719,4.5618536410,0.0000000000,20.2189382660
blind_test,2385,RegionE,BatchInference,0.0000000000,26.8000000000,0.0000000000,1900.8327432217,39.7576046895,0.0000000000,200.3766275324
blind_test,2385,RegionE,AITraining,273.8666666667,1113.1833333333,0.0000000000,16095.1826315789,1008.9552467922,0.0000000000,2225.3250018156
blind_test,2385,RegionF,RealTimeInference,35.5833333333,0.0000000000,0.0000000000,4.4822723950,3.9468710863,0.0000000000,13.4905316954
blind_test,2385,RegionF,BatchInference,0.0000000000,66.8833333333,0.0000000000,1439.8789633174,48.7016909506,0.0000000000,171.6342772361
blind_test,2385,RegionF,AITraining,1313.9500000000,1221.0000000000,0.0000000000,11201.0581977671,1066.1688444622,114.9520015606,2017.3856873639
blind_test,2386,RegionA,RealTimeInference,10.1666666667,82.3333333333,0.0000000000,960.1562200957,59.9435557606,14.1914952011,105.6956163201
blind_test,2386,RegionA,BatchInference,78.2500000000,33.1333333333,0.0000000000,2749.0696969697,16.8244086874,0.0000000000,208.5144390509
blind_test,2386,RegionA,AITraining,0.0000000000,0.0000000000,0.0000000000,766.0333333333,53.6583155961,0.0000000000,345.4697580445
blind_test,2386,RegionB,RealTimeInference,59.6833333333,61.2166666667,0.0000000000,1111.6719457735,46.9285251858,0.0000000000,139.4587249625
blind_test,2386,RegionB,BatchInference,209.9000000000,72.2500000000,0.0000000000,2737.9726953748,32.0144118606,0.0000000000,286.2803914847
blind_test,2386,RegionB,AITraining,372.9000000000,0.0000000000,0.0000000000,955.5257894737,54.4330032037,0.0000000000,332.7859046787
blind_test,2386,RegionC,RealTimeInference,23.5666666667,27.4666666667,0.0000000000,723.4940829346,32.1478149162,0.0000000000,90.3993628713
blind_test,2386,RegionC,BatchInference,42.9333333333,119.1166666667,0.0000000000,2068.2866507177,38.3143596624,0.0000000000,203.3468077060
blind_test,2386,RegionC,AITraining,0.0000000000,0.0000000000,0.0000000000,907.8777830941,66.4321143268,0.0000000000,561.8044787170
blind_test,2386,RegionD,RealTimeInference,13.3333333333,0.0000000000,0.0000000000,3.3659040404,5.5795292209,0.0000000000,14.8461836400
blind_test,2386,RegionD,BatchInference,179.5500000000,0.0000000000,0.0000000000,2380.5677033493,75.4443956998,0.0000000000,252.5659701893
blind_test,2386,RegionD,AITraining,309.3333333333,390.7000000000,0.0000000000,17104.8875917065,311.0316072566,0.0000000000,1564.4669073727
blind_test,2386,RegionE,RealTimeInference,0.0000000000,0.0000000000,0.0000000000,8.0635087719,4.7474069793,0.0000000000,20.4044916043
blind_test,2386,RegionE,BatchInference,45.9000000000,0.0000000000,0.0000000000,1874.0327432217,53.3075259237,0.0000000000,213.9265487665
blind_test,2386,RegionE,AITraining,259.7666666667,187.8166666667,0.0000000000,15169.8159649123,138.2604072332,0.0000000000,1354.6301622566
blind_test,2386,RegionF,RealTimeInference,0.0000000000,0.0000000000,0.0000000000,4.4822723950,3.5483356182,0.0000000000,13.0919962273
blind_test,2386,RegionF,BatchInference,63.4000000000,0.0000000000,0.0000000000,1372.9956299841,31.4113592585,0.0000000000,154.3439455440
blind_test,2386,RegionF,AITraining,475.2333333333,102.7333333333,0.0000000000,10082.7915311005,178.4828894494,0.0000000000,1129.6997323510
blind_test,2387,RegionA,RealTimeInference,17.4500000000,74.5833333333,0.0000000000,952.4062200957,48.5995681894,2.8475076299,94.3516287489
blind_test,2387,RegionA,BatchInference,9.3500000000,0.0000000000,0.0000000000,2715.9363636364,78.4602558041,0.0000000000,270.1502861675
blind_test,2387,RegionA,AITraining,0.0000000000,386.2833333333,0.0000000000,1152.3166666667,242.6180299884,0.0000000000,534.4294724368
blind_test,2387,RegionB,RealTimeInference,30.7000000000,16.9333333333,0.0000000000,1067.3886124402,20.5695922631,0.0000000000,113.0997920398
blind_test,2387,RegionB,BatchInference,144.9833333333,58.2833333333,0.0000000000,2724.0060287081,14.9788231611,0.0000000000,269.2448027852
blind_test,2387,RegionB,AITraining,0.0000000000,0.0000000000,0.0000000000,955.5257894737,77.0536974972,0.0000000000,355.4065989722
blind_test,2387,RegionC,RealTimeInference,73.9166666667,6.0833333333,0.0000000000,702.1107496013,19.0886930209,0.0000000000,77.3402409760
blind_test,2387,RegionC,BatchInference,0.0000000000,0.0000000000,0.0000000000,1949.1699840510,39.4274076837,0.0000000000,204.4598557274
blind_test,2387,RegionC,AITraining,282.1000000000,0.0000000000,0.0000000000,907.8777830941,41.7523263344,0.0000000000,537.1246907245
blind_test,2387,RegionD,RealTimeInference,0.0000000000,1.8000000000,0.0000000000,5.1659040404,4.2865234593,0.0000000000,13.5531778784
blind_test,2387,RegionD,BatchInference,93.5000000000,2.6666666667,0.0000000000,2383.2343700159,73.4123023185,0.0000000000,250.5338768080
blind_test,2387,RegionD,AITraining,247.9333333333,2175.8833333333,0.0000000000,18890.0709250399,1604.4763238024,351.0410236863,2857.9116239185
blind_test,2387,RegionE,RealTimeInference,0.0000000000,0.0000000000,0.0000000000,8.0635087719,3.0309101990,0.0000000000,18.6879948240
blind_test,2387,RegionE,BatchInference,197.1833333333,108.9500000000,0.0000000000,1982.9827432217,54.6310861568,0.0000000000,215.2501089997
blind_test,2387,RegionE,AITraining,1591.2166666667,733.6000000000,0.0000000000,15715.5992982456,766.6179399568,0.0000000000,1982.9876949802
blind_test,2387,RegionF,RealTimeInference,0.0000000000,0.0000000000,0.0000000000,4.4822723950,4.3754778991,0.0000000000,13.9191385082
blind_test,2387,RegionF,BatchInference,0.0000000000,20.6000000000,0.0000000000,1393.5956299841,4.9925434723,0.0000000000,127.9251297578
blind_test,2387,RegionF,AITraining,966.8333333333,690.0500000000,0.0000000000,10670.1081977671,693.1959006312,0.0000000000,1644.4127435328
blind_test,2388,RegionA,RealTimeInference,49.5333333333,93.2666666667,0.0000000000,971.0895534290,57.0328993114,11.2808387519,102.7849598709
blind_test,2388,RegionA,BatchInference,345.5500000000,37.3666666667,0.0000000000,2753.3030303030,52.6593025183,0.0000000000,244.3493328818
blind_test,2388,RegionA,AITraining,101.2833333333,0.0000000000,0.0000000000,766.0333333333,62.9290237148,0.0000000000,354.7404661632
blind_test,2388,RegionB,RealTimeInference,2.2833333333,0.0000000000,0.0000000000,1050.4552791069,34.9480970760,0.0000000000,127.4782968527
blind_test,2388,RegionB,BatchInference,22.0000000000,71.3333333333,0.0000000000,2737.0560287081,57.5419149456,0.0000000000,311.8078945697
blind_test,2388,RegionB,AITraining,0.0000000000,0.0000000000,0.0000000000,955.5257894737,31.4781742833,0.0000000000,309.8310757582
blind_test,2388,RegionC,RealTimeInference,0.0000000000,21.2000000000,0.0000000000,717.2274162679,23.8737712922,0.0000000000,82.1253192473
blind_test,2388,RegionC,BatchInference,103.3500000000,122.6666666667,0.0000000000,2071.8366507177,28.5128355192,0.0000000000,193.5452835629
blind_test,2388,RegionC,AITraining,0.0000000000,223.6666666667,0.0000000000,1131.5444497608,227.1526316018,0.0000000000,722.5249959920
blind_test,2388,RegionD,RealTimeInference,0.0000000000,0.0000000000,0.0000000000,3.3659040404,5.8412755271,0.0000000000,15.1079299462
blind_test,2388,RegionD,BatchInference,164.3833333333,112.2000000000,0.0000000000,2492.7677033493,98.8856085958,0.0000000000,276.0071830853
blind_test,2388,RegionD,AITraining,251.7333333333,284.0166666667,0.0000000000,16998.2042583732,306.9972117325,0.0000000000,1560.4325118485
blind_test,2388,RegionE,RealTimeInference,0.0000000000,2.8500000000,0.0000000000,10.9135087719,3.4141188041,0.0000000000,19.0712034291
blind_test,2388,RegionE,BatchInference,0.0000000000,64.3500000000,0.0000000000,1938.3827432217,58.6334395069,0.0000000000,219.2524623498
blind_test,2388,RegionE,AITraining,0.0000000000,762.8000000000,0.0000000000,15744.7992982456,681.2442955252,0.0000000000,1897.6140505486
blind_test,2388,RegionF,RealTimeInference,0.0000000000,0.0000000000,0.0000000000,4.4822723950,4.4610753518,0.0000000000,14.0047359609
blind_test,2388,RegionF,BatchInference,0.0000000000,79.1666666667,0.0000000000,1452.1622966507,59.9822562681,0.0000000000,182.9148425536
blind_test,2388,RegionF,AITraining,1541.2500000000,680.9666666667,0.0000000000,10661.0248644338,582.7084415694,0.0000000000,1533.9252844710
blind_test,2389,RegionA,RealTimeInference,43.6666666667,15.7333333333,0.0000000000,893.5562200957,13.4160904488,0.0000000000,59.1681510082
blind_test,2389,RegionA,BatchInference,57.7500000000,25.2000000000,0.0000000000,2741.1363636364,30.3362230531,0.0000000000,222.0262534165
blind_test,2389,RegionA,AITraining,0.0000000000,0.0000000000,0.0000000000,766.0333333333,43.1070552172,0.0000000000,334.9184976656
blind_test,2389,RegionB,RealTimeInference,0.0000000000,0.0000000000,0.0000000000,1050.4552791069,32.9548163169,0.0000000000,125.4850160935
blind_test,2389,RegionB,BatchInference,71.9333333333,30.3333333333,0.0000000000,2696.0560287081,35.1585036604,0.0000000000,289.4244832845
blind_test,2389,RegionB,AITraining,135.7000000000,0.0000000000,0.0000000000,955.5257894737,12.2755196077,0.0000000000,290.6284210826
blind_test,2389,RegionC,RealTimeInference,16.5666666667,15.6000000000,0.0000000000,711.6274162679,14.5820628017,0.0000000000,72.8336107569
blind_test,2389,RegionC,BatchInference,3.6000000000,19.8000000000,0.0000000000,1968.9699840510,42.8398701800,0.0000000000,207.8723182237
blind_test,2389,RegionC,AITraining,0.0000000000,0.0000000000,0.0000000000,907.8777830941,31.5130298685,0.0000000000,526.8853942586
blind_test,2389,RegionD,RealTimeInference,0.0000000000,0.0000000000,0.0000000000,3.3659040404,3.5430559890,0.0000000000,12.8097104080
blind_test,2389,RegionD,BatchInference,0.0000000000,173.7166666667,0.0000000000,2554.2843700159,67.1539803469,0.0000000000,244.2755548364
blind_test,2389,RegionD,AITraining,687.9666666667,461.5000000000,0.0000000000,17175.6875917065,479.0069875032,0.0000000000,1732.4422876193
blind_test,2389,RegionE,RealTimeInference,0.0000000000,0.0000000000,0.0000000000,8.0635087719,3.2772215056,0.0000000000,18.9343061307
blind_test,2389,RegionE,BatchInference,121.3666666667,32.5333333333,0.0000000000,1906.5660765550,29.9658048550,0.0000000000,190.5848276979
blind_test,2389,RegionE,AITraining,463.6500000000,421.6333333333,0.0000000000,15403.6326315789,403.3119852086,0.0000000000,1619.6817402320
blind_test,2389,RegionF,RealTimeInference,0.0000000000,22.1666666667,17.6843942717,26.6489390617,3.7181550480,0.0000000000,13.2618156572
blind_test,2389,RegionF,BatchInference,20.4166666667,0.0000000000,0.0000000000,1372.9956299841,42.1924394052,0.0000000000,165.1250256907
blind_test,2389,RegionF,AITraining,270.6000000000,355.3000000000,0.0000000000,10335.3581977671,340.9577732722,0.0000000000,1292.1746161738
blind_test,2390,RegionA,RealTimeInference,0.0000000000,22.8333333333,0.0000000000,900.6562200957,25.5760831557,0.0000000000,71.3281437151
blind_test,2390,RegionA,BatchInference,90.7166666667,0.0000000000,0.0000000000,2715.9363636364,58.3078364251,0.0000000000,249.9978667886
blind_test,2390,RegionA,AITraining,0.0000000000,0.0000000000,0.0000000000,766.0333333333,6.8783437561,0.0000000000,298.6897862045
blind_test,2390,RegionB,RealTimeInference,41.4666666667,34.9666666667,0.0000000000,1085.4219457735,29.4532098563,0.0000000000,121.9834096330
blind_test,2390,RegionB,BatchInference,67.9000000000,0.0000000000,0.0000000000,2665.7226953748,66.0911705268,0.0000000000,320.3571501508
blind_test,2390,RegionB,AITraining,0.0000000000,0.0000000000,0.0000000000,955.5257894737,0.0000000040,0.0000000000,278.3529014789
blind_test,2390,RegionC,RealTimeInference,38.4500000000,35.6333333333,0.0000000000,731.6607496013,29.4485682945,0.0000000000,87.7001162497
blind_test,2390,RegionC,BatchInference,0.0000000000,105.6000000000,0.0000000000,2054.7699840510,34.5180548368,0.0000000000,199.5505028805
blind_test,2390,RegionC,AITraining,0.0000000000,0.0000000000,0.0000000000,907.8777830941,70.3185706446,0.0000000000,565.6909350347
blind_test,2390,RegionD,RealTimeInference,0.0000000000,0.0000000000,0.0000000000,3.3659040404,3.1611261964,0.0000000000,12.4277806155
blind_test,2390,RegionD,BatchInference,193.6500000000,47.3166666667,0.0000000000,2427.8843700159,32.7143394735,0.0000000000,209.8359139630
blind_test,2390,RegionD,AITraining,1428.1500000000,321.3000000000,0.0000000000,17035.4875917065,306.9688600911,0.0000000000,1560.4041602072
blind_test,2390,RegionE,RealTimeInference,0.0000000000,0.0000000000,0.0000000000,8.0635087719,3.7690568175,0.0000000000,19.4261414425
blind_test,2390,RegionE,BatchInference,48.0000000000,0.0000000000,0.0000000000,1874.0327432217,48.3768487620,0.0000000000,208.9958716049
blind_test,2390,RegionE,AITraining,1664.4833333333,358.8000000000,0.0000000000,15340.7992982456,303.4552921537,0.0000000000,1519.8250471771
blind_test,2390,RegionF,RealTimeInference,0.0000000000,0.0000000000,0.0000000000,4.4822723950,3.7951437599,0.0000000000,13.3388043690
blind_test,2390,RegionF,BatchInference,93.5000000000,48.3000000000,0.0000000000,1421.2956299841,19.5313747952,0.0000000000,142.4639610807
blind_test,2390,RegionF,AITraining,259.5500000000,0.0000000000,0.0000000000,9980.0581977671,203.4294635859,0.0000000000,1154.6463064875
blind_test,2391,RegionA,RealTimeInference,31.0166666667,44.6000000000,0.0000000000,922.4228867624,31.3048030547,0.0000000000,77.0568636142
blind_test,2391,RegionA,BatchInference,172.5666666667,288.8666666667,0.0000000000,3004.8030303030,115.3803715880,0.0000000000,307.0704019514
blind_test,2391,RegionA,AITraining,62.2833333333,0.0000000000,0.0000000000,766.0333333333,137.6907193200,0.0000000000,429.5021617684
blind_test,2391,RegionB,RealTimeInference,20.7500000000,0.0000000000,0.0000000000,1050.4552791069,29.9318593624,0.0000000000,122.4620591390
blind_test,2391,RegionB,BatchInference,65.8833333333,93.3333333333,0.0000000000,2759.0560287081,67.3474487889,0.0000000000,321.6134284130
blind_test,2391,RegionB,AITraining,314.3000000000,0.0000000000,0.0000000000,955.5257894737,41.3584153332,0.0000000000,319.7113168081
blind_test,2391,RegionC,RealTimeInference,23.6666666667,10.8833333333,0.0000000000,706.9107496013,13.2531636506,0.0000000000,71.5047116057
blind_test,2391,RegionC,BatchInference,0.0000000000,15.6666666667,0.0000000000,1964.8366507177,56.0470478904,0.0000000000,221.0794959341
blind_test,2391,RegionC,AITraining,0.0000000000,407.9333333333,0.0000000000,1315.8111164274,233.3660318381,0.0000000000,728.7383962283
blind_test,2391,RegionD,RealTimeInference,9.3333333333,0.0000000000,0.0000000000,3.3659040404,2.7534855534,0.0000000000,12.0201399725
blind_test,2391,RegionD,BatchInference,0.0000000000,57.3833333333,0.0000000000,2437.9510366826,65.4892359434,0.0000000000,242.6108104330
blind_test,2391,RegionD,AITraining,619.8333333333,735.0166666667,0.0000000000,17449.2042583732,658.5061987620,0.0000000000,1911.9414988781
blind_test,2391,RegionE,RealTimeInference,7.2500000000,0.0000000000,0.0000000000,8.0635087719,6.0828726185,0.0000000000,21.7399572435
blind_test,2391,RegionE,BatchInference,58.8000000000,17.8500000000,0.0000000000,1891.8827432217,39.7495006751,0.0000000000,200.3685235180
blind_test,2391,RegionE,AITraining,1232.5333333333,270.5000000000,0.0000000000,15252.4992982456,283.9500514715,0.0000000000,1500.3198064949
blind_test,2391,RegionF,RealTimeInference,0.0000000000,0.0000000000,0.0000000000,4.4822723950,3.2749338470,0.0000000000,12.8185944562
blind_test,2391,RegionF,BatchInference,41.3000000000,56.7333333333,0.0000000000,1429.7289633174,77.2187788119,0.0000000000,200.1513650974
blind_test,2391,RegionF,AITraining,116.9666666667,649.8166666667,0.0000000000,10629.8748644338,569.2649326723,0.0000000000,1520.4817755739
blind_test,2392,RegionA,RealTimeInference,26.8333333333,22.4666666667,0.0000000000,900.2895534290,26.2187253162,0.0000000000,71.9707858756
blind_test,2392,RegionA,BatchInference,126.8166666667,0.0000000000,0.0000000000,2715.9363636364,47.1622699873,0.0000000000,238.8523003508
blind_test,2392,RegionA,AITraining,0.0000000000,0.0000000000,0.0000000000,766.0333333333,33.1757729335,0.0000000000,324.9872153819
blind_test,2392,RegionB,RealTimeInference,12.8666666667,36.8000000000,0.0000000000,1087.2552791069,32.1788973395,0.0000000000,124.7090971162
blind_test,2392,RegionB,BatchInference,25.7333333333,0.0000000000,0.0000000000,2665.7226953748,52.5637198887,0.0000000000,306.8296995128
blind_test,2392,RegionB,AITraining,0.0000000000,0.0000000000,0.0000000000,955.5257894737,23.9077569469,0.0000000000,302.2606584218
blind_test,2392,RegionC,RealTimeInference,8.5333333333,27.8833333333,0.0000000000,723.9107496013,22.3602851570,0.0000000000,80.6118331121
blind_test,2392,RegionC,BatchInference,25.9000000000,96.5166666667,0.0000000000,2045.6866507177,33.4301751726,0.0000000000,198.4626232163
blind_test,2392,RegionC,AITraining,100.5000000000,0.0000000000,0.0000000000,907.8777830941,86.1007991122,0.0000000000,581.4731635023
blind_test,2392,RegionD,RealTimeInference,0.0000000000,1.6500000000,0.0000000000,5.0159040404,3.1625071661,0.0000000000,12.4291615852
blind_test,2392,RegionD,BatchInference,130.1833333333,19.1666666667,0.0000000000,2399.7343700159,24.4512407780,0.0000000000,201.5728152675
blind_test,2392,RegionD,AITraining,899.6833333333,1994.8500000000,0.0000000000,18709.0375917065,1363.7726370990,110.3373369830,2617.2079372151
blind_test,2392,RegionE,RealTimeInference,9.5833333333,2.1666666667,0.0000000000,10.2301754386,5.0746389671,0.0000000000,20.7317235921
blind_test,2392,RegionE,BatchInference,8.1000000000,0.0000000000,0.0000000000,1874.0327432217,39.1297198687,0.0000000000,199.7487427116
blind_test,2392,RegionE,AITraining,391.7333333333,224.0000000000,0.0000000000,15205.9992982456,259.2072122375,0.0000000000,1475.5769672609
blind_test,2392,RegionF,RealTimeInference,3.3500000000,4.4666666667,0.0000000000,8.9489390617,5.7578531375,0.0000000000,15.3015137467
blind_test,2392,RegionF,BatchInference,0.0000000000,0.0000000000,0.0000000000,1372.9956299841,52.7935104941,0.0000000000,175.7260967796
blind_test,2392,RegionF,AITraining,808.7666666667,110.6666666667,0.0000000000,10090.7248644338,245.5450819261,0.0000000000,1196.7619248277
blind_test,2393,RegionA,RealTimeInference,75.1500000000,26.2666666667,0.0000000000,904.0895534290,30.5316846453,0.0000000000,76.2837452047
blind_test,2393,RegionA,BatchInference,30.7500000000,189.0666666667,0.0000000000,2905.0030303030,124.6818983929,0.0000000000,316.3719287564
blind_test,2393,RegionA,AITraining,0.0000000000,0.0000000000,0.0000000000,766.0333333333,76.8422910191,0.0000000000,368.6537334675
blind_test,2393,RegionB,RealTimeInference,48.9500000000,29.7833333333,0.0000000000,1080.2386124402,33.1019192815,0.0000000000,125.6321190582
blind_test,2393,RegionB,BatchInference,0.0000000000,71.0000000000,0.0000000000,2736.7226953748,64.0884608243,0.0000000000,318.3544404484
blind_test,2393,RegionB,AITraining,0.0000000000,0.0000000000,0.0000000000,955.5257894737,39.4998426472,0.0000000000,317.8527441221
blind_test,2393,RegionC,RealTimeInference,22.6666666667,33.1333333333,0.0000000000,729.1607496013,24.3528512005,0.0000000000,82.6043991556
blind_test,2393,RegionC,BatchInference,44.4000000000,144.1000000000,0.0000000000,2093.2699840510,26.0271001910,0.0000000000,191.0595482346
blind_test,2393,RegionC,AITraining,0.0000000000,0.0000000000,0.0000000000,907.8777830941,107.3043609700,0.0000000000,602.6767253601
blind_test,2393,RegionD,RealTimeInference,0.0000000000,3.7500000000,0.3840959596,7.1159040404,5.3032070416,0.0000000000,14.5698614607
blind_test,2393,RegionD,BatchInference,19.3833333333,148.9166666667,0.0000000000,2529.4843700159,159.2460328660,0.0000000000,336.3676073555
blind_test,2393,RegionD,AITraining,9.1666666667,1398.9166666667,0.0000000000,18113.1042583732,845.7311397570,0.0000000000,2099.1664398731
blind_test,2393,RegionE,RealTimeInference,0.0000000000,16.2666666667,8.2031578947,24.3301754386,2.0354062753,0.0000000000,17.6924909003
blind_test,2393,RegionE,BatchInference,0.0000000000,62.8166666667,0.0000000000,1936.8494098884,52.0110931235,0.0000000000,212.6301159664
blind_test,2393,RegionE,AITraining,0.0000000000,0.0000000000,0.0000000000,14981.9992982456,388.3934775588,0.0000000000,1604.7632325822
blind_test,2393,RegionF,RealTimeInference,0.0000000000,0.0000000000,0.0000000000,4.4822723950,4.9268314999,0.0000000000,14.4704921091
blind_test,2393,RegionF,BatchInference,46.3666666667,42.5833333333,0.0000000000,1415.5789633174,78.6276911555,0.0000000000,201.5602774410
blind_test,2393,RegionF,AITraining,815.9000000000,785.6000000000,0.0000000000,10765.6581977671,667.7090570267,0.0000000000,1618.9258999283
blind_test,2394,RegionA,RealTimeInference,15.4333333333,70.8666666667,0.0000000000,948.6895534290,45.8399823378,0.0879217783,91.5920428973
blind_test,2394,RegionA,BatchInference,17.8666666667,97.3000000000,0.0000000000,2813.2363636364,60.1470825879,0.0000000000,251.8371129514
blind_test,2394,RegionA,AITraining,0.0000000000,0.0000000000,0.0000000000,766.0333333333,71.3572567927,0.0000000000,363.1686992411
blind_test,2394,RegionB,RealTimeInference,21.9833333333,20.7666666667,0.0000000000,1071.2219457735,29.7266409477,0.0000000000,122.2568407243
blind_test,2394,RegionB,BatchInference,292.3666666667,3.7333333333,0.0000000000,2669.4560287081,51.7115124074,0.0000000000,305.9774920315
blind_test,2394,RegionB,AITraining,0.0000000000,285.6000000000,0.0000000000,1241.1257894737,227.8169185944,0.0000000000,506.1698200693
blind_test,2394,RegionC,RealTimeInference,0.0000000000,49.2666666667,0.0000000000,745.2940829346,41.1191053372,0.0000000000,99.3706532923
blind_test,2394,RegionC,BatchInference,0.0000000000,0.0000000000,0.0000000000,1949.1699840510,62.8570677949,0.0000000000,227.8895158385
blind_test,2394,RegionC,AITraining,0.0000000000,0.0000000000,0.0000000000,907.8777830941,14.8764819983,0.0000000000,510.2488463885
blind_test,2394,RegionD,RealTimeInference,0.0000000000,0.0000000000,0.0000000000,3.3659040404,4.3199320380,0.0000000000,13.5865864571
blind_test,2394,RegionD,BatchInference,183.9333333333,0.0000000000,0.0000000000,2380.5677033493,36.4506907028,0.0000000000,213.5722651923
blind_test,2394,RegionD,AITraining,767.1000000000,559.7500000000,0.0000000000,17273.9375917065,462.0835510718,0.0000000000,1715.5188511879
blind_test,2394,RegionE,RealTimeInference,0.0000000000,0.0000000000,0.0000000000,8.0635087719,7.2546419983,0.0000000000,22.9117266233
blind_test,2394,RegionE,BatchInference,100.5833333333,0.0000000000,0.0000000000,1874.0327432217,45.7062489886,0.0000000000,206.3252718315
blind_test,2394,RegionE,AITraining,1336.7333333333,341.3666666667,0.0000000000,15323.3659649123,345.2293131231,0.0000000000,1561.5990681465
blind_test,2394,RegionF,RealTimeInference,0.0000000000,0.0000000000,0.0000000000,4.4822723950,5.3282432353,0.0000000000,14.8719038444
blind_test,2394,RegionF,BatchInference,113.0500000000,40.2666666667,0.0000000000,1413.2622966507,25.5961567627,0.0000000000,148.5287430481
blind_test,2394,RegionF,AITraining,1152.4500000000,393.9333333333,0.0000000000,10373.9915311005,383.7573721078,0.0000000000,1334.9742150094
blind_test,2395,RegionA,RealTimeInference,23.7000000000,17.3333333333,0.0000000000,895.1562200957,17.7642118927,0.0000000000,63.5162724522
blind_test,2395,RegionA,BatchInference,114.3166666667,74.7333333333,0.0000000000,2790.6696969697,57.8296489271,0.0000000000,249.5196792906
blind_test,2395,RegionA,AITraining,0.0000000000,0.0000000000,0.0000000000,766.0333333333,34.2962512890,0.0000000000,326.1076937374
blind_test,2395,RegionB,RealTimeInference,3.3333333333,0.0000000000,0.0000000000,1050.4552791069,35.5941722384,0.0000000000,128.1243720150
blind_test,2395,RegionB,BatchInference,0.0000000000,0.0000000000,0.0000000000,2665.7226953748,55.6165032159,0.0000000000,309.8824828400
blind_test,2395,RegionB,AITraining,168.6666666667,60.3333333333,0.0000000000,1015.8591228070,0.0000000016,0.0000000000,278.3529014765
blind_test,2395,RegionC,RealTimeInference,14.5833333333,35.2333333333,0.0000000000,731.2607496013,21.8909238032,0.0000000000,80.1424717583
blind_test,2395,RegionC,BatchInference,8.2666666667,65.2500000000,0.0000000000,2014.4199840510,24.2133702202,0.0000000000,189.2458182638
blind_test,2395,RegionC,AITraining,0.0000000000,66.9500000000,0.0000000000,974.8277830941,74.7295846060,0.0000000000,570.1019489962
blind_test,2395,RegionD,RealTimeInference,10.4500000000,0.0000000000,0.0000000000,3.3659040404,1.5113154892,0.0000000000,10.7779699083
blind_test,2395,RegionD,BatchInference,142.7000000000,2.9333333333,0.0000000000,2383.5010366826,44.5488839783,0.0000000000,221.6704584678
blind_test,2395,RegionD,AITraining,26.1333333333,0.0000000000,0.0000000000,16714.1875917065,318.6091732894,0.0000000000,1572.0444734055
blind_test,2395,RegionE,RealTimeInference,0.0000000000,0.0000000000,0.0000000000,8.0635087719,4.2613310026,0.0000000000,19.9184156276
blind_test,2395,RegionE,BatchInference,0.0000000000,0.0000000000,0.0000000000,1874.0327432217,44.1794678681,0.0000000000,204.7984907110
blind_test,2395,RegionE,AITraining,709.4000000000,122.7333333333,0.0000000000,15104.7326315789,109.8805792332,0.0000000000,1326.2503342566
blind_test,2395,RegionF,RealTimeInference,0.0000000000,23.7500000000,19.2677276050,28.2322723950,4.7855184480,0.0000000000,14.3291790572
blind_test,2395,RegionF,BatchInference,0.0000000000,0.0000000000,0.0000000000,1372.9956299841,20.0347639539,0.0000000000,142.9673502394
blind_test,2395,RegionF,AITraining,496.0333333333,50.8000000000,0.0000000000,10030.8581977671,0.0000000055,0.0000000000,951.2168429072
blind_test,2396,RegionA,RealTimeInference,63.1000000000,73.3166666667,0.0000000000,951.1395534290,48.4111072772,2.6590467177,94.1631678367
blind_test,2396,RegionA,BatchInference,38.0000000000,0.0000000000,0.0000000000,2715.9363636364,52.8384017655,0.0000000000,244.5284321290
blind_test,2396,RegionA,AITraining,630.1666666667,0.0000000000,0.0000000000,766.0333333333,23.4744807722,0.0000000000,315.2859232206
blind_test,2396,RegionB,RealTimeInference,55.0833333333,48.8166666667,0.0000000000,1099.2719457735,47.9188034950,0.0000000000,140.4490032717
blind_test,2396,RegionB,BatchInference,55.8166666667,24.1666666667,0.0000000000,2689.8893620415,9.9955618611,0.0000000000,264.2615414851
blind_test,2396,RegionB,AITraining,211.6500000000,90.3833333333,0.0000000000,1045.9091228070,69.1090815495,0.0000000000,347.4619830245
blind_test,2396,RegionC,RealTimeInference,21.0833333333,15.4333333333,0.0000000000,711.4607496013,19.6223552564,0.0000000000,77.8739032115
blind_test,2396,RegionC,BatchInference,14.0500000000,97.7833333333,0.0000000000,2046.9533173844,43.7599137381,0.0000000000,208.7923617817
blind_test,2396,RegionC,AITraining,0.0000000000,138.5500000000,0.0000000000,1046.4277830941,132.8926917248,0.0000000000,628.2650561150
blind_test,2396,RegionD,RealTimeInference,0.0000000000,0.0000000000,0.0000000000,3.3659040404,2.6085582063,0.0000000000,11.8752126254
blind_test,2396,RegionD,BatchInference,276.4666666667,0.0000000000,0.0000000000,2380.5677033493,49.8564816134,0.0000000000,226.9780561029
blind_test,2396,RegionD,AITraining,396.8333333333,0.0000000000,0.0000000000,16714.1875917065,330.2400753257,0.0000000000,1583.6753754418
blind_test,2396,RegionE,RealTimeInference,0.0000000000,0.0000000000,0.0000000000,8.0635087719,4.4019630895,0.0000000000,20.0590477145
blind_test,2396,RegionE,BatchInference,58.6666666667,0.0000000000,0.0000000000,1874.0327432217,40.4284708783,0.0000000000,201.0474937211
blind_test,2396,RegionE,AITraining,323.2500000000,0.0000000000,0.0000000000,14981.9992982456,246.6953155423,0.0000000000,1463.0650705657
blind_test,2396,RegionF,RealTimeInference,0.0000000000,0.0000000000,0.0000000000,4.4822723950,4.8863158268,0.0000000000,14.4299764360
blind_test,2396,RegionF,BatchInference,31.9666666667,0.0000000000,0.0000000000,1372.9956299841,22.9261980970,0.0000000000,145.8587843825
blind_test,2396,RegionF,AITraining,785.4000000000,763.7333333333,0.0000000000,10743.7915311005,519.1381804219,0.0000000000,1470.3550233235
blind_test,2397,RegionA,RealTimeInference,0.0000000000,0.0000000000,0.0000000000,877.8228867624,43.5384751455,0.0000000000,89.2905357050
blind_test,2397,RegionA,BatchInference,129.3833333333,53.4833333333,0.0000000000,2769.4196969697,58.1364397937,0.0000000000,249.8264701572
blind_test,2397,RegionA,AITraining,284.3333333333,0.0000000000,0.0000000000,766.0333333333,30.9893534412,0.0000000000,322.8007958896
blind_test,2397,RegionB,RealTimeInference,23.7000000000,6.2000000000,0.0000000000,1056.6552791069,0.0000000106,0.0000000000,92.5301997873
blind_test,2397,RegionB,BatchInference,12.6666666667,0.0000000000,0.0000000000,2665.7226953748,74.4749348852,0.0000000000,328.7409145092
blind_test,2397,RegionB,AITraining,0.0000000000,199.8333333333,0.0000000000,1155.3591228070,124.1672945013,0.0000000000,402.5201959762
blind_test,2397,RegionC,RealTimeInference,0.0000000000,10.1166666667,0.0000000000,706.1440829346,82.0269017755,23.7753538204,140.2784497307
blind_test,2397,RegionC,BatchInference,45.3333333333,93.9000000000,0.0000000000,2043.0699840510,42.2544315380,0.0000000000,207.2868795816
blind_test,2397,RegionC,AITraining,0.0000000000,157.8500000000,0.0000000000,1065.7277830941,131.9641141440,0.0000000000,627.3364785341
blind_test,2397,RegionD,RealTimeInference,0.0000000000,0.0000000000,0.0000000000,3.3659040404,0.0000000012,0.0000000000,9.2666544203
blind_test,2397,RegionD,BatchInference,41.9333333333,21.0000000000,0.0000000000,2401.5677033493,19.7781729999,0.0000000000,196.8997474894
blind_test,2397,RegionD,AITraining,84.4833333333,0.0000000000,0.0000000000,16714.1875917065,374.8531576642,0.0000000000,1628.2884577803
blind_test,2397,RegionE,RealTimeInference,0.0000000000,0.0000000000,0.0000000000,8.0635087719,0.0000000008,0.0000000000,15.6570846258
blind_test,2397,RegionE,BatchInference,102.4833333333,19.4000000000,0.0000000000,1893.4327432217,25.5882743306,0.0000000000,186.2072971735
blind_test,2397,RegionE,AITraining,456.5166666667,248.0000000000,0.0000000000,15229.9992982456,213.2177144292,0.0000000000,1429.5874694526
blind_test,2397,RegionF,RealTimeInference,0.0000000000,0.0000000000,0.0000000000,4.4822723950,0.0000000011,0.0000000000,9.5436606103
blind_test,2397,RegionF,BatchInference,96.4833333333,0.0000000000,0.0000000000,1372.9956299841,28.4714304543,0.0000000000,151.4040167398
blind_test,2397,RegionF,AITraining,322.8666666667,1104.8166666667,0.0000000000,11084.8748644338,815.9149910115,0.0000000000,1767.1318339131
blind_test,2398,RegionA,RealTimeInference,23.6666666667,50.1000000000,0.0000000000,927.9228867624,6.0726246121,0.0000000000,51.8246851716
blind_test,2398,RegionA,BatchInference,0.0000000000,13.8000000000,0.0000000000,2729.7363636364,40.4814877759,0.0000000000,232.1715181394
blind_test,2398,RegionA,AITraining,0.0000000000,133.2000000000,0.0000000000,899.2333333333,144.3973424342,0.0000000000,436.2087848826
blind_test,2398,RegionB,RealTimeInference,18.7833333333,0.0000000000,0.0000000000,1050.4552791069,223.4183012260,130.8881014493,315.9485010027
blind_test,2398,RegionB,BatchInference,44.1000000000,65.8333333333,0.0000000000,2731.5560287081,85.0306962000,0.0000000000,339.2966758240
blind_test,2398,RegionB,AITraining,11.7333333333,508.4000000000,0.0000000000,1463.9257894737,198.0543140275,0.0000000000,476.4072155024
blind_test,2398,RegionC,RealTimeInference,38.4000000000,53.9000000000,0.0000000000,749.9274162679,17.3575006146,0.0000000000,75.6090485698
blind_test,2398,RegionC,BatchInference,0.0000000000,13.2000000000,0.0000000000,1962.3699840510,25.7339401436,0.0000000000,190.7663881873
blind_test,2398,RegionC,AITraining,93.3333333333,0.0000000000,0.0000000000,907.8777830941,55.9943666444,0.0000000000,551.3667310345
blind_test,2398,RegionD,RealTimeInference,9.3000000000,0.0000000000,0.0000000000,3.3659040404,0.0000000006,0.0000000000,9.2666544197
blind_test,2398,RegionD,BatchInference,46.5666666667,171.2500000000,0.0000000000,2551.8177033493,95.1872935422,0.0000000000,272.3088680317
blind_test,2398,RegionD,AITraining,1450.9000000000,435.1333333333,0.0000000000,17149.3209250399,468.3372995447,0.0000000000,1721.7725996608
blind_test,2398,RegionE,RealTimeInference,0.0000000000,0.0000000000,0.0000000000,8.0635087719,0.0000000008,0.0000000000,15.6570846258
blind_test,2398,RegionE,BatchInference,107.3500000000,114.8000000000,0.0000000000,1988.8327432217,68.0339938858,0.0000000000,228.6530167286
blind_test,2398,RegionE,AITraining,889.3166666667,376.5666666667,0.0000000000,15358.5659649123,435.0961893721,0.0000000000,1651.4659443955
blind_test,2398,RegionF,RealTimeInference,10.0000000000,23.4000000000,18.9177276050,27.8822723950,0.9377843387,0.0000000000,10.4814449478
blind_test,2398,RegionF,BatchInference,47.5000000000,0.0000000000,0.0000000000,1372.9956299841,33.9192264810,0.0000000000,156.8518127665
blind_test,2398,RegionF,AITraining,671.0000000000,42.7500000000,0.0000000000,10022.8081977671,149.7942155363,0.0000000000,1101.0110584379
blind_test,2399,RegionA,RealTimeInference,26.4000000000,41.5333333333,0.0000000000,919.3562200957,43.3720818441,0.0000000000,89.1241424036
blind_test,2399,RegionA,BatchInference,0.0000000000,262.1666666667,0.0000000000,2978.1030303030,117.4336743117,0.0000000000,309.1237046752
blind_test,2399,RegionA,AITraining,0.0000000000,0.0000000000,0.0000000000,766.0333333333,114.8630299012,0.0000000000,406.6744723496
blind_test,2399,RegionB,RealTimeInference,1.6833333333,7.7000000000,0.0000000000,1058.1552791069,16.4363712875,0.0000000000,108.9665710642
blind_test,2399,RegionB,BatchInference,264.3333333333,106.0000000000,0.0000000000,2771.7226953748,95.7267562018,0.0000000000,349.9927358259
blind_test,2399,RegionB,AITraining,0.0000000000,0.0000000000,0.0000000000,955.5257894737,37.2730182364,0.0000000000,315.6259197113
blind_test,2399,RegionC,RealTimeInference,38.6833333333,17.2666666667,0.0000000000,713.2940829346,24.4536138163,0.0000000000,82.7051617714
blind_test,2399,RegionC,BatchInference,62.7000000000,0.0000000000,0.0000000000,1949.1699840510,59.2513493910,0.0000000000,224.2837974346
blind_test,2399,RegionC,AITraining,144.9166666667,0.0000000000,0.0000000000,907.8777830941,1.9292882573,0.0000000000,497.3016526474
blind_test,2399,RegionD,RealTimeInference,0.0000000000,0.0000000000,0.0000000000,3.3659040404,2.3590688280,0.0000000000,11.6257232471
blind_test,2399,RegionD,BatchInference,0.0000000000,254.4666666667,0.0000000000,2635.0343700159,162.7845380420,0.0000000000,339.9061125315
blind_test,2399,RegionD,AITraining,0.0000000000,680.4000000000,0.0000000000,17394.5875917065,548.4185196095,0.0000000000,1801.8538197256
blind_test,2399,RegionE,RealTimeInference,17.6666666667,0.0000000000,0.0000000000,8.0635087719,2.5338389923,0.0000000000,18.1909236173
blind_test,2399,RegionE,BatchInference,62.0500000000,0.0000000000,0.0000000000,1874.0327432217,127.4629395555,0.0000000000,288.0819623984
blind_test,2399,RegionE,AITraining,707.2500000000,0.0000000000,0.0000000000,14981.9992982456,252.7394049869,0.0000000000,1469.1091600103
blind_test,2399,RegionF,RealTimeInference,0.8500000000,39.7000000000,35.2177276050,44.1822723950,0.5413158958,0.0000000000,10.0849765049
blind_test,2399,RegionF,BatchInference,0.0000000000,107.8000000000,0.0000000000,1480.7956299841,88.9882137380,0.0000000000,211.9208000235
blind_test,2399,RegionF,AITraining,546.2166666667,642.1500000000,0.0000000000,10622.2081977671,524.9649690701,0.0000000000,1476.1818119717
