record_type,method,region,task_type,group_id,calibration_n,blind_n,calibration_scale_gpu_h,calibration_quantile,blind_coverage,abs_deviation_from_0_95,mean_interval_width_gpu_h,blind_wape,blind_rmse_gpu_h,worst_group_abs_deviation
group,pooled,RegionA,AITraining,RegionA|AITraining,24,24,77.8347338302,3.7491159549,0.958333333333,0.00833333333333,362.450962883,1.75144402365,161.993442238,
group,groupwise,RegionA,AITraining,RegionA|AITraining,24,24,77.8347338302,5.66866470999,0.958333333333,0.00833333333333,511.858529309,1.75144402365,161.993442238,
group,pooled,RegionA,BatchInference,RegionA|BatchInference,24,24,51.1293949478,3.7491159549,0.958333333333,0.00833333333333,252.48988469,0.866265911683,83.0132729156,
group,groupwise,RegionA,BatchInference,RegionA|BatchInference,24,24,51.1293949478,2.76256537672,0.958333333333,0.00833333333333,202.048150542,0.866265911683,83.0132729156,
group,pooled,RegionA,RealTimeInference,RegionA|RealTimeInference,24,24,12.2034263836,3.7491159549,0.916666666667,0.0333333333333,81.2113529964,0.842607616294,29.9716236746,
group,groupwise,RegionA,RealTimeInference,RegionA|RealTimeInference,24,24,12.2034263836,4.59960121874,0.958333333333,0.00833333333333,93.4996165868,0.842607616294,29.9716236746,
group,pooled,RegionB,AITraining,RegionB|AITraining,24,24,74.2449432942,3.7491159549,0.833333333333,0.116666666667,375.870380237,1.56915713769,194.563450485,
group,groupwise,RegionB,AITraining,RegionB|AITraining,24,24,74.2449432942,5.70580548458,0.958333333333,0.00833333333333,534.082494151,1.56915713769,194.563450485,
group,pooled,RegionB,BatchInference,RegionB|BatchInference,24,24,67.8202495422,3.7491159549,1,0.05,308.371425925,0.858572453127,98.5237762969,
group,groupwise,RegionB,BatchInference,RegionB|BatchInference,24,24,67.8202495422,3.1120433722,0.958333333333,0.00833333333333,265.165004389,0.858572453127,98.5237762969,
group,pooled,RegionB,RealTimeInference,RegionB|RealTimeInference,24,24,24.6805382628,3.7491159549,0.958333333333,0.00833333333333,124.565690416,1.05179785637,45.5094199437,
group,groupwise,RegionB,RealTimeInference,RegionB|RealTimeInference,24,24,24.6805382628,2.45353233288,0.958333333333,0.00833333333333,91.257668378,1.05179785637,45.5094199437,
group,pooled,RegionC,AITraining,RegionC|AITraining,24,24,132.13044631,3.7491159549,1,0.05,580.453300425,2.12101929219,152.214247343,
group,groupwise,RegionC,AITraining,RegionC|AITraining,24,24,132.13044631,3.13511675394,1,0.05,499.325311967,2.12101929219,152.214247343,
group,pooled,RegionC,BatchInference,RegionC|BatchInference,24,24,44.0190300937,3.7491159549,1,0.05,205.352726509,0.872707571242,44.9917283845,
group,groupwise,RegionC,BatchInference,RegionC|BatchInference,24,24,44.0190300937,2.21187760337,0.958333333333,0.00833333333333,137.684985252,0.872707571242,44.9917283845,
group,pooled,RegionC,RealTimeInference,RegionC|RealTimeInference,24,24,15.5374089934,3.7491159549,0.958333333333,0.00833333333333,87.1611209237,1.06162051149,30.2725925168,
group,groupwise,RegionC,RealTimeInference,RegionC|RealTimeInference,24,24,15.5374089934,4.53759329701,0.958333333333,0.00833333333333,99.9224698261,1.06162051149,30.2725925168,
group,pooled,RegionD,AITraining,RegionD|AITraining,24,24,334.328229693,3.7491159549,0.916666666667,0.0333333333333,1833.82871195,1.13026750066,692.041494144,
group,groupwise,RegionD,AITraining,RegionD|AITraining,24,24,334.328229693,3.20824731651,0.833333333333,0.116666666667,1622.86311519,1.13026750066,692.041494144,
group,pooled,RegionD,BatchInference,RegionD|BatchInference,24,24,47.2435573133,3.7491159549,0.958333333333,0.00833333333333,249.285121115,0.946105190094,95.9513477506,
group,groupwise,RegionD,BatchInference,RegionD|BatchInference,24,24,47.2435573133,4.856941555,1,0.05,301.622743346,0.946105190094,95.9513477506,
group,pooled,RegionD,RealTimeInference,RegionD|RealTimeInference,24,24,2.4716905347,3.7491159549,0.916666666667,0.0333333333333,12.7034240509,1.60079553273,6.98950173002,
group,groupwise,RegionD,RealTimeInference,RegionD|RealTimeInference,24,24,2.4716905347,10.3101560319,1,0.05,28.9202847069,1.60079553273,6.98950173002,
group,pooled,RegionE,AITraining,RegionE|AITraining,24,24,324.441753644,3.7491159549,0.958333333333,0.00833333333333,1687.8841411,0.741304577333,601.543622032,
group,groupwise,RegionE,AITraining,RegionE|AITraining,24,24,324.441753644,3.7491159549,0.958333333333,0.00833333333333,1687.8841411,0.741304577333,601.543622032,
group,pooled,RegionE,BatchInference,RegionE|BatchInference,24,24,42.8418391896,3.7491159549,0.958333333333,0.00833333333333,211.848358397,0.798709980552,67.0372909689,
group,groupwise,RegionE,BatchInference,RegionE|BatchInference,24,24,42.8418391896,3.63469231833,0.958333333333,0.00833333333333,206.946239359,0.798709980552,67.0372909689,
group,pooled,RegionE,RealTimeInference,RegionE|RealTimeInference,24,24,4.1762070881,3.7491159549,0.916666666667,0.0333333333333,18.8492211744,1.3164212268,7.38291802362,
group,groupwise,RegionE,RealTimeInference,RegionE|RealTimeInference,24,24,4.1762070881,5.77366580625,1,0.05,27.3041606138,1.3164212268,7.38291802362,
group,pooled,RegionF,AITraining,RegionF|AITraining,24,24,253.717637529,3.7491159549,0.875,0.075,1394.12482825,0.587296147758,546.521145557,
group,groupwise,RegionF,AITraining,RegionF|AITraining,24,24,253.717637529,4.31782842091,0.958333333333,0.00833333333333,1543.20687829,0.587296147758,546.521145557,
group,pooled,RegionF,BatchInference,RegionF|BatchInference,24,24,32.7897530416,3.7491159549,1,0.05,164.872209747,1.36000544265,51.5939464497,
group,groupwise,RegionF,BatchInference,RegionF|BatchInference,24,24,32.7897530416,4.28354756585,1,0.05,182.396090288,1.36000544265,51.5939464497,
group,pooled,RegionF,RealTimeInference,RegionF|RealTimeInference,24,24,2.54557627025,3.7491159549,0.958333333333,0.00833333333333,13.2919266037,1.92679159863,7.71545856655,
group,groupwise,RegionF,RealTimeInference,RegionF|RealTimeInference,24,24,2.54557627025,5.18462597171,0.958333333333,0.00833333333333,16.9461268382,1.92679159863,7.71545856655,
aggregate,pooled,ALL,ALL,pooled_18x24,432,432,,3.7491159549,0.946759259259,0.00324074074074,442.478599299,0.893439491725,265.179312791,0.116666666667
aggregate,groupwise,ALL,ALL,pooled_18x24,432,432,,,0.962962962963,0.012962962963,447.385222785,0.893439491725,265.179312791,0.116666666667
