period,hour,region,task_type,actual_gpu_h,quantile_point_gpu_h,quantile_lower_95_gpu_h,quantile_upper_95_gpu_h
calibration_validation,2352,RegionA,RealTimeInference,36.1666666667,50.9727020654,0.0000000000,101.9454041309
calibration_validation,2352,RegionA,BatchInference,18.9000000000,116.7526698198,0.0000000000,233.5053396396
calibration_validation,2352,RegionA,AITraining,0.0000000000,376.1316173384,0.0000000000,752.2632346767
calibration_validation,2352,RegionB,RealTimeInference,0.0000000000,39.8888825567,0.0000000000,79.7777651134
calibration_validation,2352,RegionB,BatchInference,122.9333333333,110.3450218635,0.0000000000,220.6900437271
calibration_validation,2352,RegionB,AITraining,0.0000000000,304.2185481717,0.0000000000,608.4370963434
calibration_validation,2352,RegionC,RealTimeInference,27.6333333333,49.7142819960,0.0000000000,99.4285639921
calibration_validation,2352,RegionC,BatchInference,1.6666666667,87.1506316939,0.0000000000,174.3012633878
calibration_validation,2352,RegionC,AITraining,0.0000000000,252.3765089558,0.0000000000,504.7530179116
calibration_validation,2352,RegionD,RealTimeInference,0.0000000000,8.8660849549,0.0000000000,17.7321699098
calibration_validation,2352,RegionD,BatchInference,187.8666666667,129.8792315100,0.0000000000,259.7584630201
calibration_validation,2352,RegionD,AITraining,636.7166666667,969.5103246761,0.0000000000,1939.0206493523
calibration_validation,2352,RegionE,RealTimeInference,0.0000000000,13.6062329605,0.0000000000,27.2124659209
calibration_validation,2352,RegionE,BatchInference,0.0000000000,101.5345324308,0.0000000000,203.0690648616
calibration_validation,2352,RegionE,AITraining,766.0000000000,699.1075611888,0.0000000000,1398.2151223777
calibration_validation,2352,RegionF,RealTimeInference,0.0000000000,10.5103662228,0.0000000000,21.0207324456
calibration_validation,2352,RegionF,BatchInference,0.0000000000,113.2319219108,4.5909069189,221.8729369027
calibration_validation,2352,RegionF,AITraining,266.7000000000,694.4061148382,0.0000000000,1388.8122296765
calibration_validation,2353,RegionA,RealTimeInference,10.8666666667,56.9912114006,0.0000000000,113.9824228012
calibration_validation,2353,RegionA,BatchInference,107.4333333333,90.7885677757,0.0000000000,181.5771355514
calibration_validation,2353,RegionA,AITraining,0.0000000000,338.3477668210,0.0000000000,676.6955336419
calibration_validation,2353,RegionB,RealTimeInference,9.0000000000,43.4293658161,0.0000000000,86.8587316321
calibration_validation,2353,RegionB,BatchInference,0.0000000000,108.6947974654,0.0000000000,217.3895949308
calibration_validation,2353,RegionB,AITraining,0.0000000000,309.8558136340,0.0000000000,619.7116272679
calibration_validation,2353,RegionC,RealTimeInference,8.6666666667,42.2799864727,0.0000000000,84.5599729454
calibration_validation,2353,RegionC,BatchInference,10.1333333333,93.3266575524,0.0000000000,186.6533151048
calibration_validation,2353,RegionC,AITraining,56.4666666667,231.7644608357,0.0000000000,463.5289216714
calibration_validation,2353,RegionD,RealTimeInference,0.0000000000,8.0651494335,0.0000000000,16.1302988670
calibration_validation,2353,RegionD,BatchInference,244.8000000000,143.7616244155,0.0000000000,287.5232488310
calibration_validation,2353,RegionD,AITraining,957.0000000000,851.7675965171,0.0000000000,1703.5351930342
calibration_validation,2353,RegionE,RealTimeInference,0.0000000000,14.5986422098,0.0000000000,29.1972844196
calibration_validation,2353,RegionE,BatchInference,0.0000000000,95.5569884405,0.0000000000,191.1139768810
calibration_validation,2353,RegionE,AITraining,185.6166666667,759.8594220276,0.0000000000,1519.7188440551
calibration_validation,2353,RegionF,RealTimeInference,0.0000000000,12.0081178316,0.0000000000,24.0162356632
calibration_validation,2353,RegionF,BatchInference,191.9000000000,84.9495637719,0.0000000000,169.8991275437
calibration_validation,2353,RegionF,AITraining,259.6000000000,892.9494200371,22.3394849523,1763.5593551219
calibration_validation,2354,RegionA,RealTimeInference,26.4333333333,56.4092633786,0.0000000000,112.8185267573
calibration_validation,2354,RegionA,BatchInference,16.0666666667,125.0214827018,0.0000000000,250.0429654037
calibration_validation,2354,RegionA,AITraining,0.0000000000,323.5871908923,0.0000000000,647.1743817845
calibration_validation,2354,RegionB,RealTimeInference,17.5000000000,50.3234725809,0.0000000000,100.6469451619
calibration_validation,2354,RegionB,BatchInference,92.8500000000,113.8939897116,0.0000000000,227.7879794232
calibration_validation,2354,RegionB,AITraining,0.0000000000,346.8074910916,0.0000000000,693.6149821833
calibration_validation,2354,RegionC,RealTimeInference,15.4000000000,37.4914333298,0.0000000000,74.9828666596
calibration_validation,2354,RegionC,BatchInference,17.0333333333,95.1069448137,0.0000000000,190.2138896274
calibration_validation,2354,RegionC,AITraining,0.0000000000,277.8099309101,0.0000000000,555.6198618202
calibration_validation,2354,RegionD,RealTimeInference,0.0000000000,14.0163374165,0.0000000000,28.0326748330
calibration_validation,2354,RegionD,BatchInference,14.1333333333,118.1928817177,0.0000000000,236.3857634354
calibration_validation,2354,RegionD,AITraining,354.1166666667,916.8011656379,0.0000000000,1833.6023312757
calibration_validation,2354,RegionE,RealTimeInference,0.0000000000,13.5072558085,0.0000000000,27.0145116169
calibration_validation,2354,RegionE,BatchInference,0.0000000000,92.5029014802,0.0000000000,185.0058029605
calibration_validation,2354,RegionE,AITraining,440.0000000000,640.0173970110,0.0000000000,1280.0347940220
calibration_validation,2354,RegionF,RealTimeInference,0.0000000000,10.6471363763,0.0000000000,21.2942727526
calibration_validation,2354,RegionF,BatchInference,0.0000000000,84.9504748058,0.0000000000,169.9009496115
calibration_validation,2354,RegionF,AITraining,98.1666666667,787.4689151597,0.0000000000,1574.9378303194
calibration_validation,2355,RegionA,RealTimeInference,4.9333333333,51.9043584888,0.0000000000,103.8087169775
calibration_validation,2355,RegionA,BatchInference,123.7500000000,121.2815526710,0.0000000000,242.5631053420
calibration_validation,2355,RegionA,AITraining,0.0000000000,319.6987174834,0.0000000000,639.3974349668
calibration_validation,2355,RegionB,RealTimeInference,65.5666666667,42.8649536067,0.0000000000,85.7299072135
calibration_validation,2355,RegionB,BatchInference,57.7500000000,114.0291248835,0.0000000000,228.0582497670
calibration_validation,2355,RegionB,AITraining,0.0000000000,304.1118655950,0.0000000000,608.2237311899
calibration_validation,2355,RegionC,RealTimeInference,58.3333333333,52.5372504983,4.8893557766,100.1851452199
calibration_validation,2355,RegionC,BatchInference,81.4333333333,142.7982546259,0.0000000000,285.5965092518
calibration_validation,2355,RegionC,AITraining,0.0000000000,290.1005854428,0.0000000000,580.2011708855
calibration_validation,2355,RegionD,RealTimeInference,0.0000000000,12.3059120051,0.0000000000,24.6118240101
calibration_validation,2355,RegionD,BatchInference,132.9000000000,121.4755991458,0.0000000000,242.9511982917
calibration_validation,2355,RegionD,AITraining,592.4000000000,866.7515351156,0.0000000000,1733.5030702313
calibration_validation,2355,RegionE,RealTimeInference,0.0000000000,10.5717364425,0.0000000000,21.1434728851
calibration_validation,2355,RegionE,BatchInference,0.0000000000,92.3774247473,0.0000000000,184.7548494946
calibration_validation,2355,RegionE,AITraining,0.0000000000,643.0420023990,0.0000000000,1286.0840047981
calibration_validation,2355,RegionF,RealTimeInference,0.0000000000,10.6574058512,0.0000000000,21.3148117024
calibration_validation,2355,RegionF,BatchInference,0.0000000000,104.2138454229,6.1722758892,202.2554149567
calibration_validation,2355,RegionF,AITraining,760.7500000000,690.7085663702,0.0000000000,1381.4171327404
calibration_validation,2356,RegionA,RealTimeInference,51.1333333333,54.9989185082,0.0000000000,109.9978370163
calibration_validation,2356,RegionA,BatchInference,34.0000000000,125.6443582150,0.0000000000,251.2887164300
calibration_validation,2356,RegionA,AITraining,34.8333333333,312.1174468163,0.0000000000,624.2348936325
calibration_validation,2356,RegionB,RealTimeInference,46.7500000000,41.5894609655,0.0000000000,83.1789219310
calibration_validation,2356,RegionB,BatchInference,119.7000000000,108.1793552846,0.0000000000,216.3587105691
calibration_validation,2356,RegionB,AITraining,0.0000000000,296.9299405528,0.0000000000,593.8598811057
calibration_validation,2356,RegionC,RealTimeInference,65.0666666667,49.0977358292,0.0000000000,98.1954716584
calibration_validation,2356,RegionC,BatchInference,0.0000000000,82.1915831274,0.0000000000,164.3831662548
calibration_validation,2356,RegionC,AITraining,0.0000000000,323.0318502280,0.0000000000,646.0637004561
calibration_validation,2356,RegionD,RealTimeInference,0.0000000000,11.9135729094,0.0000000000,23.8271458188
calibration_validation,2356,RegionD,BatchInference,15.2500000000,127.5770854986,0.0000000000,255.1541709972
calibration_validation,2356,RegionD,AITraining,20.3166666667,890.3738798402,0.0000000000,1780.7477596803
calibration_validation,2356,RegionE,RealTimeInference,0.0000000000,14.0080063819,0.0000000000,28.0160127639
calibration_validation,2356,RegionE,BatchInference,11.8000000000,85.3959460552,0.0000000000,170.7918921105
calibration_validation,2356,RegionE,AITraining,151.0500000000,669.1746405118,0.0000000000,1338.3492810237
calibration_validation,2356,RegionF,RealTimeInference,0.0000000000,11.3954257159,0.0000000000,22.7908514318
calibration_validation,2356,RegionF,BatchInference,49.1000000000,78.6414139027,0.0000000000,157.2828278054
calibration_validation,2356,RegionF,AITraining,1431.7166666667,905.8635294991,0.0000000000,1811.7270589981
calibration_validation,2357,RegionA,RealTimeInference,36.6000000000,51.4990125387,0.0000000000,102.9980250773
calibration_validation,2357,RegionA,BatchInference,0.0000000000,134.4366084357,0.0000000000,268.8732168715
calibration_validation,2357,RegionA,AITraining,0.0000000000,339.8099612549,0.0000000000,679.6199225097
calibration_validation,2357,RegionB,RealTimeInference,54.5833333333,50.3288966051,0.0000000000,100.6577932102
calibration_validation,2357,RegionB,BatchInference,306.8666666667,113.3925507912,0.0000000000,226.7851015823
calibration_validation,2357,RegionB,AITraining,0.0000000000,310.4972953840,0.0000000000,620.9945907679
calibration_validation,2357,RegionC,RealTimeInference,75.8000000000,39.9162806232,0.0000000000,79.8325612465
calibration_validation,2357,RegionC,BatchInference,0.0000000000,85.8121580293,0.0000000000,171.6243160586
calibration_validation,2357,RegionC,AITraining,156.0000000000,298.6112001694,0.0000000000,597.2224003388
calibration_validation,2357,RegionD,RealTimeInference,0.0000000000,10.9673527129,0.0000000000,21.9347054259
calibration_validation,2357,RegionD,BatchInference,64.0000000000,163.5292094001,0.0000000000,327.0584188003
calibration_validation,2357,RegionD,AITraining,315.0000000000,879.5593073650,0.0000000000,1759.1186147299
calibration_validation,2357,RegionE,RealTimeInference,19.2000000000,14.9359555258,0.0000000000,29.8719110516
calibration_validation,2357,RegionE,BatchInference,40.8833333333,124.2320575200,0.0000000000,248.4641150400
calibration_validation,2357,RegionE,AITraining,124.8666666667,603.9147841765,0.0000000000,1207.8295683529
calibration_validation,2357,RegionF,RealTimeInference,0.0000000000,11.9459309464,0.0000000000,23.8918618927
calibration_validation,2357,RegionF,BatchInference,129.6666666667,81.5668135840,0.0000000000,163.1336271680
calibration_validation,2357,RegionF,AITraining,37.9166666667,716.8437592747,0.0000000000,1433.6875185494
calibration_validation,2358,RegionA,RealTimeInference,13.7500000000,55.7983760791,0.0000000000,111.5967521582
calibration_validation,2358,RegionA,BatchInference,108.5500000000,121.5705770319,0.0000000000,243.1411540638
calibration_validation,2358,RegionA,AITraining,0.0000000000,315.2726284862,9.5072304809,621.0380264915
calibration_validation,2358,RegionB,RealTimeInference,5.6000000000,41.0369771708,0.0000000000,82.0739543416
calibration_validation,2358,RegionB,BatchInference,0.0000000000,124.2320717945,0.0000000000,248.4641435891
calibration_validation,2358,RegionB,AITraining,13.3166666667,301.2194869512,0.0000000000,602.4389739024
calibration_validation,2358,RegionC,RealTimeInference,38.6000000000,51.5487954540,0.0000000000,103.0975909080
calibration_validation,2358,RegionC,BatchInference,18.5500000000,141.7676590387,0.0000000000,283.5353180774
calibration_validation,2358,RegionC,AITraining,0.0000000000,321.9479472730,3.8134749015,640.0824196445
calibration_validation,2358,RegionD,RealTimeInference,26.3000000000,11.1568913145,0.0000000000,22.3137826290
calibration_validation,2358,RegionD,BatchInference,10.7500000000,140.6242268415,0.0000000000,281.2484536829
calibration_validation,2358,RegionD,AITraining,863.2500000000,905.2428228278,0.0000000000,1810.4856456556
calibration_validation,2358,RegionE,RealTimeInference,0.0000000000,14.6891133423,0.0000000000,29.3782266846
calibration_validation,2358,RegionE,BatchInference,118.1333333333,104.8443849498,0.0000000000,209.6887698996
calibration_validation,2358,RegionE,AITraining,979.6333333333,743.7813238110,0.0000000000,1487.5626476220
calibration_validation,2358,RegionF,RealTimeInference,0.0000000000,11.0466525296,0.0000000000,22.0933050592
calibration_validation,2358,RegionF,BatchInference,23.8000000000,80.9172964234,0.0000000000,161.8345928467
calibration_validation,2358,RegionF,AITraining,128.8833333333,691.0000903218,0.0000000000,1382.0001806436
calibration_validation,2359,RegionA,RealTimeInference,28.5166666667,57.2753277375,0.0000000000,114.5506554749
calibration_validation,2359,RegionA,BatchInference,0.0000000000,147.0833646276,0.0000000000,294.1667292552
calibration_validation,2359,RegionA,AITraining,0.0000000000,352.4749305509,0.0000000000,704.9498611017
calibration_validation,2359,RegionB,RealTimeInference,46.9666666667,46.3771582476,0.0000000000,92.7543164951
calibration_validation,2359,RegionB,BatchInference,121.7000000000,103.0988700306,0.0000000000,206.1977400613
calibration_validation,2359,RegionB,AITraining,0.0000000000,306.1086256103,0.0000000000,612.2172512206
calibration_validation,2359,RegionC,RealTimeInference,10.5666666667,37.3232267054,0.0000000000,74.6464534107
calibration_validation,2359,RegionC,BatchInference,95.8000000000,74.3491836779,0.0000000000,148.6983673559
calibration_validation,2359,RegionC,AITraining,0.0000000000,300.7149660608,0.0000000000,601.4299321216
calibration_validation,2359,RegionD,RealTimeInference,0.0000000000,11.5541729792,0.0000000000,23.1083459584
calibration_validation,2359,RegionD,BatchInference,41.7833333333,125.4942718406,0.0000000000,250.9885436813
calibration_validation,2359,RegionD,AITraining,816.7833333333,1020.6634200083,0.0000000000,2041.3268400166
calibration_validation,2359,RegionE,RealTimeInference,0.0000000000,14.6193689886,0.0000000000,29.2387379771
calibration_validation,2359,RegionE,BatchInference,0.0000000000,101.0845135159,0.0000000000,202.1690270317
calibration_validation,2359,RegionE,AITraining,739.0000000000,667.4261017958,0.0000000000,1334.8522035917
calibration_validation,2359,RegionF,RealTimeInference,0.0000000000,10.1974117458,0.0000000000,20.3948234916
calibration_validation,2359,RegionF,BatchInference,0.0000000000,91.2585139747,0.0000000000,182.5170279495
calibration_validation,2359,RegionF,AITraining,1090.7333333333,790.0229959152,0.0000000000,1580.0459918303
calibration_validation,2360,RegionA,RealTimeInference,14.2333333333,50.8341815752,0.0000000000,101.6683631505
calibration_validation,2360,RegionA,BatchInference,58.9000000000,136.2965386882,0.0000000000,272.5930773764
calibration_validation,2360,RegionA,AITraining,0.0000000000,301.2871026364,0.0000000000,602.5742052727
calibration_validation,2360,RegionB,RealTimeInference,3.2333333333,40.7751498885,0.0000000000,81.5502997770
calibration_validation,2360,RegionB,BatchInference,16.8666666667,103.5054806446,0.0000000000,207.0109612892
calibration_validation,2360,RegionB,AITraining,0.0000000000,303.8199585760,1.9783136655,605.6616034864
calibration_validation,2360,RegionC,RealTimeInference,15.8000000000,31.7121360439,0.0000000000,63.4242720878
calibration_validation,2360,RegionC,BatchInference,56.7500000000,77.9211968437,0.0000000000,155.8423936875
calibration_validation,2360,RegionC,AITraining,108.3333333333,307.9417010030,0.0000000000,615.8834020061
calibration_validation,2360,RegionD,RealTimeInference,0.0000000000,11.3758352921,0.0000000000,22.7516705841
calibration_validation,2360,RegionD,BatchInference,0.0000000000,128.2159369872,0.0000000000,256.4318739743
calibration_validation,2360,RegionD,AITraining,330.8500000000,890.0359789280,0.0000000000,1780.0719578560
calibration_validation,2360,RegionE,RealTimeInference,0.8000000000,12.6968293318,0.0000000000,25.3936586636
calibration_validation,2360,RegionE,BatchInference,202.5166666667,94.5538962975,0.0000000000,189.1077925951
calibration_validation,2360,RegionE,AITraining,679.6666666667,784.0027453867,0.0000000000,1568.0054907735
calibration_validation,2360,RegionF,RealTimeInference,0.0000000000,12.0150800093,0.0000000000,24.0301600186
calibration_validation,2360,RegionF,BatchInference,16.5000000000,78.9088454125,0.0000000000,157.8176908249
calibration_validation,2360,RegionF,AITraining,739.4166666667,620.9807055815,0.0000000000,1241.9614111630
calibration_validation,2361,RegionA,RealTimeInference,5.7000000000,46.6348995108,0.0000000000,93.2697990217
calibration_validation,2361,RegionA,BatchInference,84.1500000000,132.6656361981,0.0000000000,265.3312723961
calibration_validation,2361,RegionA,AITraining,0.0000000000,417.2461813575,23.1701737325,811.3221889824
calibration_validation,2361,RegionB,RealTimeInference,12.6166666667,49.4863178401,0.0000000000,98.9726356802
calibration_validation,2361,RegionB,BatchInference,13.0500000000,112.1095455530,0.0000000000,224.2190911060
calibration_validation,2361,RegionB,AITraining,327.5000000000,298.3619837947,0.0000000000,596.7239675895
calibration_validation,2361,RegionC,RealTimeInference,10.3000000000,39.3235121398,0.0000000000,78.6470242796
calibration_validation,2361,RegionC,BatchInference,111.8333333333,155.6725035898,0.0000000000,311.3450071796
calibration_validation,2361,RegionC,AITraining,0.0000000000,281.1616350111,0.0000000000,562.3232700221
calibration_validation,2361,RegionD,RealTimeInference,0.0000000000,17.7737704853,0.0000000000,35.5475409706
calibration_validation,2361,RegionD,BatchInference,0.0000000000,125.4300532134,0.0000000000,250.8601064269
calibration_validation,2361,RegionD,AITraining,447.6000000000,897.9780068628,0.0000000000,1795.9560137257
calibration_validation,2361,RegionE,RealTimeInference,0.0000000000,15.2653233005,0.0000000000,30.5306466010
calibration_validation,2361,RegionE,BatchInference,10.4000000000,86.5485114724,0.0000000000,173.0970229447
calibration_validation,2361,RegionE,AITraining,1554.3833333333,753.1971408766,0.0000000000,1506.3942817532
calibration_validation,2361,RegionF,RealTimeInference,11.4333333333,11.7265816363,0.0000000000,23.4531632726
calibration_validation,2361,RegionF,BatchInference,74.1333333333,85.9290591865,0.0000000000,171.8581183730
calibration_validation,2361,RegionF,AITraining,445.2000000000,772.1175180175,0.0000000000,1544.2350360351
calibration_validation,2362,RegionA,RealTimeInference,7.7333333333,56.9061993784,0.0000000000,113.8123987568
calibration_validation,2362,RegionA,BatchInference,21.8333333333,124.1511165480,0.0000000000,248.3022330960
calibration_validation,2362,RegionA,AITraining,0.0000000000,334.6762985063,0.0000000000,669.3525970126
calibration_validation,2362,RegionB,RealTimeInference,55.1500000000,45.3840669797,0.0000000000,90.7681339593
calibration_validation,2362,RegionB,BatchInference,69.3166666667,148.1001533851,0.0000000000,296.2003067701
calibration_validation,2362,RegionB,AITraining,0.0000000000,300.2728074027,0.0000000000,600.5456148053
calibration_validation,2362,RegionC,RealTimeInference,25.9333333333,44.1182608984,0.0000000000,88.2365217969
calibration_validation,2362,RegionC,BatchInference,0.0000000000,83.6692411015,0.0000000000,167.3384822031
calibration_validation,2362,RegionC,AITraining,0.0000000000,282.9070213262,0.0000000000,565.8140426525
calibration_validation,2362,RegionD,RealTimeInference,10.4333333333,10.8355642664,0.0000000000,21.6711285328
calibration_validation,2362,RegionD,BatchInference,8.8666666667,120.8401287742,0.0000000000,241.6802575485
calibration_validation,2362,RegionD,AITraining,0.0000000000,876.2949079647,0.0000000000,1752.5898159293
calibration_validation,2362,RegionE,RealTimeInference,2.5666666667,15.6483608501,0.0000000000,31.2967217001
calibration_validation,2362,RegionE,BatchInference,63.7000000000,88.2825466479,0.0000000000,176.5650932957
calibration_validation,2362,RegionE,AITraining,931.7666666667,683.2203103137,0.0000000000,1366.4406206274
calibration_validation,2362,RegionF,RealTimeInference,15.9000000000,12.1265391288,0.0000000000,24.2530782575
calibration_validation,2362,RegionF,BatchInference,86.3333333333,80.4447261828,0.0000000000,160.8894523656
calibration_validation,2362,RegionF,AITraining,261.2166666667,886.2177464220,0.0000000000,1772.4354928439
calibration_validation,2363,RegionA,RealTimeInference,0.0000000000,50.5751553924,0.0000000000,101.1503107848
calibration_validation,2363,RegionA,BatchInference,76.6333333333,139.9879514476,0.0000000000,279.9759028952
calibration_validation,2363,RegionA,AITraining,0.0000000000,320.6504057675,0.0000000000,641.3008115350
calibration_validation,2363,RegionB,RealTimeInference,8.1000000000,50.6756394880,0.0000000000,101.3512789759
calibration_validation,2363,RegionB,BatchInference,49.5000000000,103.5254736666,0.0000000000,207.0509473333
calibration_validation,2363,RegionB,AITraining,440.0666666667,308.5012116421,0.0000000000,617.0024232842
calibration_validation,2363,RegionC,RealTimeInference,17.4833333333,42.5166897512,0.0000000000,85.0333795024
calibration_validation,2363,RegionC,BatchInference,0.0000000000,81.8870295861,0.0000000000,163.7740591722
calibration_validation,2363,RegionC,AITraining,0.0000000000,291.2024007859,4.2830931776,578.1217083942
calibration_validation,2363,RegionD,RealTimeInference,0.0000000000,11.2712284457,0.0000000000,22.5424568913
calibration_validation,2363,RegionD,BatchInference,69.1000000000,132.2761922500,0.0000000000,264.5523844999
calibration_validation,2363,RegionD,AITraining,25.0000000000,914.3725204332,0.0000000000,1828.7450408665
calibration_validation,2363,RegionE,RealTimeInference,0.0000000000,18.3552312491,0.0000000000,36.7104624983
calibration_validation,2363,RegionE,BatchInference,0.0000000000,140.6178692597,0.0000000000,281.2357385195
calibration_validation,2363,RegionE,AITraining,64.7833333333,678.8026842261,0.0000000000,1357.6053684523
calibration_validation,2363,RegionF,RealTimeInference,0.0000000000,12.3963167102,0.0000000000,24.7926334204
calibration_validation,2363,RegionF,BatchInference,0.0000000000,85.1789266538,0.0000000000,170.3578533075
calibration_validation,2363,RegionF,AITraining,183.3333333333,698.1058725876,0.0000000000,1396.2117451752
calibration_validation,2364,RegionA,RealTimeInference,11.4333333333,54.9223319980,0.0000000000,109.8446639960
calibration_validation,2364,RegionA,BatchInference,101.3666666667,127.3102608118,0.0000000000,254.6205216236
calibration_validation,2364,RegionA,AITraining,151.0833333333,370.9036981848,0.0000000000,741.8073963696
calibration_validation,2364,RegionB,RealTimeInference,46.2000000000,46.8593276057,0.0000000000,93.7186552114
calibration_validation,2364,RegionB,BatchInference,0.0000000000,129.1197578195,0.0000000000,258.2395156391
calibration_validation,2364,RegionB,AITraining,0.0000000000,291.8970142343,0.0000000000,583.7940284685
calibration_validation,2364,RegionC,RealTimeInference,26.1333333333,42.3807379743,0.0000000000,84.7614759486
calibration_validation,2364,RegionC,BatchInference,15.0000000000,86.9084862754,0.0000000000,173.8169725508
calibration_validation,2364,RegionC,AITraining,239.8000000000,317.9069644085,0.0000000000,635.8139288171
calibration_validation,2364,RegionD,RealTimeInference,0.0000000000,14.2225102704,0.0000000000,28.4450205409
calibration_validation,2364,RegionD,BatchInference,47.8333333333,154.6267111322,0.0000000000,309.2534222644
calibration_validation,2364,RegionD,AITraining,200.7500000000,907.5048140693,40.7135679267,1774.2960602118
calibration_validation,2364,RegionE,RealTimeInference,0.0000000000,16.9393032291,0.0000000000,33.8786064582
calibration_validation,2364,RegionE,BatchInference,181.3166666667,96.8377159384,0.0000000000,193.6754318768
calibration_validation,2364,RegionE,AITraining,0.0000000000,681.1551605947,0.0000000000,1362.3103211895
calibration_validation,2364,RegionF,RealTimeInference,0.0000000000,11.7406719729,0.0000000000,23.4813439458
calibration_validation,2364,RegionF,BatchInference,17.6166666667,85.3802288934,0.0000000000,170.7604577868
calibration_validation,2364,RegionF,AITraining,35.4000000000,864.0558343891,17.4071572970,1710.7045114811
calibration_validation,2365,RegionA,RealTimeInference,84.9500000000,47.6402147164,0.0000000000,95.2804294328
calibration_validation,2365,RegionA,BatchInference,0.0000000000,117.3511142583,0.0000000000,234.7022285166
calibration_validation,2365,RegionA,AITraining,0.0000000000,360.6994718786,0.0000000000,721.3989437572
calibration_validation,2365,RegionB,RealTimeInference,59.9333333333,42.1479735510,0.0000000000,84.2959471021
calibration_validation,2365,RegionB,BatchInference,22.6500000000,132.2621631686,0.0000000000,264.5243263372
calibration_validation,2365,RegionB,AITraining,344.1333333333,307.4441951801,0.0000000000,614.8883903602
calibration_validation,2365,RegionC,RealTimeInference,62.8666666667,52.8813465801,6.3059426421,99.4567505181
calibration_validation,2365,RegionC,BatchInference,50.7500000000,92.0059976251,0.0000000000,184.0119952502
calibration_validation,2365,RegionC,AITraining,0.0000000000,283.4665285173,0.0000000000,566.9330570345
calibration_validation,2365,RegionD,RealTimeInference,0.0000000000,15.2936590598,0.0000000000,30.5873181196
calibration_validation,2365,RegionD,BatchInference,292.5000000000,131.1157630077,0.0000000000,262.2315260153
calibration_validation,2365,RegionD,AITraining,129.0000000000,811.5917682652,0.0000000000,1623.1835365305
calibration_validation,2365,RegionE,RealTimeInference,0.0000000000,12.8477169406,0.0000000000,25.6954338812
calibration_validation,2365,RegionE,BatchInference,0.0000000000,95.9950104967,0.0000000000,191.9900209934
calibration_validation,2365,RegionE,AITraining,0.0000000000,575.0013629831,0.0000000000,1150.0027259662
calibration_validation,2365,RegionF,RealTimeInference,1.8333333333,11.7701729298,0.0000000000,23.5403458596
calibration_validation,2365,RegionF,BatchInference,0.0000000000,86.8719424886,0.0000000000,173.7438849772
calibration_validation,2365,RegionF,AITraining,783.5000000000,716.6669821763,0.0000000000,1433.3339643526
calibration_validation,2366,RegionA,RealTimeInference,46.1500000000,52.6163975539,0.0000000000,105.2327951078
calibration_validation,2366,RegionA,BatchInference,45.7333333333,120.1970438293,0.0000000000,240.3940876585
calibration_validation,2366,RegionA,AITraining,0.0000000000,321.8043623914,0.0000000000,643.6087247828
calibration_validation,2366,RegionB,RealTimeInference,51.7333333333,37.8621224047,0.0000000000,75.7242448094
calibration_validation,2366,RegionB,BatchInference,0.0000000000,101.7218433907,0.0000000000,203.4436867815
calibration_validation,2366,RegionB,AITraining,0.0000000000,282.7526890306,0.0000000000,565.5053780612
calibration_validation,2366,RegionC,RealTimeInference,39.0166666667,43.6454472527,0.0000000000,87.2908945055
calibration_validation,2366,RegionC,BatchInference,14.9333333333,88.9200942354,0.0000000000,177.8401884708
calibration_validation,2366,RegionC,AITraining,260.2500000000,282.4643389604,0.0000000000,564.9286779209
calibration_validation,2366,RegionD,RealTimeInference,0.0000000000,13.0183910099,0.0000000000,26.0367820198
calibration_validation,2366,RegionD,BatchInference,93.1333333333,125.9202451507,0.0000000000,251.8404903015
calibration_validation,2366,RegionD,AITraining,416.0666666667,937.1144526149,0.0000000000,1874.2289052297
calibration_validation,2366,RegionE,RealTimeInference,0.0000000000,16.5483996065,0.0000000000,33.0967992130
calibration_validation,2366,RegionE,BatchInference,34.8333333333,105.6708753108,0.0000000000,211.3417506217
calibration_validation,2366,RegionE,AITraining,0.0000000000,645.2377289063,0.0000000000,1290.4754578127
calibration_validation,2366,RegionF,RealTimeInference,0.0000000000,13.2067101840,0.0000000000,26.4134203679
calibration_validation,2366,RegionF,BatchInference,0.0000000000,78.7070048573,0.0000000000,157.4140097147
calibration_validation,2366,RegionF,AITraining,719.4000000000,772.9035955045,0.0000000000,1545.8071910089
calibration_validation,2367,RegionA,RealTimeInference,73.7666666667,51.2675627068,0.0000000000,102.5351254137
calibration_validation,2367,RegionA,BatchInference,4.0500000000,126.9567837571,0.0000000000,253.9135675141
calibration_validation,2367,RegionA,AITraining,0.0000000000,319.9245505681,0.0000000000,639.8491011361
calibration_validation,2367,RegionB,RealTimeInference,16.0833333333,35.2812665378,0.0000000000,70.5625330755
calibration_validation,2367,RegionB,BatchInference,0.0000000000,114.7255264192,0.0000000000,229.4510528383
calibration_validation,2367,RegionB,AITraining,253.9833333333,298.8497391702,0.0000000000,597.6994783405
calibration_validation,2367,RegionC,RealTimeInference,0.0000000000,38.6070698099,0.0000000000,77.2141396198
calibration_validation,2367,RegionC,BatchInference,75.3333333333,88.1701846656,0.0000000000,176.3403693311
calibration_validation,2367,RegionC,AITraining,0.0000000000,276.7211561856,0.0000000000,553.4423123712
calibration_validation,2367,RegionD,RealTimeInference,0.0000000000,13.3670904290,0.0000000000,26.7341808581
calibration_validation,2367,RegionD,BatchInference,11.2500000000,141.6553430159,0.0000000000,283.3106860317
calibration_validation,2367,RegionD,AITraining,816.3500000000,888.5007688403,0.0000000000,1777.0015376805
calibration_validation,2367,RegionE,RealTimeInference,28.1166666667,18.9045753900,0.0000000000,37.8091507801
calibration_validation,2367,RegionE,BatchInference,46.3333333333,90.6548450983,0.0000000000,181.3096901966
calibration_validation,2367,RegionE,AITraining,386.8333333333,692.2152289091,0.0000000000,1384.4304578181
calibration_validation,2367,RegionF,RealTimeInference,0.0000000000,13.6006073551,0.0000000000,27.2012147103
calibration_validation,2367,RegionF,BatchInference,13.8666666667,77.7637913498,0.0000000000,155.5275826996
calibration_validation,2367,RegionF,AITraining,613.6666666667,671.0851629394,0.0000000000,1342.1703258787
calibration_validation,2368,RegionA,RealTimeInference,32.8500000000,61.0861156229,0.0000000000,122.1722312457
calibration_validation,2368,RegionA,BatchInference,0.0000000000,146.8749284012,0.0000000000,293.7498568023
calibration_validation,2368,RegionA,AITraining,0.0000000000,316.0760961033,0.0000000000,632.1521922066
calibration_validation,2368,RegionB,RealTimeInference,38.4666666667,37.8793632558,0.0000000000,75.7587265116
calibration_validation,2368,RegionB,BatchInference,0.0000000000,117.3089776317,0.0000000000,234.6179552635
calibration_validation,2368,RegionB,AITraining,82.8666666667,296.0220600153,0.0000000000,592.0441200306
calibration_validation,2368,RegionC,RealTimeInference,11.5000000000,42.7627543414,0.0000000000,85.5255086829
calibration_validation,2368,RegionC,BatchInference,29.0000000000,90.7507471245,0.0000000000,181.5014942490
calibration_validation,2368,RegionC,AITraining,0.0000000000,252.1571047548,0.0000000000,504.3142095096
calibration_validation,2368,RegionD,RealTimeInference,0.0000000000,13.0195304802,0.0000000000,26.0390609604
calibration_validation,2368,RegionD,BatchInference,170.3000000000,152.2651305325,0.0000000000,304.5302610651
calibration_validation,2368,RegionD,AITraining,1056.6833333333,903.3974575120,0.0000000000,1806.7949150239
calibration_validation,2368,RegionE,RealTimeInference,0.0000000000,21.8227928738,0.0000000000,43.6455857477
calibration_validation,2368,RegionE,BatchInference,95.5000000000,91.0084843628,0.0000000000,182.0169687256
calibration_validation,2368,RegionE,AITraining,981.0166666667,711.2117988712,0.0000000000,1422.4235977425
calibration_validation,2368,RegionF,RealTimeInference,0.0000000000,13.9991616450,0.0000000000,27.9983232900
calibration_validation,2368,RegionF,BatchInference,62.6166666667,90.7993906242,0.0000000000,181.5987812484
calibration_validation,2368,RegionF,AITraining,0.0000000000,712.3303037155,0.0000000000,1424.6606074310
calibration_validation,2369,RegionA,RealTimeInference,36.8333333333,47.1068905059,0.0000000000,94.2137810118
calibration_validation,2369,RegionA,BatchInference,37.6833333333,130.7482791320,0.0000000000,261.4965582640
calibration_validation,2369,RegionA,AITraining,72.0000000000,513.7304806977,73.7964686003,953.6644927950
calibration_validation,2369,RegionB,RealTimeInference,23.6666666667,170.2954651926,0.0000000000,340.5909303852
calibration_validation,2369,RegionB,BatchInference,0.0000000000,109.1292274213,0.0000000000,218.2584548426
calibration_validation,2369,RegionB,AITraining,459.1666666667,297.5508867844,0.0000000000,595.1017735687
calibration_validation,2369,RegionC,RealTimeInference,14.2000000000,45.3491241532,0.4431519354,90.2550963709
calibration_validation,2369,RegionC,BatchInference,0.0000000000,91.8123972853,0.0000000000,183.6247945707
calibration_validation,2369,RegionC,AITraining,0.0000000000,275.0699299560,0.0000000000,550.1398599120
calibration_validation,2369,RegionD,RealTimeInference,0.0000000000,10.0755268423,0.1272478428,20.0238058417
calibration_validation,2369,RegionD,BatchInference,0.0000000000,143.4981277584,0.0000000000,286.9962555167
calibration_validation,2369,RegionD,AITraining,90.6500000000,905.8310284769,0.0000000000,1811.6620569538
calibration_validation,2369,RegionE,RealTimeInference,0.0000000000,11.6623267538,4.6667259221,18.6579275856
calibration_validation,2369,RegionE,BatchInference,47.3000000000,94.9980116685,0.0000000000,189.9960233371
calibration_validation,2369,RegionE,AITraining,1362.7833333333,713.3867988712,0.0000000000,1426.7735977425
calibration_validation,2369,RegionF,RealTimeInference,0.0000000000,14.0759463192,0.0000000000,28.1518926384
calibration_validation,2369,RegionF,BatchInference,0.0000000000,98.0805702294,14.9860482137,181.1750922452
calibration_validation,2369,RegionF,AITraining,1781.8833333333,850.1868810938,0.0000000000,1700.3737621876
calibration_validation,2370,RegionA,RealTimeInference,25.3333333333,58.0434702707,0.0000000000,116.0869405414
calibration_validation,2370,RegionA,BatchInference,49.3333333333,121.9201053780,0.0000000000,243.8402107559
calibration_validation,2370,RegionA,AITraining,278.7333333333,225.5954703534,0.0000000000,451.1909407067
calibration_validation,2370,RegionB,RealTimeInference,0.0000000000,45.7476739333,0.0000000000,91.4953478665
calibration_validation,2370,RegionB,BatchInference,12.6666666667,100.8494417512,0.0000000000,201.6988835024
calibration_validation,2370,RegionB,AITraining,0.0000000000,297.2098216474,0.0000000000,594.4196432949
calibration_validation,2370,RegionC,RealTimeInference,15.7333333333,42.9915551084,0.0000000000,85.9831102167
calibration_validation,2370,RegionC,BatchInference,0.0000000000,88.4724189608,0.0000000000,176.9448379217
calibration_validation,2370,RegionC,AITraining,0.0000000000,274.7856616190,0.0000000000,549.5713232380
calibration_validation,2370,RegionD,RealTimeInference,0.0000000000,15.8867037847,0.0000000000,31.7734075694
calibration_validation,2370,RegionD,BatchInference,103.7000000000,137.5051613863,0.0000000000,275.0103227725
calibration_validation,2370,RegionD,AITraining,230.9500000000,897.2210172176,0.0000000000,1794.4420344353
calibration_validation,2370,RegionE,RealTimeInference,7.1000000000,11.8110840398,0.0014336714,23.6207344082
calibration_validation,2370,RegionE,BatchInference,0.0000000000,97.7049073719,0.0000000000,195.4098147439
calibration_validation,2370,RegionE,AITraining,110.4000000000,679.7703189123,0.0000000000,1359.5406378247
calibration_validation,2370,RegionF,RealTimeInference,0.0000000000,12.5808739796,0.0000000000,25.1617479592
calibration_validation,2370,RegionF,BatchInference,0.0000000000,76.9656431997,0.0000000000,153.9312863994
calibration_validation,2370,RegionF,AITraining,629.2333333333,703.7063094944,0.0000000000,1407.4126189888
calibration_validation,2371,RegionA,RealTimeInference,56.1000000000,125.5023558652,0.0000000000,251.0047117305
calibration_validation,2371,RegionA,BatchInference,85.1333333333,146.9953207232,0.0000000000,293.9906414465
calibration_validation,2371,RegionA,AITraining,0.0000000000,396.7006911071,0.0000000000,793.4013822142
calibration_validation,2371,RegionB,RealTimeInference,30.8000000000,45.4907339137,0.0000000000,90.9814678274
calibration_validation,2371,RegionB,BatchInference,27.0666666667,101.4390228583,0.0000000000,202.8780457167
calibration_validation,2371,RegionB,AITraining,0.0000000000,219.9559162435,8.5058025292,431.4060299578
calibration_validation,2371,RegionC,RealTimeInference,10.3500000000,37.9417882228,0.0000000000,75.8835764457
calibration_validation,2371,RegionC,BatchInference,0.0000000000,83.6415850884,0.0000000000,167.2831701768
calibration_validation,2371,RegionC,AITraining,641.6166666667,215.5384709270,0.0000000000,431.0769418540
calibration_validation,2371,RegionD,RealTimeInference,0.0000000000,14.9199287003,0.0000000000,29.8398574005
calibration_validation,2371,RegionD,BatchInference,127.2666666667,139.3428286383,0.0000000000,278.6856572766
calibration_validation,2371,RegionD,AITraining,1027.3000000000,1020.3468443806,0.0000000000,2040.6936887612
calibration_validation,2371,RegionE,RealTimeInference,0.0000000000,19.8004994108,0.0000000000,39.6009988216
calibration_validation,2371,RegionE,BatchInference,0.0000000000,83.7219394376,0.0000000000,167.4438788752
calibration_validation,2371,RegionE,AITraining,66.7000000000,768.5345352824,0.0000000000,1537.0690705649
calibration_validation,2371,RegionF,RealTimeInference,0.0000000000,14.8844211049,0.0000000000,29.7688422097
calibration_validation,2371,RegionF,BatchInference,71.3000000000,87.0468710210,0.0000000000,174.0937420419
calibration_validation,2371,RegionF,AITraining,356.5333333333,850.1950907351,0.0000000000,1700.3901814702
calibration_validation,2372,RegionA,RealTimeInference,0.0000000000,47.6332337851,0.0000000000,95.2664675701
calibration_validation,2372,RegionA,BatchInference,0.0000000000,123.2080388538,0.0000000000,246.4160777076
calibration_validation,2372,RegionA,AITraining,0.0000000000,226.2457967701,0.0000000000,452.4915935402
calibration_validation,2372,RegionB,RealTimeInference,71.4666666667,46.2078923621,0.0000000000,92.4157847242
calibration_validation,2372,RegionB,BatchInference,269.8666666667,122.5613514335,0.0000000000,245.1227028669
calibration_validation,2372,RegionB,AITraining,0.0000000000,252.1328963869,0.0000000000,504.2657927737
calibration_validation,2372,RegionC,RealTimeInference,0.0000000000,84.5703138339,0.0000000000,169.1406276677
calibration_validation,2372,RegionC,BatchInference,30.0333333333,96.7232186580,0.0000000000,193.4464373160
calibration_validation,2372,RegionC,AITraining,0.0000000000,275.5951939180,0.0000000000,551.1903878360
calibration_validation,2372,RegionD,RealTimeInference,0.0000000000,13.4608602688,0.0000000000,26.9217205376
calibration_validation,2372,RegionD,BatchInference,37.8166666667,126.7991800408,0.0000000000,253.5983600816
calibration_validation,2372,RegionD,AITraining,458.8000000000,901.2081809744,0.0000000000,1802.4163619488
calibration_validation,2372,RegionE,RealTimeInference,0.0000000000,10.9731140034,0.0014336714,21.9447943354
calibration_validation,2372,RegionE,BatchInference,0.0000000000,98.8921963802,0.0000000000,197.7843927604
calibration_validation,2372,RegionE,AITraining,0.0000000000,832.5552087571,0.0000000000,1665.1104175141
calibration_validation,2372,RegionF,RealTimeInference,14.6666666667,14.1441498236,0.0000000000,28.2882996471
calibration_validation,2372,RegionF,BatchInference,36.2666666667,84.8713770860,0.0000000000,169.7427541721
calibration_validation,2372,RegionF,AITraining,237.8166666667,769.7475294178,0.0000000000,1539.4950588357
calibration_validation,2373,RegionA,RealTimeInference,9.8666666667,49.9437555745,0.0000000000,99.8875111490
calibration_validation,2373,RegionA,BatchInference,75.6000000000,119.0201882799,0.0000000000,238.0403765597
calibration_validation,2373,RegionA,AITraining,0.0000000000,230.2511909999,0.0000000000,460.5023819998
calibration_validation,2373,RegionB,RealTimeInference,77.2500000000,43.0202778466,0.0000000000,86.0405556933
calibration_validation,2373,RegionB,BatchInference,0.0000000000,120.1841354204,0.0000000000,240.3682708409
calibration_validation,2373,RegionB,AITraining,0.0000000000,247.2160540702,0.0000000000,494.4321081404
calibration_validation,2373,RegionC,RealTimeInference,51.1833333333,38.4133407087,0.0000000000,76.8266814174
calibration_validation,2373,RegionC,BatchInference,0.0000000000,86.3547022854,0.0000000000,172.7094045708
calibration_validation,2373,RegionC,AITraining,0.0000000000,144.4073093486,0.0000000000,288.8146186972
calibration_validation,2373,RegionD,RealTimeInference,0.0000000000,12.3059187603,0.0000000000,24.6118375206
calibration_validation,2373,RegionD,BatchInference,66.5000000000,120.6443920719,0.0000000000,241.2887841438
calibration_validation,2373,RegionD,AITraining,641.6500000000,959.5399751450,0.0000000000,1919.0799502900
calibration_validation,2373,RegionE,RealTimeInference,9.6666666667,9.8926058528,0.0014336714,19.7837780342
calibration_validation,2373,RegionE,BatchInference,58.9333333333,91.1025924475,0.0000000000,182.2051848949
calibration_validation,2373,RegionE,AITraining,90.8833333333,1002.2435916363,0.0000000000,2004.4871832725
calibration_validation,2373,RegionF,RealTimeInference,0.0000000000,15.3029937540,0.0000000000,30.6059875081
calibration_validation,2373,RegionF,BatchInference,52.2000000000,85.8290039828,0.0000000000,171.6580079655
calibration_validation,2373,RegionF,AITraining,615.8333333333,836.1155815776,0.0000000000,1672.2311631551
calibration_validation,2374,RegionA,RealTimeInference,0.0000000000,48.2696558481,0.0000000000,96.5393116963
calibration_validation,2374,RegionA,BatchInference,12.0000000000,189.4502948651,0.0000000000,378.9005897302
calibration_validation,2374,RegionA,AITraining,216.5000000000,282.3757214336,0.0000000000,564.7514428671
calibration_validation,2374,RegionB,RealTimeInference,46.1333333333,40.6519296295,0.0000000000,81.3038592590
calibration_validation,2374,RegionB,BatchInference,8.3333333333,111.9877238972,0.0000000000,223.9754477943
calibration_validation,2374,RegionB,AITraining,138.0000000000,193.2597577990,0.4679988623,386.0515167357
calibration_validation,2374,RegionC,RealTimeInference,0.0000000000,73.0165947386,0.0000000000,146.0331894771
calibration_validation,2374,RegionC,BatchInference,10.4166666667,115.6408634154,0.0000000000,231.2817268308
calibration_validation,2374,RegionC,AITraining,0.0000000000,278.2418748171,0.0000000000,556.4837496343
calibration_validation,2374,RegionD,RealTimeInference,0.0000000000,6.8602894696,0.0233628969,13.6972160422
calibration_validation,2374,RegionD,BatchInference,103.1666666667,121.0929504153,0.0000000000,242.1859008306
calibration_validation,2374,RegionD,AITraining,189.5833333333,1004.9820757049,0.0000000000,2009.9641514099
calibration_validation,2374,RegionE,RealTimeInference,0.0000000000,12.1860483014,0.0014336714,24.3706629314
calibration_validation,2374,RegionE,BatchInference,72.4000000000,91.9338939353,0.0000000000,183.8677878707
calibration_validation,2374,RegionE,AITraining,1006.6500000000,703.3764344756,0.0000000000,1406.7528689513
calibration_validation,2374,RegionF,RealTimeInference,0.0000000000,14.8952617781,0.0000000000,29.7905235563
calibration_validation,2374,RegionF,BatchInference,27.0666666667,87.3614334089,0.0000000000,174.7228668179
calibration_validation,2374,RegionF,AITraining,185.1666666667,710.0170902206,0.0000000000,1420.0341804413
calibration_validation,2375,RegionA,RealTimeInference,25.7666666667,47.4933861954,0.0000000000,94.9867723908
calibration_validation,2375,RegionA,BatchInference,145.4000000000,128.6882941888,0.0000000000,257.3765883775
calibration_validation,2375,RegionA,AITraining,18.2000000000,292.1440588061,0.0000000000,584.2881176123
calibration_validation,2375,RegionB,RealTimeInference,8.6000000000,43.9404396791,0.0000000000,87.8808793581
calibration_validation,2375,RegionB,BatchInference,0.0000000000,318.9296883701,0.0000000000,637.8593767401
calibration_validation,2375,RegionB,AITraining,305.0000000000,183.8585947601,0.0000000000,367.7171895203
calibration_validation,2375,RegionC,RealTimeInference,9.6666666667,121.4174760803,0.0000000000,242.8349521606
calibration_validation,2375,RegionC,BatchInference,13.3333333333,134.7397885284,0.0000000000,269.4795770567
calibration_validation,2375,RegionC,AITraining,0.0000000000,299.3923314861,0.0000000000,598.7846629722
calibration_validation,2375,RegionD,RealTimeInference,0.0000000000,6.7661813729,0.0233628969,13.5089998488
calibration_validation,2375,RegionD,BatchInference,0.0000000000,478.2150940418,0.0000000000,956.4301880835
calibration_validation,2375,RegionD,AITraining,33.4833333333,715.3924206210,0.0000000000,1430.7848412420
calibration_validation,2375,RegionE,RealTimeInference,0.0000000000,10.4857257230,0.0014336714,20.9700177746
calibration_validation,2375,RegionE,BatchInference,96.5333333333,258.2049214839,0.0000000000,516.4098429677
calibration_validation,2375,RegionE,AITraining,248.9333333333,1001.0716219702,0.0000000000,2002.1432439404
calibration_validation,2375,RegionF,RealTimeInference,5.0833333333,13.5814865893,0.0000000000,27.1629731786
calibration_validation,2375,RegionF,BatchInference,23.5666666667,367.2665446987,0.0000000000,734.5330893975
calibration_validation,2375,RegionF,AITraining,0.0000000000,686.1883201231,0.0000000000,1372.3766402462
blind_test,2376,RegionA,RealTimeInference,7.7500000000,55.2818208534,0.0000000000,110.5636417069
blind_test,2376,RegionA,BatchInference,13.5666666667,125.6167913850,0.0000000000,251.2335827700
blind_test,2376,RegionA,AITraining,0.0000000000,396.3648144180,0.0000000000,792.7296288360
blind_test,2376,RegionB,RealTimeInference,26.8166666667,47.8036644402,0.0000000000,95.6073288803
blind_test,2376,RegionB,BatchInference,165.0166666667,124.2009408307,0.0000000000,248.4018816614
blind_test,2376,RegionB,AITraining,0.0000000000,296.9368141210,0.0000000000,593.8736282420
blind_test,2376,RegionC,RealTimeInference,23.3500000000,45.7055640575,1.7778187541,89.6333093609
blind_test,2376,RegionC,BatchInference,0.0000000000,84.7190676748,0.0000000000,169.4381353497
blind_test,2376,RegionC,AITraining,0.0000000000,295.8543263014,0.0000000000,591.7086526028
blind_test,2376,RegionD,RealTimeInference,0.0000000000,11.7967757190,0.0000000000,23.5935514379
blind_test,2376,RegionD,BatchInference,62.3333333333,126.4256162063,0.0000000000,252.8512324125
blind_test,2376,RegionD,AITraining,174.5333333333,1125.8792026932,0.0000000000,2251.7584053863
blind_test,2376,RegionE,RealTimeInference,0.0000000000,13.3721656855,0.0000000000,26.7443313710
blind_test,2376,RegionE,BatchInference,18.0000000000,93.6710694770,0.0000000000,187.3421389540
blind_test,2376,RegionE,AITraining,455.1000000000,764.8472131955,0.0000000000,1529.6944263910
blind_test,2376,RegionF,RealTimeInference,0.0000000000,11.7591049587,0.0000000000,23.5182099173
blind_test,2376,RegionF,BatchInference,95.2000000000,83.1102960189,0.0000000000,166.2205920378
blind_test,2376,RegionF,AITraining,505.7666666667,685.1491569736,0.0000000000,1370.2983139472
blind_test,2377,RegionA,RealTimeInference,96.4833333333,53.8391026928,0.0000000000,107.6782053856
blind_test,2377,RegionA,BatchInference,102.6666666667,123.6686279366,0.0000000000,247.3372558733
blind_test,2377,RegionA,AITraining,0.0000000000,334.5210881540,0.0000000000,669.0421763079
blind_test,2377,RegionB,RealTimeInference,20.8166666667,43.1539284192,0.0000000000,86.3078568384
blind_test,2377,RegionB,BatchInference,19.1333333333,105.9112736342,0.0000000000,211.8225472685
blind_test,2377,RegionB,AITraining,0.0000000000,311.3087085579,0.0000000000,622.6174171157
blind_test,2377,RegionC,RealTimeInference,5.8666666667,43.0085412163,0.0000000000,86.0170824326
blind_test,2377,RegionC,BatchInference,0.0000000000,94.2883936944,0.0000000000,188.5767873888
blind_test,2377,RegionC,AITraining,399.6666666667,290.6977781981,0.0000000000,581.3955563962
blind_test,2377,RegionD,RealTimeInference,0.0000000000,9.4288968979,0.0000000000,18.8577937957
blind_test,2377,RegionD,BatchInference,0.0000000000,127.6928122748,0.0000000000,255.3856245496
blind_test,2377,RegionD,AITraining,511.7833333333,869.4086288363,0.0000000000,1738.8172576727
blind_test,2377,RegionE,RealTimeInference,5.0833333333,16.1303508742,0.0000000000,32.2607017484
blind_test,2377,RegionE,BatchInference,255.4000000000,92.9872479892,0.0000000000,185.9744959784
blind_test,2377,RegionE,AITraining,1393.3166666667,725.8058004529,0.0000000000,1451.6116009058
blind_test,2377,RegionF,RealTimeInference,8.3333333333,11.5529959278,0.0000000000,23.1059918555
blind_test,2377,RegionF,BatchInference,0.0000000000,77.5745402538,0.0000000000,155.1490805075
blind_test,2377,RegionF,AITraining,1827.4833333333,685.6749857393,0.0000000000,1371.3499714786
blind_test,2378,RegionA,RealTimeInference,17.5000000000,55.0389824829,0.0000000000,110.0779649657
blind_test,2378,RegionA,BatchInference,0.0000000000,121.1963321818,0.0000000000,242.3926643637
blind_test,2378,RegionA,AITraining,0.0000000000,324.2807284592,0.0000000000,648.5614569184
blind_test,2378,RegionB,RealTimeInference,14.3166666667,48.2464599938,0.0000000000,96.4929199877
blind_test,2378,RegionB,BatchInference,80.1000000000,107.9961818996,0.0000000000,215.9923637992
blind_test,2378,RegionB,AITraining,0.0000000000,306.7987714333,0.0000000000,613.5975428666
blind_test,2378,RegionC,RealTimeInference,0.0000000000,43.2705237765,0.1850348544,86.3560126986
blind_test,2378,RegionC,BatchInference,56.3500000000,84.8957829914,0.0000000000,169.7915659829
blind_test,2378,RegionC,AITraining,90.9500000000,251.9309230331,0.0000000000,503.8618460661
blind_test,2378,RegionD,RealTimeInference,0.0000000000,10.7615935308,0.0000000000,21.5231870616
blind_test,2378,RegionD,BatchInference,27.2166666667,167.9790705754,0.0000000000,335.9581411508
blind_test,2378,RegionD,AITraining,289.9500000000,862.4812178603,0.0000000000,1724.9624357206
blind_test,2378,RegionE,RealTimeInference,0.9333333333,15.2871017902,0.0000000000,30.5742035804
blind_test,2378,RegionE,BatchInference,112.3500000000,93.3199354624,0.0000000000,186.6398709248
blind_test,2378,RegionE,AITraining,567.8666666667,790.4961824744,5.7665161448,1575.2258488040
blind_test,2378,RegionF,RealTimeInference,0.0000000000,10.8105554666,0.0000000000,21.6211109331
blind_test,2378,RegionF,BatchInference,18.1500000000,106.7741596937,0.0000000000,213.5483193873
blind_test,2378,RegionF,AITraining,1315.1000000000,670.3918681106,0.0000000000,1340.7837362212
blind_test,2379,RegionA,RealTimeInference,33.0833333333,70.2626728367,1.0399775202,139.4853681533
blind_test,2379,RegionA,BatchInference,148.8333333333,124.8063438944,0.0000000000,249.6126877888
blind_test,2379,RegionA,AITraining,0.0000000000,319.9177190147,0.0000000000,639.8354380295
blind_test,2379,RegionB,RealTimeInference,6.4000000000,46.1701263033,0.0000000000,92.3402526066
blind_test,2379,RegionB,BatchInference,56.2500000000,109.4512524122,0.0000000000,218.9025048245
blind_test,2379,RegionB,AITraining,0.0000000000,435.0940945610,0.0000000000,870.1881891220
blind_test,2379,RegionC,RealTimeInference,0.0000000000,40.3459059822,0.0000000000,80.6918119645
blind_test,2379,RegionC,BatchInference,135.1166666667,96.4483248233,0.0000000000,192.8966496465
blind_test,2379,RegionC,AITraining,0.0000000000,285.4492984260,0.0000000000,570.8985968520
blind_test,2379,RegionD,RealTimeInference,29.1000000000,11.5950660462,0.0000000000,23.1901320924
blind_test,2379,RegionD,BatchInference,64.1666666667,126.8177451660,0.0000000000,253.6354903319
blind_test,2379,RegionD,AITraining,1301.0666666667,850.7889456658,15.1742275546,1686.4036637770
blind_test,2379,RegionE,RealTimeInference,0.0000000000,14.0248943499,0.0000000000,28.0497886997
blind_test,2379,RegionE,BatchInference,0.0000000000,91.8601972404,0.0000000000,183.7203944808
blind_test,2379,RegionE,AITraining,78.1666666667,760.9453642216,0.0000000000,1521.8907284433
blind_test,2379,RegionF,RealTimeInference,0.0000000000,10.8730303582,0.0000000000,21.7460607163
blind_test,2379,RegionF,BatchInference,38.7000000000,83.8986907097,0.0000000000,167.7973814194
blind_test,2379,RegionF,AITraining,93.5000000000,807.2897021770,0.0000000000,1614.5794043541
blind_test,2380,RegionA,RealTimeInference,0.0000000000,50.7128624032,0.0000000000,101.4257248063
blind_test,2380,RegionA,BatchInference,0.0000000000,125.2469463792,0.0000000000,250.4938927584
blind_test,2380,RegionA,AITraining,349.7333333333,296.6169856142,0.0000000000,593.2339712284
blind_test,2380,RegionB,RealTimeInference,15.7500000000,42.7444960892,0.0000000000,85.4889921784
blind_test,2380,RegionB,BatchInference,53.8333333333,91.8683429333,0.0000000000,183.7366858666
blind_test,2380,RegionB,AITraining,428.5000000000,405.5836793087,0.0000000000,811.1673586174
blind_test,2380,RegionC,RealTimeInference,70.1333333333,40.9628258655,0.0000000000,81.9256517309
blind_test,2380,RegionC,BatchInference,40.7000000000,80.1175141759,0.0000000000,160.2350283519
blind_test,2380,RegionC,AITraining,0.0000000000,281.9911748148,0.0000000000,563.9823496295
blind_test,2380,RegionD,RealTimeInference,0.0000000000,13.7426990544,0.0000000000,27.4853981089
blind_test,2380,RegionD,BatchInference,117.3333333333,135.0774673884,0.0000000000,270.1549347769
blind_test,2380,RegionD,AITraining,111.9833333333,974.1291172555,0.0000000000,1948.2582345111
blind_test,2380,RegionE,RealTimeInference,0.0000000000,14.5838103943,0.0000000000,29.1676207886
blind_test,2380,RegionE,BatchInference,77.0000000000,92.4262556982,0.0000000000,184.8525113963
blind_test,2380,RegionE,AITraining,170.3333333333,701.0473590910,0.0000000000,1402.0947181819
blind_test,2380,RegionF,RealTimeInference,0.0000000000,10.8441699372,0.0000000000,21.6883398744
blind_test,2380,RegionF,BatchInference,27.7333333333,86.0134118735,0.0000000000,172.0268237470
blind_test,2380,RegionF,AITraining,796.4000000000,788.2287981401,0.0000000000,1576.4575962801
blind_test,2381,RegionA,RealTimeInference,46.0833333333,49.9954021230,0.0000000000,99.9908042461
blind_test,2381,RegionA,BatchInference,126.3666666667,123.2168531921,0.0000000000,246.4337063842
blind_test,2381,RegionA,AITraining,0.0000000000,353.3207601197,0.0000000000,706.6415202394
blind_test,2381,RegionB,RealTimeInference,14.2333333333,43.1716673529,0.0000000000,86.3433347057
blind_test,2381,RegionB,BatchInference,16.8666666667,85.1338086453,0.0000000000,170.2676172905
blind_test,2381,RegionB,AITraining,433.1000000000,308.9862815961,0.0000000000,617.9725631922
blind_test,2381,RegionC,RealTimeInference,32.3166666667,41.1783230238,0.0000000000,82.3566460475
blind_test,2381,RegionC,BatchInference,81.1333333333,82.1023548255,0.0000000000,164.2047096511
blind_test,2381,RegionC,AITraining,160.9333333333,284.5316635835,0.0000000000,569.0633271670
blind_test,2381,RegionD,RealTimeInference,0.0000000000,11.4688413348,0.0000000000,22.9376826697
blind_test,2381,RegionD,BatchInference,0.0000000000,167.2810836365,0.0000000000,334.5621672731
blind_test,2381,RegionD,AITraining,814.2500000000,805.7397364800,0.0000000000,1611.4794729600
blind_test,2381,RegionE,RealTimeInference,0.0000000000,23.3556981775,0.0000000000,46.7113963551
blind_test,2381,RegionE,BatchInference,26.7166666667,101.8462717750,0.0000000000,203.6925435499
blind_test,2381,RegionE,AITraining,949.3833333333,878.8663858166,41.2535498183,1716.4792218148
blind_test,2381,RegionF,RealTimeInference,0.0000000000,11.3873319426,0.0000000000,22.7746638852
blind_test,2381,RegionF,BatchInference,0.0000000000,78.0783105375,0.0000000000,156.1566210750
blind_test,2381,RegionF,AITraining,290.9666666667,679.0673028152,0.0000000000,1358.1346056304
blind_test,2382,RegionA,RealTimeInference,0.8833333333,50.1247359422,0.0000000000,100.2494718844
blind_test,2382,RegionA,BatchInference,98.7333333333,119.5588778666,0.0000000000,239.1177557332
blind_test,2382,RegionA,AITraining,0.0000000000,331.3830276093,0.0000000000,662.7660552187
blind_test,2382,RegionB,RealTimeInference,33.1333333333,41.8908707964,0.0000000000,83.7817415928
blind_test,2382,RegionB,BatchInference,43.3333333333,121.4539846595,0.0000000000,242.9079693191
blind_test,2382,RegionB,AITraining,0.0000000000,315.4530956357,0.0000000000,630.9061912713
blind_test,2382,RegionC,RealTimeInference,30.4333333333,41.2305449196,0.0000000000,82.4610898391
blind_test,2382,RegionC,BatchInference,69.4000000000,85.1103674287,0.0000000000,170.2207348575
blind_test,2382,RegionC,AITraining,150.7500000000,285.0046117605,0.0000000000,570.0092235210
blind_test,2382,RegionD,RealTimeInference,4.7833333333,9.9674401517,0.0000000000,19.9348803033
blind_test,2382,RegionD,BatchInference,44.7166666667,116.1997512496,0.0000000000,232.3995024993
blind_test,2382,RegionD,AITraining,207.3500000000,931.9110814323,0.0000000000,1863.8221628647
blind_test,2382,RegionE,RealTimeInference,25.7000000000,16.2795861590,0.0000000000,32.5591723180
blind_test,2382,RegionE,BatchInference,47.5333333333,91.5546010162,0.0000000000,183.1092020324
blind_test,2382,RegionE,AITraining,0.0000000000,655.6682670817,0.0000000000,1311.3365341634
blind_test,2382,RegionF,RealTimeInference,5.5000000000,11.7261203221,0.0000000000,23.4522406443
blind_test,2382,RegionF,BatchInference,0.0000000000,124.1114568765,12.9286873118,235.2942264411
blind_test,2382,RegionF,AITraining,226.5000000000,542.5860441367,0.0000000000,1085.1720882735
blind_test,2383,RegionA,RealTimeInference,59.9000000000,53.0724664180,0.0000000000,106.1449328360
blind_test,2383,RegionA,BatchInference,47.5333333333,122.8024573474,0.0000000000,245.6049146949
blind_test,2383,RegionA,AITraining,0.0000000000,318.2399634584,0.0000000000,636.4799269169
blind_test,2383,RegionB,RealTimeInference,24.1333333333,42.5306355472,0.0000000000,85.0612710944
blind_test,2383,RegionB,BatchInference,179.3500000000,146.5597823767,0.0000000000,293.1195647534
blind_test,2383,RegionB,AITraining,0.0000000000,286.8873843116,0.0000000000,573.7747686233
blind_test,2383,RegionC,RealTimeInference,8.4000000000,35.1130735786,0.0635389062,70.1626082511
blind_test,2383,RegionC,BatchInference,0.0000000000,89.5385935089,0.0000000000,179.0771870179
blind_test,2383,RegionC,AITraining,0.0000000000,284.7071747437,0.0000000000,569.4143494873
blind_test,2383,RegionD,RealTimeInference,0.0000000000,11.8941137586,0.0000000000,23.7882275171
blind_test,2383,RegionD,BatchInference,28.6333333333,117.1498791088,0.0000000000,234.2997582176
blind_test,2383,RegionD,AITraining,130.6666666667,778.7905004397,0.0000000000,1557.5810008794
blind_test,2383,RegionE,RealTimeInference,0.0000000000,14.5932792302,0.0000000000,29.1865584605
blind_test,2383,RegionE,BatchInference,30.5666666667,90.9559267468,0.0000000000,181.9118534937
blind_test,2383,RegionE,AITraining,1330.2666666667,793.6350121466,0.0000000000,1587.2700242932
blind_test,2383,RegionF,RealTimeInference,0.0000000000,12.2664339458,0.0000000000,24.5328678915
blind_test,2383,RegionF,BatchInference,0.0000000000,125.3549344587,0.0000000000,250.7098689175
blind_test,2383,RegionF,AITraining,467.8166666667,651.9500323564,0.0000000000,1303.9000647129
blind_test,2384,RegionA,RealTimeInference,39.6000000000,58.3553286211,0.0000000000,116.7106572423
blind_test,2384,RegionA,BatchInference,0.0000000000,123.7059450414,0.0000000000,247.4118900828
blind_test,2384,RegionA,AITraining,0.0000000000,297.2962270124,0.0000000000,594.5924540248
blind_test,2384,RegionB,RealTimeInference,9.0000000000,42.8825374631,0.0000000000,85.7650749261
blind_test,2384,RegionB,BatchInference,0.0000000000,158.3984728432,0.0000000000,316.7969456864
blind_test,2384,RegionB,AITraining,150.8000000000,378.0694551124,0.0000000000,756.1389102248
blind_test,2384,RegionC,RealTimeInference,14.6500000000,45.8190566623,1.2618901940,90.3762231305
blind_test,2384,RegionC,BatchInference,53.2666666667,90.0108628058,0.0000000000,180.0217256116
blind_test,2384,RegionC,AITraining,0.0000000000,256.7429644218,0.0000000000,513.4859288437
blind_test,2384,RegionD,RealTimeInference,0.0000000000,11.9736755219,0.0000000000,23.9473510439
blind_test,2384,RegionD,BatchInference,22.6000000000,125.5464478297,0.0000000000,251.0928956594
blind_test,2384,RegionD,AITraining,308.2666666667,866.1070841785,0.0000000000,1732.2141683569
blind_test,2384,RegionE,RealTimeInference,22.8166666667,16.7906893571,0.0000000000,33.5813787142
blind_test,2384,RegionE,BatchInference,15.6000000000,91.5546010162,0.0000000000,183.1092020324
blind_test,2384,RegionE,AITraining,498.6500000000,668.5709468076,0.0000000000,1337.1418936151
blind_test,2384,RegionF,RealTimeInference,0.0000000000,11.8167394476,0.0000000000,23.6334788951
blind_test,2384,RegionF,BatchInference,0.0000000000,84.1347698203,0.0000000000,168.2695396407
blind_test,2384,RegionF,AITraining,893.6666666667,745.7432970094,0.0000000000,1491.4865940188
blind_test,2385,RegionA,RealTimeInference,23.9166666667,55.3653620151,0.0000000000,110.7307240302
blind_test,2385,RegionA,BatchInference,0.0000000000,114.3271210496,0.0000000000,228.6542420992
blind_test,2385,RegionA,AITraining,0.0000000000,299.1729140089,0.0000000000,598.3458280179
blind_test,2385,RegionB,RealTimeInference,44.9000000000,39.1033138375,0.0000000000,78.2066276751
blind_test,2385,RegionB,BatchInference,190.6000000000,122.2342765339,0.0000000000,244.4685530679
blind_test,2385,RegionB,AITraining,0.0000000000,400.8646551651,0.0000000000,801.7293103303
blind_test,2385,RegionC,RealTimeInference,7.5833333333,40.4396024766,0.0000000000,80.8792049532
blind_test,2385,RegionC,BatchInference,167.0833333333,85.0222732554,0.0000000000,170.0445465108
blind_test,2385,RegionC,AITraining,0.0000000000,200.9005568975,0.0000000000,401.8011137950
blind_test,2385,RegionD,RealTimeInference,0.0000000000,14.1649838004,0.0000000000,28.3299676007
blind_test,2385,RegionD,BatchInference,133.9333333333,136.5531446348,0.0000000000,273.1062892696
blind_test,2385,RegionD,AITraining,167.1666666667,959.7646832531,0.0000000000,1919.5293665062
blind_test,2385,RegionE,RealTimeInference,0.0000000000,19.6207914487,0.0000000000,39.2415828973
blind_test,2385,RegionE,BatchInference,0.0000000000,85.0780065422,0.0000000000,170.1560130845
blind_test,2385,RegionE,AITraining,273.8666666667,817.7545304166,0.0000000000,1635.5090608332
blind_test,2385,RegionF,RealTimeInference,35.5833333333,10.1395618208,0.0000000000,20.2791236416
blind_test,2385,RegionF,BatchInference,0.0000000000,89.6750516516,0.0000000000,179.3501033032
blind_test,2385,RegionF,AITraining,1313.9500000000,813.7536622867,0.0000000000,1627.5073245733
blind_test,2386,RegionA,RealTimeInference,10.1666666667,64.1146384328,3.4442948624,124.7849820031
blind_test,2386,RegionA,BatchInference,78.2500000000,117.6389758065,0.0000000000,235.2779516130
blind_test,2386,RegionA,AITraining,0.0000000000,300.0587935351,0.0000000000,600.1175870702
blind_test,2386,RegionB,RealTimeInference,59.6833333333,49.1391939742,0.5599952561,97.7183926923
blind_test,2386,RegionB,BatchInference,209.9000000000,110.8726579007,0.0000000000,221.7453158014
blind_test,2386,RegionB,AITraining,372.9000000000,308.9713033822,0.0000000000,617.9426067644
blind_test,2386,RegionC,RealTimeInference,23.5666666667,40.9179465716,0.0000000000,81.8358931432
blind_test,2386,RegionC,BatchInference,42.9333333333,93.1621697754,0.0000000000,186.3243395509
blind_test,2386,RegionC,AITraining,0.0000000000,283.1578872302,0.0000000000,566.3157744604
blind_test,2386,RegionD,RealTimeInference,13.3333333333,11.1710714772,0.0000000000,22.3421429544
blind_test,2386,RegionD,BatchInference,179.5500000000,129.6352426369,0.0000000000,259.2704852737
blind_test,2386,RegionD,AITraining,309.3333333333,900.2931768922,0.0000000000,1800.5863537843
blind_test,2386,RegionE,RealTimeInference,0.0000000000,15.4722054936,0.0000000000,30.9444109872
blind_test,2386,RegionE,BatchInference,45.9000000000,94.7574662060,0.0000000000,189.5149324120
blind_test,2386,RegionE,AITraining,259.7666666667,661.7093444406,0.0000000000,1323.4186888811
blind_test,2386,RegionF,RealTimeInference,0.0000000000,13.2449167021,0.0000000000,26.4898334042
blind_test,2386,RegionF,BatchInference,63.4000000000,84.4722289338,0.0000000000,168.9444578676
blind_test,2386,RegionF,AITraining,475.2333333333,664.5289742680,0.0000000000,1329.0579485361
blind_test,2387,RegionA,RealTimeInference,17.4500000000,59.6312499588,0.0000000000,119.2624999176
blind_test,2387,RegionA,BatchInference,9.3500000000,124.5695889076,0.0000000000,249.1391778153
blind_test,2387,RegionA,AITraining,0.0000000000,336.1842481920,0.0000000000,672.3684963840
blind_test,2387,RegionB,RealTimeInference,30.7000000000,48.7122027763,0.0000000000,97.4244055526
blind_test,2387,RegionB,BatchInference,144.9833333333,109.8370992128,0.0000000000,219.6741984256
blind_test,2387,RegionB,AITraining,0.0000000000,284.0600221674,0.0000000000,568.1200443348
blind_test,2387,RegionC,RealTimeInference,73.9166666667,38.1134378465,0.0000000000,76.2268756930
blind_test,2387,RegionC,BatchInference,0.0000000000,83.4436823728,0.0000000000,166.8873647457
blind_test,2387,RegionC,AITraining,282.1000000000,281.3890091346,0.0000000000,562.7780182692
blind_test,2387,RegionD,RealTimeInference,0.0000000000,13.7463954976,0.0374366105,27.4553543847
blind_test,2387,RegionD,BatchInference,93.5000000000,113.9786052108,0.0000000000,227.9572104217
blind_test,2387,RegionD,AITraining,247.9333333333,1191.3530205350,0.0000000000,2382.7060410700
blind_test,2387,RegionE,RealTimeInference,0.0000000000,15.8400728576,0.0000000000,31.6801457152
blind_test,2387,RegionE,BatchInference,197.1833333333,94.8672035698,0.0000000000,189.7344071395
blind_test,2387,RegionE,AITraining,1591.2166666667,753.1173241339,0.0000000000,1506.2346482678
blind_test,2387,RegionF,RealTimeInference,0.0000000000,14.7296025791,0.0000000000,29.4592051582
blind_test,2387,RegionF,BatchInference,0.0000000000,79.5594206890,0.0000000000,159.1188413779
blind_test,2387,RegionF,AITraining,966.8333333333,761.0042248209,0.0000000000,1522.0084496417
blind_test,2388,RegionA,RealTimeInference,49.5333333333,67.8443187885,0.0000000000,135.6886375770
blind_test,2388,RegionA,BatchInference,345.5500000000,122.0944272004,0.0000000000,244.1888544007
blind_test,2388,RegionA,AITraining,101.2833333333,310.9622758651,0.0000000000,621.9245517303
blind_test,2388,RegionB,RealTimeInference,2.2833333333,64.1709206589,0.0000000000,128.3418413177
blind_test,2388,RegionB,BatchInference,22.0000000000,112.2769466451,0.0000000000,224.5538932903
blind_test,2388,RegionB,AITraining,0.0000000000,287.8982256010,0.0000000000,575.7964512020
blind_test,2388,RegionC,RealTimeInference,0.0000000000,46.6856541001,0.0000000000,93.3713082002
blind_test,2388,RegionC,BatchInference,103.3500000000,90.7154935240,0.0000000000,181.4309870480
blind_test,2388,RegionC,AITraining,0.0000000000,240.6557731227,0.0000000000,481.3115462454
blind_test,2388,RegionD,RealTimeInference,0.0000000000,12.2127263704,0.0000000000,24.4254527409
blind_test,2388,RegionD,BatchInference,164.3833333333,120.3518806448,0.0000000000,240.7037612895
blind_test,2388,RegionD,AITraining,251.7333333333,891.6989725381,0.0000000000,1783.3979450763
blind_test,2388,RegionE,RealTimeInference,0.0000000000,17.8949648334,0.0000000000,35.7899296667
blind_test,2388,RegionE,BatchInference,0.0000000000,96.5171868898,0.0000000000,193.0343737796
blind_test,2388,RegionE,AITraining,0.0000000000,751.8758769540,0.0000000000,1503.7517539080
blind_test,2388,RegionF,RealTimeInference,0.0000000000,13.7690754061,0.0000000000,27.5381508121
blind_test,2388,RegionF,BatchInference,0.0000000000,90.5191346052,0.0000000000,181.0382692105
blind_test,2388,RegionF,AITraining,1541.2500000000,729.8784913449,0.0000000000,1459.7569826898
blind_test,2389,RegionA,RealTimeInference,43.6666666667,53.0036927555,0.0000000000,106.0073855110
blind_test,2389,RegionA,BatchInference,57.7500000000,113.2694980458,0.0000000000,226.5389960915
blind_test,2389,RegionA,AITraining,0.0000000000,302.0870751647,0.0000000000,604.1741503294
blind_test,2389,RegionB,RealTimeInference,0.0000000000,62.2968870468,0.0000000000,124.5937740936
blind_test,2389,RegionB,BatchInference,71.9333333333,103.6836865239,0.0000000000,207.3673730478
blind_test,2389,RegionB,AITraining,135.7000000000,299.3548529618,0.0000000000,598.7097059236
blind_test,2389,RegionC,RealTimeInference,16.5666666667,40.6223099771,0.0000000000,81.2446199542
blind_test,2389,RegionC,BatchInference,3.6000000000,84.3763044656,0.0000000000,168.7526089311
blind_test,2389,RegionC,AITraining,0.0000000000,284.3183822556,0.0000000000,568.6367645111
blind_test,2389,RegionD,RealTimeInference,0.0000000000,10.3091992847,0.0000000000,20.6183985694
blind_test,2389,RegionD,BatchInference,0.0000000000,138.0940898819,0.0000000000,276.1881797639
blind_test,2389,RegionD,AITraining,687.9666666667,852.5085369978,0.0000000000,1705.0170739956
blind_test,2389,RegionE,RealTimeInference,0.0000000000,15.3571037476,0.0000000000,30.7142074952
blind_test,2389,RegionE,BatchInference,121.3666666667,86.4548417651,0.0000000000,172.9096835302
blind_test,2389,RegionE,AITraining,463.6500000000,676.2728866896,0.0000000000,1352.5457733791
blind_test,2389,RegionF,RealTimeInference,0.0000000000,12.4375282010,0.5107208607,24.3643355414
blind_test,2389,RegionF,BatchInference,20.4166666667,84.1426773487,0.0000000000,168.2853546974
blind_test,2389,RegionF,AITraining,270.6000000000,694.5047204392,0.0000000000,1389.0094408783
blind_test,2390,RegionA,RealTimeInference,0.0000000000,52.8924662812,0.0000000000,105.7849325624
blind_test,2390,RegionA,BatchInference,90.7166666667,123.9115073104,0.0000000000,247.8230146207
blind_test,2390,RegionA,AITraining,0.0000000000,305.9328241321,0.0000000000,611.8656482643
blind_test,2390,RegionB,RealTimeInference,41.4666666667,45.2497349366,0.0000000000,90.4994698732
blind_test,2390,RegionB,BatchInference,67.9000000000,155.8863153167,0.0000000000,311.7726306335
blind_test,2390,RegionB,AITraining,0.0000000000,281.5548870242,0.0000000000,563.1097740483
blind_test,2390,RegionC,RealTimeInference,38.4500000000,35.8218349809,0.0000000000,71.6436699618
blind_test,2390,RegionC,BatchInference,0.0000000000,93.7723877003,0.0000000000,187.5447754005
blind_test,2390,RegionC,AITraining,0.0000000000,287.6564275727,0.0000000000,575.3128551454
blind_test,2390,RegionD,RealTimeInference,0.0000000000,12.3427501811,0.0000000000,24.6855003622
blind_test,2390,RegionD,BatchInference,193.6500000000,123.5054373497,0.0000000000,247.0108746994
blind_test,2390,RegionD,AITraining,1428.1500000000,935.1525210947,0.0000000000,1870.3050421894
blind_test,2390,RegionE,RealTimeInference,0.0000000000,16.1081422603,0.0000000000,32.2162845207
blind_test,2390,RegionE,BatchInference,48.0000000000,91.7890649963,0.0000000000,183.5781299925
blind_test,2390,RegionE,AITraining,1664.4833333333,664.0503481441,0.0000000000,1328.1006962883
blind_test,2390,RegionF,RealTimeInference,0.0000000000,11.5921303622,0.0000000000,23.1842607244
blind_test,2390,RegionF,BatchInference,93.5000000000,79.1578506321,0.0000000000,158.3157012641
blind_test,2390,RegionF,AITraining,259.5500000000,730.0228416216,0.0000000000,1460.0456832432
blind_test,2391,RegionA,RealTimeInference,31.0166666667,50.6062135946,0.0000000000,101.2124271892
blind_test,2391,RegionA,BatchInference,172.5666666667,188.1590468128,0.0000000000,376.3180936255
blind_test,2391,RegionA,AITraining,62.2833333333,305.6253746259,0.0000000000,611.2507492519
blind_test,2391,RegionB,RealTimeInference,20.7500000000,60.5467001090,0.0000000000,121.0934002180
blind_test,2391,RegionB,BatchInference,65.8833333333,109.5135943124,0.0000000000,219.0271886248
blind_test,2391,RegionB,AITraining,314.3000000000,316.8941370817,0.0000000000,633.7882741633
blind_test,2391,RegionC,RealTimeInference,23.6666666667,37.4027541985,0.0000000000,74.8055083970
blind_test,2391,RegionC,BatchInference,0.0000000000,91.2664203974,0.0000000000,182.5328407948
blind_test,2391,RegionC,AITraining,0.0000000000,193.5863953254,0.0000000000,387.1727906509
blind_test,2391,RegionD,RealTimeInference,9.3333333333,12.5512739600,0.0000000000,25.1025479199
blind_test,2391,RegionD,BatchInference,0.0000000000,122.4182989896,0.0000000000,244.8365979792
blind_test,2391,RegionD,AITraining,619.8333333333,916.2193799014,0.0000000000,1832.4387598028
blind_test,2391,RegionE,RealTimeInference,7.2500000000,19.6677566603,0.0000000000,39.3355133206
blind_test,2391,RegionE,BatchInference,58.8000000000,81.0722523482,0.0000000000,162.1445046964
blind_test,2391,RegionE,AITraining,1232.5333333333,686.8294287944,0.0000000000,1373.6588575889
blind_test,2391,RegionF,RealTimeInference,0.0000000000,13.2520637091,0.0000000000,26.5041274181
blind_test,2391,RegionF,BatchInference,41.3000000000,83.2700158843,0.0000000000,166.5400317686
blind_test,2391,RegionF,AITraining,116.9666666667,758.7188861900,0.0000000000,1517.4377723799
blind_test,2392,RegionA,RealTimeInference,26.8333333333,51.6978372560,0.0000000000,103.3956745119
blind_test,2392,RegionA,BatchInference,126.8166666667,127.8240052614,0.0000000000,255.6480105228
blind_test,2392,RegionA,AITraining,0.0000000000,298.0864096788,0.0000000000,596.1728193576
blind_test,2392,RegionB,RealTimeInference,12.8666666667,46.6361481043,0.0000000000,93.2722962086
blind_test,2392,RegionB,BatchInference,25.7333333333,153.5081953809,0.0000000000,307.0163907618
blind_test,2392,RegionB,AITraining,0.0000000000,268.5841325681,0.0000000000,537.1682651363
blind_test,2392,RegionC,RealTimeInference,8.5333333333,38.4794798360,0.0000000000,76.9589596721
blind_test,2392,RegionC,BatchInference,25.9000000000,98.6728840084,0.0000000000,197.3457680167
blind_test,2392,RegionC,AITraining,100.5000000000,278.9792328777,0.0000000000,557.9584657554
blind_test,2392,RegionD,RealTimeInference,0.0000000000,15.4696351649,0.1014305337,30.8378397960
blind_test,2392,RegionD,BatchInference,130.1833333333,115.4408808800,0.0000000000,230.8817617600
blind_test,2392,RegionD,AITraining,899.6833333333,1084.5823094194,0.0000000000,2169.1646188388
blind_test,2392,RegionE,RealTimeInference,9.5833333333,16.1266447405,0.0000000000,32.2532894810
blind_test,2392,RegionE,BatchInference,8.1000000000,93.7982944998,0.0000000000,187.5965889996
blind_test,2392,RegionE,AITraining,391.7333333333,699.8571812775,0.0000000000,1399.7143625550
blind_test,2392,RegionF,RealTimeInference,3.3500000000,14.0314771978,0.3315321749,27.7314222207
blind_test,2392,RegionF,BatchInference,0.0000000000,84.0542139636,0.0000000000,168.1084279272
blind_test,2392,RegionF,AITraining,808.7666666667,660.0468580642,0.0000000000,1320.0937161284
blind_test,2393,RegionA,RealTimeInference,75.1500000000,53.4766762097,0.0000000000,106.9533524194
blind_test,2393,RegionA,BatchInference,30.7500000000,139.1724133185,0.0000000000,278.3448266370
blind_test,2393,RegionA,AITraining,0.0000000000,323.8264348870,0.0000000000,647.6528697740
blind_test,2393,RegionB,RealTimeInference,48.9500000000,42.4387923197,0.0000000000,84.8775846393
blind_test,2393,RegionB,BatchInference,0.0000000000,110.4650308401,0.0000000000,220.9300616802
blind_test,2393,RegionB,AITraining,0.0000000000,294.9888768066,0.0000000000,589.9777536132
blind_test,2393,RegionC,RealTimeInference,22.6666666667,38.2693247640,0.0000000000,76.5386495280
blind_test,2393,RegionC,BatchInference,44.4000000000,103.2353160895,0.0000000000,206.4706321790
blind_test,2393,RegionC,AITraining,0.0000000000,279.1184550341,0.0000000000,558.2369100682
blind_test,2393,RegionD,RealTimeInference,0.0000000000,17.4712148969,0.0445186918,34.8979111019
blind_test,2393,RegionD,BatchInference,19.3833333333,141.2442496871,0.0000000000,282.4884993743
blind_test,2393,RegionD,AITraining,9.1666666667,801.1076006428,0.0000000000,1602.2152012857
blind_test,2393,RegionE,RealTimeInference,0.0000000000,18.0266588361,15.1158326687,20.9374850035
blind_test,2393,RegionE,BatchInference,0.0000000000,88.6855221252,0.0000000000,177.3710442504
blind_test,2393,RegionE,AITraining,0.0000000000,675.2700256586,0.0000000000,1350.5400513172
blind_test,2393,RegionF,RealTimeInference,0.0000000000,14.1272675815,0.0000000000,28.2545351630
blind_test,2393,RegionF,BatchInference,46.3666666667,78.7010491871,0.0000000000,157.4020983741
blind_test,2393,RegionF,AITraining,815.9000000000,816.6371194019,0.0000000000,1633.2742388039
blind_test,2394,RegionA,RealTimeInference,15.4333333333,60.1492693640,0.0000000000,120.2985387280
blind_test,2394,RegionA,BatchInference,17.8666666667,127.0933311491,0.0000000000,254.1866622981
blind_test,2394,RegionA,AITraining,0.0000000000,357.2111537161,0.0000000000,714.4223074322
blind_test,2394,RegionB,RealTimeInference,21.9833333333,47.7812624560,0.0000000000,95.5625249121
blind_test,2394,RegionB,BatchInference,292.3666666667,101.7458624810,0.0000000000,203.4917249620
blind_test,2394,RegionB,AITraining,0.0000000000,299.3385810347,0.0000000000,598.6771620694
blind_test,2394,RegionC,RealTimeInference,0.0000000000,42.0446899349,0.0000000000,84.0893798697
blind_test,2394,RegionC,BatchInference,0.0000000000,85.7890253637,0.0000000000,171.5780507273
blind_test,2394,RegionC,AITraining,0.0000000000,279.1965342526,0.0000000000,558.3930685052
blind_test,2394,RegionD,RealTimeInference,0.0000000000,12.1642693524,0.0000000000,24.3285387048
blind_test,2394,RegionD,BatchInference,183.9333333333,129.1432089019,0.0000000000,258.2864178038
blind_test,2394,RegionD,AITraining,767.1000000000,907.8205470828,0.0000000000,1815.6410941656
blind_test,2394,RegionE,RealTimeInference,0.0000000000,9.2988202148,0.0593586777,18.5382817520
blind_test,2394,RegionE,BatchInference,100.5833333333,91.4152833895,0.0000000000,182.8305667790
blind_test,2394,RegionE,AITraining,1336.7333333333,730.0560803331,0.0000000000,1460.1121606662
blind_test,2394,RegionF,RealTimeInference,0.0000000000,13.1322296882,0.0000000000,26.2644593763
blind_test,2394,RegionF,BatchInference,113.0500000000,76.4832267967,0.0000000000,152.9664535934
blind_test,2394,RegionF,AITraining,1152.4500000000,720.5139841784,0.0000000000,1441.0279683567
blind_test,2395,RegionA,RealTimeInference,23.7000000000,53.0214333274,0.0000000000,106.0428666547
blind_test,2395,RegionA,BatchInference,114.3166666667,116.1586469391,0.0000000000,232.3172938782
blind_test,2395,RegionA,AITraining,0.0000000000,309.8116595487,0.0000000000,619.6233190974
blind_test,2395,RegionB,RealTimeInference,3.3333333333,60.0696221562,0.0000000000,120.1392443124
blind_test,2395,RegionB,BatchInference,0.0000000000,155.9075303470,0.0000000000,311.8150606939
blind_test,2395,RegionB,AITraining,168.6666666667,248.7970801105,0.0000000000,497.5941602210
blind_test,2395,RegionC,RealTimeInference,14.5833333333,39.0143839220,0.0000000000,78.0287678440
blind_test,2395,RegionC,BatchInference,8.2666666667,82.9694470717,0.0000000000,165.9388941435
blind_test,2395,RegionC,AITraining,0.0000000000,308.3943942666,1.9795483090,614.8092402241
blind_test,2395,RegionD,RealTimeInference,10.4500000000,11.7848018455,0.0000000000,23.5696036910
blind_test,2395,RegionD,BatchInference,142.7000000000,114.5415707598,0.0000000000,229.0831415196
blind_test,2395,RegionD,AITraining,26.1333333333,875.9459519422,0.0000000000,1751.8919038843
blind_test,2395,RegionE,RealTimeInference,0.0000000000,9.7697395750,0.0593586777,19.4801204722
blind_test,2395,RegionE,BatchInference,0.0000000000,91.2706029940,0.0000000000,182.5412059880
blind_test,2395,RegionE,AITraining,709.4000000000,663.2212569913,0.0000000000,1326.4425139827
blind_test,2395,RegionF,RealTimeInference,0.0000000000,15.7790082140,0.7654297365,30.7925866915
blind_test,2395,RegionF,BatchInference,0.0000000000,84.7671736754,0.0000000000,169.5343473508
blind_test,2395,RegionF,AITraining,496.0333333333,588.4294174000,0.0000000000,1176.8588348000
blind_test,2396,RegionA,RealTimeInference,63.1000000000,60.4480994354,0.0000000000,120.8961988708
blind_test,2396,RegionA,BatchInference,38.0000000000,121.3732629237,0.0000000000,242.7465258474
blind_test,2396,RegionA,AITraining,630.1666666667,249.9636250645,0.0000000000,499.9272501289
blind_test,2396,RegionB,RealTimeInference,55.0833333333,44.1886261668,0.0000000000,88.3772523336
blind_test,2396,RegionB,BatchInference,55.8166666667,105.2481003317,0.0000000000,210.4962006633
blind_test,2396,RegionB,AITraining,211.6500000000,213.9262572594,0.0000000000,427.8525145187
blind_test,2396,RegionC,RealTimeInference,21.0833333333,40.3068374721,0.0000000000,80.6136749441
blind_test,2396,RegionC,BatchInference,14.0500000000,88.3496304287,0.0000000000,176.6992608575
blind_test,2396,RegionC,AITraining,0.0000000000,252.9392115073,0.0000000000,505.8784230147
blind_test,2396,RegionD,RealTimeInference,0.0000000000,14.0386606465,0.0000000000,28.0773212929
blind_test,2396,RegionD,BatchInference,276.4666666667,126.3282584476,0.0000000000,252.6565168952
blind_test,2396,RegionD,AITraining,396.8333333333,869.2223044963,0.0000000000,1738.4446089926
blind_test,2396,RegionE,RealTimeInference,0.0000000000,9.6324033388,0.0593586777,19.2054479999
blind_test,2396,RegionE,BatchInference,58.6666666667,92.2007078589,0.0000000000,184.4014157178
blind_test,2396,RegionE,AITraining,323.2500000000,663.3038387559,0.0000000000,1326.6076775117
blind_test,2396,RegionF,RealTimeInference,0.0000000000,14.6427815545,0.0000000000,29.2855631090
blind_test,2396,RegionF,BatchInference,31.9666666667,84.5880764630,0.0000000000,169.1761529260
blind_test,2396,RegionF,AITraining,785.4000000000,800.3849085440,0.0000000000,1600.7698170881
blind_test,2397,RegionA,RealTimeInference,0.0000000000,53.5000729859,0.0000000000,107.0001459718
blind_test,2397,RegionA,BatchInference,129.3833333333,112.7027260101,0.0000000000,225.4054520203
blind_test,2397,RegionA,AITraining,284.3333333333,234.4216109878,0.0000000000,468.8432219757
blind_test,2397,RegionB,RealTimeInference,23.7000000000,40.9859150967,0.0000000000,81.9718301934
blind_test,2397,RegionB,BatchInference,12.6666666667,152.4622742560,0.0000000000,304.9245485121
blind_test,2397,RegionB,AITraining,0.0000000000,223.2234765572,11.3455371418,435.1014159726
blind_test,2397,RegionC,RealTimeInference,0.0000000000,38.2135708379,0.0000000000,76.4271416757
blind_test,2397,RegionC,BatchInference,45.3333333333,85.4393802827,0.0000000000,170.8787605655
blind_test,2397,RegionC,AITraining,0.0000000000,199.8026735880,0.0000000000,399.6053471760
blind_test,2397,RegionD,RealTimeInference,0.0000000000,11.6622491594,0.0000000000,23.3244983188
blind_test,2397,RegionD,BatchInference,41.9333333333,114.8254324513,0.0000000000,229.6508649027
blind_test,2397,RegionD,AITraining,84.4833333333,936.1781696658,0.0000000000,1872.3563393316
blind_test,2397,RegionE,RealTimeInference,0.0000000000,9.4260181851,0.0593586777,18.7926776926
blind_test,2397,RegionE,BatchInference,102.4833333333,159.4462367141,0.0000000000,318.8924734281
blind_test,2397,RegionE,AITraining,456.5166666667,697.6712812713,0.0000000000,1395.3425625427
blind_test,2397,RegionF,RealTimeInference,0.0000000000,12.4584675682,0.0000000000,24.9169351364
blind_test,2397,RegionF,BatchInference,96.4833333333,88.1214623409,0.0000000000,176.2429246818
blind_test,2397,RegionF,AITraining,322.8666666667,856.2377577523,0.0000000000,1712.4755155046
blind_test,2398,RegionA,RealTimeInference,23.6666666667,91.7842046412,0.0000000000,183.5684092823
blind_test,2398,RegionA,BatchInference,0.0000000000,117.6275204277,0.0000000000,235.2550408553
blind_test,2398,RegionA,AITraining,0.0000000000,282.7790356903,0.0000000000,565.5580713807
blind_test,2398,RegionB,RealTimeInference,18.7833333333,61.0927978520,0.0000000000,122.1855957041
blind_test,2398,RegionB,BatchInference,44.1000000000,107.6796781527,0.0000000000,215.3593563055
blind_test,2398,RegionB,AITraining,11.7333333333,383.6269377874,9.9209103192,757.3329652557
blind_test,2398,RegionC,RealTimeInference,38.4000000000,47.2499610748,0.0000000000,94.4999221496
blind_test,2398,RegionC,BatchInference,0.0000000000,85.9559383329,0.0000000000,171.9118766657
blind_test,2398,RegionC,AITraining,93.3333333333,274.6742800485,0.0000000000,549.3485600971
blind_test,2398,RegionD,RealTimeInference,9.3000000000,10.8321453340,0.0000000000,21.6642906679
blind_test,2398,RegionD,BatchInference,46.5666666667,140.0817603899,0.0000000000,280.1635207798
blind_test,2398,RegionD,AITraining,1450.9000000000,890.9526969367,0.0000000000,1781.9053938734
blind_test,2398,RegionE,RealTimeInference,0.0000000000,9.4501771880,0.0593586777,18.8409956982
blind_test,2398,RegionE,BatchInference,107.3500000000,95.5584569496,0.0000000000,191.1169138992
blind_test,2398,RegionE,AITraining,889.3166666667,789.1928420907,0.0000000000,1578.3856841813
blind_test,2398,RegionF,RealTimeInference,10.0000000000,13.9966044071,0.4030922202,27.5901165939
blind_test,2398,RegionF,BatchInference,47.5000000000,84.1443515914,0.0000000000,168.2887031828
blind_test,2398,RegionF,AITraining,671.0000000000,695.4879897482,0.0000000000,1390.9759794964
blind_test,2399,RegionA,RealTimeInference,26.4000000000,88.1081900443,0.0000000000,176.2163800887
blind_test,2399,RegionA,BatchInference,0.0000000000,178.0394952046,0.0000000000,356.0789904093
blind_test,2399,RegionA,AITraining,0.0000000000,249.2646384451,0.0000000000,498.5292768902
blind_test,2399,RegionB,RealTimeInference,1.6833333333,41.4838100044,0.0000000000,82.9676200087
blind_test,2399,RegionB,BatchInference,264.3333333333,107.9715693335,0.0000000000,215.9431386671
blind_test,2399,RegionB,AITraining,0.0000000000,221.7681476450,0.0000000000,443.5362952900
blind_test,2399,RegionC,RealTimeInference,38.6833333333,40.0129830521,0.0000000000,80.0259661041
blind_test,2399,RegionC,BatchInference,62.7000000000,82.5590120692,0.0000000000,165.1180241385
blind_test,2399,RegionC,AITraining,144.9166666667,274.7698113416,0.0000000000,549.5396226831
blind_test,2399,RegionD,RealTimeInference,0.0000000000,10.9890032709,0.0000000000,21.9780065418
blind_test,2399,RegionD,BatchInference,0.0000000000,176.8556239482,0.0000000000,353.7112478965
blind_test,2399,RegionD,AITraining,0.0000000000,865.2295908313,0.0000000000,1730.4591816627
blind_test,2399,RegionE,RealTimeInference,17.6666666667,9.4602937172,0.0593586777,18.8612287566
blind_test,2399,RegionE,BatchInference,62.0500000000,160.9047926922,0.0000000000,321.8095853843
blind_test,2399,RegionE,AITraining,707.2500000000,658.4813977495,0.0000000000,1316.9627954989
blind_test,2399,RegionF,RealTimeInference,0.8500000000,40.3083033105,38.1058775464,42.5107290747
blind_test,2399,RegionF,BatchInference,0.0000000000,89.0857424515,0.0000000000,178.1714849031
blind_test,2399,RegionF,AITraining,546.2166666667,714.6656343864,0.0000000000,1429.3312687729
