period,method,region,task_type,mae_gpu_h,rmse_gpu_h,wape,mase_24h,actual_total_gpu_h,coverage_95,mean_interval_width_gpu_h
validation,seasonal_baseline,RegionA,RealTimeInference,25.3527777778,32.0136313559,0.9520431846,0.8606326141,639.1166666667,1.0000000000,906.3708034290
validation,seasonal_baseline,RegionA,BatchInference,78.2993055556,101.3309856156,1.5575278695,1.0834699619,1206.5166666667,1.0000000000,2803.2933080808
validation,seasonal_baseline,RegionA,AITraining,196.8902777778,328.3306722255,6.1260992632,1.3367291365,771.3500000000,1.0000000000,961.5618055556
validation,seasonal_baseline,RegionB,RealTimeInference,24.9916666667,29.4216119545,0.7540859945,0.9180665363,795.4000000000,1.0000000000,1072.7747235513
validation,seasonal_baseline,RegionB,BatchInference,69.2111111111,95.7993552083,1.2669098860,0.9680966193,1311.1166666667,1.0000000000,2737.3067231526
validation,seasonal_baseline,RegionB,AITraining,140.6409722222,224.3004807905,1.4278069965,0.9506612400,2364.0333333333,1.0000000000,1037.3806505848
validation,seasonal_baseline,RegionC,RealTimeInference,17.2069444444,21.8786896359,0.6767356749,0.7041254395,610.2333333333,1.0000000000,725.6010273791
validation,seasonal_baseline,RegionC,BatchInference,66.5875000000,96.1224455423,2.5286392405,1.0973678463,632.0000000000,1.0000000000,2022.0283173844
validation,seasonal_baseline,RegionC,AITraining,141.2326388889,250.5359131174,2.3177166431,1.0140812063,1462.4666666667,1.0000000000,1040.7687553163
validation,seasonal_baseline,RegionD,RealTimeInference,3.3083333333,7.7781314404,2.1615245009,0.6705944838,36.7333333333,0.7500000000,3.9268880471
validation,seasonal_baseline,RegionD,BatchInference,75.6569444444,103.9245553007,0.9852679177,1.0418179857,1842.9166666667,1.0000000000,2469.0906200159
validation,seasonal_baseline,RegionD,AITraining,481.4930555556,607.5728801734,1.0850242090,0.9064556361,10650.3000000000,1.0000000000,17411.3278694843
validation,seasonal_baseline,RegionE,RealTimeInference,6.6881944444,11.9926959832,2.3797874969,1.0205283942,67.4500000000,0.7500000000,9.7853362573
validation,seasonal_baseline,RegionE,BatchInference,55.6277777778,80.1237132271,1.2355055140,1.0517101195,1080.5833333333,1.0000000000,1932.6153821106
validation,seasonal_baseline,RegionE,AITraining,455.9236111111,617.3774015536,1.0065495555,1.1019175176,10870.9666666667,1.0000000000,15384.1076315789
validation,seasonal_baseline,RegionF,RealTimeInference,4.5055555556,8.3863411326,2.2105621806,0.8609530272,48.9166666667,0.7083333333,5.2508897777
validation,seasonal_baseline,RegionF,BatchInference,58.5715277778,82.5259348265,1.6048215237,1.1524835543,875.9333333333,1.0000000000,1416.2088244285
validation,seasonal_baseline,RegionF,AITraining,405.0027777778,555.1486219923,0.8334771996,0.9258279134,11662.0666666667,1.0000000000,10526.1790311005
validation,shared_hgbr_reconciled,RegionA,RealTimeInference,19.3669068331,25.3846301202,0.7272627804,0.6574345344,639.1166666667,0.8750000000,73.3049662173
validation,shared_hgbr_reconciled,RegionA,BatchInference,55.7300546798,67.1876052010,1.1085808835,0.7711669956,1206.5166666667,1.0000000000,279.9453748769
validation,shared_hgbr_reconciled,RegionA,AITraining,144.2978198960,192.9376202042,4.4897227945,0.9796679773,771.3500000000,0.8333333333,424.1359395474
validation,shared_hgbr_reconciled,RegionB,RealTimeInference,25.8939830171,28.8711301197,0.7813120347,0.9512130429,795.4000000000,1.0000000000,123.8380455910
validation,shared_hgbr_reconciled,RegionB,BatchInference,72.4754643048,87.7677463276,1.3266638946,1.0137570522,1311.1166666667,1.0000000000,322.0761092407
validation,shared_hgbr_reconciled,RegionB,AITraining,137.6806964998,188.0441155676,1.3977538596,0.9306512860,2364.0333333333,0.8333333333,359.5393798146
validation,shared_hgbr_reconciled,RegionC,RealTimeInference,16.7027068407,22.1439368811,0.6569044041,0.6834915306,610.2333333333,0.9583333333,88.8008948490
validation,shared_hgbr_reconciled,RegionC,BatchInference,44.7367595549,51.3571577829,1.6988642869,0.7372657253,632.0000000000,1.0000000000,212.1218770983
validation,shared_hgbr_reconciled,RegionC,AITraining,138.8965170089,179.2583135516,2.2793794103,0.9973073407,1462.4666666667,1.0000000000,616.5177195081
validation,shared_hgbr_reconciled,RegionD,RealTimeInference,4.0532415433,6.2281020691,2.6482158904,0.8215863236,36.7333333333,0.9583333333,12.2014770451
validation,shared_hgbr_reconciled,RegionD,BatchInference,61.9734478332,80.2038602729,0.8070699967,0.8533922836,1842.9166666667,0.9583333333,254.2764329023
validation,shared_hgbr_reconciled,RegionD,AITraining,364.4522512083,433.5988870831,0.8212777132,0.6861153934,10650.3000000000,1.0000000000,1900.3930147254
validation,shared_hgbr_reconciled,RegionE,RealTimeInference,5.4642724627,7.2334200014,1.9442926480,0.8337743838,67.4500000000,0.9583333333,20.1206807739
validation,shared_hgbr_reconciled,RegionE,BatchInference,46.1505940247,58.7292822491,1.0250151214,0.8725325493,1080.5833333333,1.0000000000,214.6000674778
validation,shared_hgbr_reconciled,RegionE,AITraining,421.6550666233,514.0891331955,0.9308943638,1.0190941925,10870.9666666667,0.9583333333,1657.2060346218
validation,shared_hgbr_reconciled,RegionF,RealTimeInference,3.6203400937,4.8914439436,1.7762486320,0.6917998734,48.9166666667,0.9166666667,12.0748856497
validation,shared_hgbr_reconciled,RegionF,BatchInference,44.7063975207,55.9967120599,1.2249260299,0.8796661086,875.9333333333,0.9583333333,172.9977082953
validation,shared_hgbr_reconciled,RegionF,AITraining,366.3643657202,464.3905419177,0.7539611141,0.8375013083,11662.0666666667,0.9583333333,1447.0776763917
blind_test,seasonal_baseline,RegionA,RealTimeInference,35.8534722222,42.7909957483,1.1766220743,1.2173753407,731.3166666667,1.0000000000,924.7395534290
blind_test,seasonal_baseline,RegionA,BatchInference,79.7479166667,111.8577805391,1.0943006070,1.1043514526,1749.0166666667,1.0000000000,2768.1280303030
blind_test,seasonal_baseline,RegionA,AITraining,82.4111111111,174.6100676958,1.3852547042,0.5607217325,1427.8000000000,1.0000000000,801.1361111111
blind_test,seasonal_baseline,RegionB,RealTimeInference,13.2569444444,16.4431279972,0.5776795981,0.4868298679,550.7666666667,1.0000000000,1070.4747235513
blind_test,seasonal_baseline,RegionB,BatchInference,56.9138888889,84.3278245346,0.6560363735,0.7975863337,2082.1000000000,1.0000000000,2725.7449175970
blind_test,seasonal_baseline,RegionB,AITraining,175.2958333333,273.9997653926,1.8888365098,1.1799339921,2227.3500000000,1.0000000000,1099.8278728070
blind_test,seasonal_baseline,RegionC,RealTimeInference,23.1104166667,30.3011434435,1.0815053134,0.9450064501,512.8500000000,1.0000000000,724.5968607124
blind_test,seasonal_baseline,RegionC,BatchInference,51.9909722222,65.3558196316,1.3085204929,0.8581515771,953.5833333333,1.0000000000,1992.1324840510
blind_test,seasonal_baseline,RegionC,AITraining,138.1145833333,193.9876704451,2.3291641781,0.9920824201,1423.1500000000,1.0000000000,986.6944497608
blind_test,seasonal_baseline,RegionD,RealTimeInference,4.1576388889,8.1835179036,1.3077763215,0.8440874060,76.3000000000,0.6666666667,3.9303920455
blind_test,seasonal_baseline,RegionD,BatchInference,109.0812500000,137.7465233227,1.3267647034,1.5007063101,1973.1833333333,1.0000000000,2457.7468700159
blind_test,seasonal_baseline,RegionD,AITraining,677.8868055556,899.8132968831,1.4530989496,1.2750620904,11196.2666666667,1.0000000000,17376.7660639288
blind_test,seasonal_baseline,RegionE,RealTimeInference,8.8541666667,15.6620390624,2.3867465369,1.3563314464,89.0333333333,0.7083333333,9.6164546784
blind_test,seasonal_baseline,RegionE,BatchInference,60.6673611111,78.9080410779,0.9748044499,1.1446913722,1493.6500000000,1.0000000000,1898.5313543328
blind_test,seasonal_baseline,RegionE,AITraining,528.7611111111,636.8398959177,0.8060997197,1.2756520738,15742.8000000000,1.0000000000,15454.0492982456
blind_test,seasonal_baseline,RegionF,RealTimeInference,6.1958333333,13.0885145438,2.3374377784,1.1913651655,63.6166666667,0.7083333333,5.4154289053
blind_test,seasonal_baseline,RegionF,BatchInference,57.2541666667,77.4508459713,1.8726661518,1.1264501304,733.7666666667,1.0000000000,1415.5595188729
blind_test,seasonal_baseline,RegionF,AITraining,473.1715277778,606.9692901443,0.6695737967,1.0812951057,16960.2166666667,1.0000000000,10437.6762533227
blind_test,shared_hgbr_reconciled,RegionA,RealTimeInference,25.6755413857,29.9716236746,0.8426076163,0.8717920192,731.3166666667,0.9166666667,81.2113529965
blind_test,shared_hgbr_reconciled,RegionA,BatchInference,63.1297298875,83.0132729156,0.8662659117,0.8742223223,1749.0166666667,0.9583333333,252.4898846906
blind_test,shared_hgbr_reconciled,RegionA,AITraining,104.1963240402,161.9934422377,1.7514440236,0.7089474047,1427.8000000000,0.9583333333,362.4509628829
blind_test,shared_hgbr_reconciled,RegionB,RealTimeInference,24.1372999734,45.5094199437,1.0517978564,0.8863851401,550.7666666667,0.9583333333,124.5656904156
blind_test,shared_hgbr_reconciled,RegionB,BatchInference,74.4847376940,98.5237762968,0.8585724531,1.0438226945,2082.1000000000,1.0000000000,308.3714259249
blind_test,shared_hgbr_reconciled,RegionB,AITraining,145.6275896098,194.5634504846,1.5691571377,0.9802340415,2227.3500000000,0.8333333333,375.8703802370
blind_test,shared_hgbr_reconciled,RegionC,RealTimeInference,22.6855033050,30.2725925168,1.0616205115,0.9276313472,512.8500000000,0.9583333333,87.1611209238
blind_test,shared_hgbr_reconciled,RegionC,BatchInference,34.6749747838,44.9917283845,0.8727075712,0.5723375237,953.5833333333,1.0000000000,205.3527265091
blind_test,shared_hgbr_reconciled,RegionC,AITraining,125.7720252366,152.2142473432,2.1210192922,0.9034253456,1423.1500000000,1.0000000000,580.4533004247
blind_test,shared_hgbr_reconciled,RegionD,RealTimeInference,5.0891957978,6.9895017300,1.6007955327,1.0332128870,76.3000000000,0.9166666667,12.7034240507
blind_test,shared_hgbr_reconciled,RegionD,BatchInference,77.7849580281,95.9513477506,0.9461051901,1.0701415444,1973.1833333333,0.9583333333,249.2851211146
blind_test,shared_hgbr_reconciled,RegionD,AITraining,527.2823475864,692.0414941443,1.1302675007,0.9917846562,11196.2666666667,0.9166666667,1833.8287119540
blind_test,shared_hgbr_reconciled,RegionE,RealTimeInference,4.8835570788,7.3829180236,1.3164212268,0.7480909594,89.0333333333,0.9166666667,18.8492211744
blind_test,shared_hgbr_reconciled,RegionE,BatchInference,49.7080484355,67.0372909689,0.7987099806,0.9379075194,1493.6500000000,0.9583333333,211.8483583970
blind_test,shared_hgbr_reconciled,RegionE,AITraining,486.2587375018,601.5436220323,0.7413045773,1.1731138199,15742.8000000000,0.9583333333,1687.8841410968
blind_test,shared_hgbr_reconciled,RegionF,RealTimeInference,5.1073357861,7.7154585666,1.9267915986,0.9820635283,63.6166666667,0.9583333333,13.2919266036
blind_test,shared_hgbr_reconciled,RegionF,BatchInference,41.5802775127,51.5939464497,1.3600054427,0.8180733692,733.7666666667,1.0000000000,164.8722097471
blind_test,shared_hgbr_reconciled,RegionF,AITraining,415.0279130616,546.5211455573,0.5872961478,0.9484248835,16960.2166666667,0.8750000000,1394.1248282469
